{
  "info" : 
  {
    "name" : "${Name} Demo",

    "summary" : "${Name} Demo",
    "description" : "This is a skeleton for a qooxdoo contribution demo.",
    
    "homepage" : "http://demo.qooxdoo.org/contrib/${Name}",

    "license" : "LGPL/EPL",
    "authors" : 
    [
      {
        "name" : "First Author (uid)",
        "email" : "first.author@some.domain"
      }
    ],

    "version" : "trunk",
    "qooxdoo-versions": ["${QOOXDOO_VERSION}"]
  },
  
  "provides" : 
  {
    "namespace"   : "${Namespace}.demo",
    "encoding"    : "utf-8",
    "class"       : "source/class",
    "resource"    : "source/resource",
    "translation" : "source/translation",
    "type"        : "application"
  }
}

