<refentry xmlns="http://docbook.org/ns/docbook"
          xmlns:xlink="http://www.w3.org/1999/xlink"
          xmlns:xi="http://www.w3.org/2001/XInclude"
          xmlns:src="http://nwalsh.com/xmlns/litprog/fragment"
          xmlns:xsl="http://www.w3.org/1999/XSL/Transform"
          version="5.0" xml:id="slides.titlepage.corpauthor.properties">
<refmeta>
<refentrytitle>slides.titlepage.corpauthor.properties</refentrytitle>
<refmiscinfo class="other" otherclass="datatype">attribute set</refmiscinfo>
</refmeta>
<refnamediv>
<refname>slides.titlepage.corpauthor.properties</refname>
<refpurpose>Specifies properties for slides titlepage title</refpurpose>
</refnamediv>

<refsynopsisdiv>
  <src:fragment xml:id="slides.titlepage.corpauthor.properties.frag">
    <xsl:attribute-set name="slides.titlepage.corpauthor.properties">
      <xsl:attribute name="text-align">center</xsl:attribute>
      <xsl:attribute name="space-after">1em</xsl:attribute>
      <xsl:attribute name="font-size">20.736pt</xsl:attribute>
    </xsl:attribute-set>
  </src:fragment>
</refsynopsisdiv>

<refsection><info><title>Description</title></info>

<para>This parameter specifies properties for the corpauthor on the default
  titlepage.</para>

</refsection>
</refentry>
