<refentry xmlns="http://docbook.org/ns/docbook"
          xmlns:xlink="http://www.w3.org/1999/xlink"
          xmlns:xi="http://www.w3.org/2001/XInclude"
          xmlns:src="http://nwalsh.com/xmlns/litprog/fragment"
          xmlns:xsl="http://www.w3.org/1999/XSL/Transform"
          version="5.0" xml:id="speaker.properties">
<refmeta>
<refentrytitle>speaker.properties</refentrytitle>
<refmiscinfo class="other" otherclass="datatype">attribute set</refmiscinfo>
</refmeta>
<refnamediv>
<refname>speaker.properties</refname>
<refpurpose>Properties applied to the DocBook Publishers
speaker element</refpurpose>
</refnamediv>

<refsynopsisdiv>
<src:fragment xml:id="speaker.properties.frag">
<xsl:attribute-set name="speaker.properties"/>
</src:fragment>
</refsynopsisdiv>

<refsection><info><title>Description</title></info>

<para>This <literal>attribute set</literal> is applied
to the <tag>block</tag> that contains the output of a 
<tag>speaker</tag> element from DocBook Publishers.
</para>

</refsection>
</refentry>
