{"attributes": {"packageName": "", "fullName": "", "name": ""}, "type": "doctree", "children": [{"type": "packages", "children": [{"attributes": {"packageName": "", "fullName": "qx", "name": "qx"}, "type": "package", "children": [{"type": "classes", "children": [{"attributes": {"isStatic": true, "name": "Bootstrap", "packageName": "qx", "externalRef": true, "fullName": "qx.Bootstrap", "type": "bootstrap"}, "type": "class"}, {"attributes": {"isStatic": true, "name": "Class", "packageName": "qx", "externalRef": true, "fullName": "qx.Class", "type": "bootstrap"}, "type": "class"}, {"attributes": {"isStatic": true, "name": "Interface", "packageName": "qx", "externalRef": true, "fullName": "qx.Interface", "type": "bootstrap"}, "type": "class"}, {"attributes": {"isStatic": true, "name": "Mixin", "packageName": "qx", "externalRef": true, "fullName": "qx.Mixin", "type": "bootstrap"}, "type": "class"}]}, {"type": "packages", "children": [{"attributes": {"packageName": "qx", "fullName": "qx.bom", "name": "bom"}, "type": "package", "children": [{"type": "packages", "children": [{"attributes": {"packageName": "qx.bom", "fullName": "qx.bom.client", "name": "client"}, "type": "package", "children": [{"type": "classes", "children": [{"attributes": {"isStatic": true, "name": "Browser", "isInternal": true, "packageName": "qx.bom.client", "access": "internal", "externalRef": true, "fullName": "qx.bom.client.Browser", "type": "bootstrap"}, "type": "class"}, {"attributes": {"isStatic": true, "name": "Css", "isInternal": true, "packageName": "qx.bom.client", "access": "internal", "externalRef": true, "fullName": "qx.bom.client.Css", "type": "bootstrap"}, "type": "class"}, {"attributes": {"isStatic": true, "name": "CssAnimation", "isInternal": true, "packageName": "qx.bom.client", "access": "internal", "externalRef": true, "fullName": "qx.bom.client.CssAnimation", "type": "bootstrap"}, "type": "class"}, {"attributes": {"isStatic": true, "name": "CssTransform", "isInternal": true, "packageName": "qx.bom.client", "access": "internal", "externalRef": true, "fullName": "qx.bom.client.CssTransform", "type": "bootstrap"}, "type": "class"}, {"attributes": {"isStatic": true, "name": "CssTransition", "isInternal": true, "packageName": "qx.bom.client", "access": "internal", "externalRef": true, "fullName": "qx.bom.client.CssTransition", "type": "bootstrap"}, "type": "class"}, {"attributes": {"isStatic": true, "name": "Device", "isInternal": true, "packageName": "qx.bom.client", "access": "internal", "externalRef": true, "fullName": "qx.bom.client.Device", "type": "bootstrap"}, "type": "class"}, {"attributes": {"isStatic": true, "name": "EcmaScript", "isInternal": true, "packageName": "qx.bom.client", "access": "internal", "externalRef": true, "fullName": "qx.bom.client.EcmaScript", "type": "bootstrap"}, "type": "class"}, {"attributes": {"isStatic": true, "name": "Engine", "isInternal": true, "packageName": "qx.bom.client", "access": "internal", "externalRef": true, "fullName": "qx.bom.client.Engine", "type": "bootstrap"}, "type": "class"}, {"attributes": {"isStatic": true, "name": "Event", "isInternal": true, "packageName": "qx.bom.client", "access": "internal", "externalRef": true, "fullName": "qx.bom.client.Event", "type": "bootstrap"}, "type": "class"}, {"attributes": {"isStatic": true, "name": "Html", "isInternal": true, "packageName": "qx.bom.client", "access": "internal", "externalRef": true, "fullName": "qx.bom.client.Html", "type": "bootstrap"}, "type": "class"}, {"attributes": {"isStatic": true, "name": "OperatingSystem", "isInternal": true, "packageName": "qx.bom.client", "access": "internal", "externalRef": true, "fullName": "qx.bom.client.OperatingSystem", "type": "bootstrap"}, "type": "class"}, {"attributes": {"isStatic": true, "name": "Plugin", "isInternal": true, "packageName": "qx.bom.client", "access": "internal", "externalRef": true, "fullName": "qx.bom.client.Plugin", "type": "bootstrap"}, "type": "class"}, {"attributes": {"isStatic": true, "name": "Stylesheet", "isInternal": true, "packageName": "qx.bom.client", "access": "internal", "externalRef": true, "fullName": "qx.bom.client.Stylesheet", "type": "bootstrap"}, "type": "class"}, {"attributes": {"isStatic": true, "name": "Transport", "isInternal": true, "packageName": "qx.bom.client", "access": "internal", "externalRef": true, "fullName": "qx.bom.client.Transport", "type": "bootstrap"}, "type": "class"}, {"attributes": {"isStatic": true, "name": "Xml", "isInternal": true, "packageName": "qx.bom.client", "access": "internal", "externalRef": true, "fullName": "qx.bom.client.Xml", "type": "bootstrap"}, "type": "class"}]}, {"attributes": {"text": "<p>qx.bom.client package</p>"}, "type": "desc"}]}, {"attributes": {"packageName": "qx.bom", "fullName": "qx.bom.element", "name": "element"}, "type": "package", "children": [{"type": "classes", "children": [{"attributes": {"isStatic": true, "name": "Animation", "packageName": "qx.bom.element", "externalRef": true, "fullName": "qx.bom.element.Animation", "type": "bootstrap"}, "type": "class"}, {"attributes": {"isStatic": true, "name": "AnimationCss", "packageName": "qx.bom.element", "externalRef": true, "fullName": "qx.bom.element.AnimationCss", "type": "bootstrap"}, "type": "class"}, {"attributes": {"name": "AnimationHandle", "packageName": "qx.bom.element", "externalRef": true, "superClass": "qx.event.Emitter", "fullName": "qx.bom.element.AnimationHandle", "type": "bootstrap"}, "type": "class"}, {"attributes": {"isStatic": true, "name": "AnimationJs", "packageName": "qx.bom.element", "externalRef": true, "fullName": "qx.bom.element.AnimationJs", "type": "bootstrap"}, "type": "class"}, {"attributes": {"isStatic": true, "name": "Attribute", "packageName": "qx.bom.element", "externalRef": true, "fullName": "qx.bom.element.Attribute", "type": "bootstrap"}, "type": "class"}, {"attributes": {"isStatic": true, "name": "BoxSizing", "packageName": "qx.bom.element", "externalRef": true, "fullName": "qx.bom.element.BoxSizing", "type": "bootstrap"}, "type": "class"}, {"attributes": {"isStatic": true, "name": "Class", "packageName": "qx.bom.element", "externalRef": true, "fullName": "qx.bom.element.Class", "type": "bootstrap"}, "type": "class"}, {"attributes": {"isStatic": true, "name": "Clip", "packageName": "qx.bom.element", "externalRef": true, "fullName": "qx.bom.element.Clip", "type": "bootstrap"}, "type": "class"}, {"attributes": {"isStatic": true, "name": "Cursor", "packageName": "qx.bom.element", "externalRef": true, "fullName": "qx.bom.element.Cursor", "type": "bootstrap"}, "type": "class"}, {"attributes": {"isStatic": true, "name": "Dataset", "packageName": "qx.bom.element", "externalRef": true, "fullName": "qx.bom.element.Dataset", "type": "bootstrap"}, "type": "class"}, {"attributes": {"isStatic": true, "name": "Dimension", "packageName": "qx.bom.element", "externalRef": true, "fullName": "qx.bom.element.Dimension", "type": "bootstrap"}, "type": "class"}, {"attributes": {"isStatic": true, "name": "Location", "packageName": "qx.bom.element", "externalRef": true, "fullName": "qx.bom.element.Location", "type": "bootstrap"}, "type": "class"}, {"attributes": {"isStatic": true, "name": "Opacity", "packageName": "qx.bom.element", "externalRef": true, "fullName": "qx.bom.element.Opacity", "type": "bootstrap"}, "type": "class"}, {"attributes": {"isStatic": true, "name": "Style", "packageName": "qx.bom.element", "externalRef": true, "fullName": "qx.bom.element.Style", "type": "bootstrap"}, "type": "class"}, {"attributes": {"isStatic": true, "name": "Transform", "packageName": "qx.bom.element", "externalRef": true, "fullName": "qx.bom.element.Transform", "type": "bootstrap"}, "type": "class"}]}, {"attributes": {"text": "<p>qx.bom.element package</p>"}, "type": "desc"}]}, {"attributes": {"packageName": "qx.bom", "fullName": "qx.bom.request", "name": "request"}, "type": "package", "children": [{"type": "classes", "children": [{"attributes": {"group": "IO", "name": "Jsonp", "packageName": "qx.bom.request", "externalRef": true, "superClass": "qx.bom.request.Script", "fullName": "qx.bom.request.Jsonp", "type": "bootstrap"}, "type": "class"}, {"attributes": {"group": "IO", "name": "Script", "packageName": "qx.bom.request", "externalRef": true, "childClasses": "qx.bom.request.Jsonp", "fullName": "qx.bom.request.Script", "type": "bootstrap"}, "type": "class"}, {"attributes": {"name": "SimpleXhr", "isInternal": true, "packageName": "qx.bom.request", "access": "internal", "externalRef": true, "superClass": "Object", "fullName": "qx.bom.request.SimpleXhr", "type": "bootstrap"}, "type": "class"}, {"attributes": {"group": "IO", "name": "Xhr", "packageName": "qx.bom.request", "externalRef": true, "superClass": "Object", "fullName": "qx.bom.request.Xhr", "type": "bootstrap"}, "type": "class"}]}, {"attributes": {"text": "<p>Send low-level <span class=\"caps\">HTTP</span> requests and receive responses.</p>\n\n<p>Consider using {@link qx.io.request}. Classes found in this namespace\nbuild on the low-level classes found here, but offer more convenience and\nfeatures.</p>"}, "type": "desc"}]}, {"attributes": {"packageName": "qx.bom", "fullName": "qx.bom.rest", "name": "rest"}, "type": "package", "children": [{"type": "classes", "children": [{"attributes": {"group": "IO", "name": "Resource", "packageName": "qx.bom.rest", "externalRef": true, "superClass": "qx.event.Emitter", "fullName": "qx.bom.rest.Resource", "type": "bootstrap"}, "type": "class"}]}, {"attributes": {"text": "<p>The <code>qx.bom.rest</code> package consists of only one class: {@link Resource}.</p>\n\n<p>{@link Resource} allows to encapsulate the specifics of a <span class=\"caps\">REST</span> interface.\nRather than requesting URLs with a specific <span class=\"caps\">HTTP</span> method manually, a resource\nrepresenting the remote resource is instantiated and actions are invoked on this resource.\nA resource with its actions can be configured declaratively or programatically.</p>\n\n<p>There is also {@link qx.io.rest.Resource} which uses {@link Resource} under the hood.\nThe main differences between them are:</p>\n\n<ul>\n<li>The event object available in the listeners (e.g. <code>success()</code>, <code>getSuccess()</code> and <code>getError()</code>) is<br />\n  a native JavaScript object instead of a qooxdoo object ({@link qx.event.type.Rest}):\n<ul>\n<li>See {@link qx.io.rest.Resource} vs. {@link Resource}</li>\n<li><code>event.getId()</code> => <code>event.id</code></li>\n<li><code>event.getRequest()</code> => <code>event.request</code></li>\n<li><code>event.getAction()</code> => <code>event.action</code></li>\n<li><code>event.getData()</code> => <code>event.response</code></li>\n<li><code>event.getPhase()</code> => <code>&#8212;-</code> (see below)</li>\n</ul>\n</li>\n<li>Methods which allow request manipulation (e.g. <code>configureRequest()</code>) will operate on an<br />\n  instance of {@link qx.bom.request.SimpleXhr} instead of {@link qx.io.request.Xhr}<br />\n  (their <span class=\"caps\">API</span> is similar but not identical)</li>\n<li>The method <code>poll()</code> returns no {@link qx.event.Timer} object. There are two new methods<br />\n  (<code>stopPollByAction()</code> and <code>restartPollByAction()</code>) available at {@link Resource}<br />\n  which replace the functionality provided by the Timer object.</li>\n<li>The phase support, which is a more elaborate version of readyState, is not available.<br />\n  So use readyState instead.\n<ul>\n<li>Phases (available only in {@link qx.io.rest.Resource}):\n<ul>\n<li><code>unsent</code>, <code>opened</code>, <code>sent</code>, <code>loading</code>, <code>load</code>, <code>success</code></li>\n<li><code>abort</code>, <code>timeout</code>, <code>statusError</code></li>\n</ul>\n</li>\n<li>readyState (available in {@link Resource} and {@link qx.io.rest.Resource}):\n<ul>\n<li><code><span class=\"caps\"><span class=\"caps\"><span class=\"caps\">UNSENT</span></span></span></code></li>\n<li><code><span class=\"caps\"><span class=\"caps\"><span class=\"caps\">OPENED</span></span></span></code></li>\n<li><code>HEADERS_RECEIVED</code></li>\n<li><code><span class=\"caps\"><span class=\"caps\"><span class=\"caps\">LOADING</span></span></span></code></li>\n<li><code><span class=\"caps\"><span class=\"caps\"><span class=\"caps\">DONE</span></span></span></code></li>\n</ul>\n</li>\n</ul>\n</li>\n</ul>"}, "type": "desc"}]}, {"attributes": {"packageName": "qx.bom", "fullName": "qx.bom.storage", "name": "storage"}, "type": "package", "children": [{"type": "classes", "children": [{"attributes": {"packageName": "qx.bom.storage", "externalRef": true, "type": "bootstrap", "fullName": "qx.bom.storage.Memory", "name": "Memory"}, "type": "class"}, {"attributes": {"packageName": "qx.bom.storage", "externalRef": true, "type": "bootstrap", "fullName": "qx.bom.storage.UserData", "name": "UserData"}, "type": "class"}, {"attributes": {"packageName": "qx.bom.storage", "externalRef": true, "type": "bootstrap", "fullName": "qx.bom.storage.Web", "name": "Web"}, "type": "class"}]}, {"attributes": {"text": "<p>qx.bom.storage package</p>"}, "type": "desc"}]}]}, {"type": "classes", "children": [{"attributes": {"name": "AnimationFrame", "packageName": "qx.bom", "externalRef": true, "superClass": "qx.event.Emitter", "fullName": "qx.bom.AnimationFrame", "type": "bootstrap"}, "type": "class"}, {"attributes": {"isStatic": true, "name": "Cookie", "packageName": "qx.bom", "externalRef": true, "fullName": "qx.bom.Cookie", "type": "bootstrap"}, "type": "class"}, {"attributes": {"isStatic": true, "name": "Document", "packageName": "qx.bom", "externalRef": true, "fullName": "qx.bom.Document", "type": "bootstrap"}, "type": "class"}, {"attributes": {"isStatic": true, "name": "Event", "packageName": "qx.bom", "externalRef": true, "fullName": "qx.bom.Event", "type": "bootstrap"}, "type": "class"}, {"attributes": {"isStatic": true, "name": "Html", "packageName": "qx.bom", "externalRef": true, "fullName": "qx.bom.Html", "type": "bootstrap"}, "type": "class"}, {"attributes": {"isStatic": true, "name": "Input", "packageName": "qx.bom", "externalRef": true, "fullName": "qx.bom.Input", "type": "bootstrap"}, "type": "class"}, {"attributes": {"name": "MediaQuery", "packageName": "qx.bom", "externalRef": true, "superClass": "qx.event.Emitter", "fullName": "qx.bom.MediaQuery", "type": "bootstrap"}, "type": "class"}, {"attributes": {"isStatic": true, "name": "Range", "packageName": "qx.bom", "externalRef": true, "fullName": "qx.bom.Range", "type": "bootstrap"}, "type": "class"}, {"attributes": {"isStatic": true, "name": "Selection", "packageName": "qx.bom", "externalRef": true, "fullName": "qx.bom.Selection", "type": "bootstrap"}, "type": "class"}, {"attributes": {"isStatic": true, "name": "Selector", "packageName": "qx.bom", "externalRef": true, "fullName": "qx.bom.Selector", "type": "bootstrap"}, "type": "class"}, {"attributes": {"isStatic": true, "name": "Storage", "packageName": "qx.bom", "externalRef": true, "fullName": "qx.bom.Storage", "type": "bootstrap"}, "type": "class"}, {"attributes": {"isStatic": true, "name": "String", "packageName": "qx.bom", "externalRef": true, "fullName": "qx.bom.String", "type": "bootstrap"}, "type": "class"}, {"attributes": {"isStatic": true, "name": "Style", "packageName": "qx.bom", "externalRef": true, "fullName": "qx.bom.Style", "type": "bootstrap"}, "type": "class"}, {"attributes": {"isStatic": true, "name": "Stylesheet", "packageName": "qx.bom", "externalRef": true, "fullName": "qx.bom.Stylesheet", "type": "bootstrap"}, "type": "class"}, {"attributes": {"isStatic": true, "name": "Template", "packageName": "qx.bom", "externalRef": true, "fullName": "qx.bom.Template", "type": "bootstrap"}, "type": "class"}, {"attributes": {"isStatic": true, "name": "Viewport", "packageName": "qx.bom", "externalRef": true, "fullName": "qx.bom.Viewport", "type": "bootstrap"}, "type": "class"}]}, {"attributes": {"text": "<p>Low-level Browser Object Model layer.</p>\n\n<p>This is a low-level layer providing a cross-browser abstraction for object\nclasses typically found in the browser JavaScript runtime. This includes\nclasses like the Document, Element, Event and Image class.</p>\n\n<p>The <span class=\"caps\">BOM</span> layer of qooxdoo is heavily used internally for higher-level\nclasses, but can also be deployed directly for low-level manipulations.</p>"}, "type": "desc"}]}, {"attributes": {"packageName": "qx", "fullName": "qx.core", "name": "core"}, "type": "package", "children": [{"type": "classes", "children": [{"attributes": {"isStatic": true, "name": "Aspect", "packageName": "qx.core", "externalRef": true, "fullName": "qx.core.Aspect", "type": "bootstrap"}, "type": "class"}, {"attributes": {"isStatic": true, "name": "Assert", "packageName": "qx.core", "externalRef": true, "fullName": "qx.core.Assert", "type": "class"}, "type": "class"}, {"attributes": {"name": "AssertionError", "packageName": "qx.core", "externalRef": true, "superClass": "qx.type.BaseError", "fullName": "qx.core.AssertionError", "type": "class"}, "type": "class"}, {"attributes": {"isStatic": true, "name": "Environment", "packageName": "qx.core", "externalRef": true, "fullName": "qx.core.Environment", "type": "bootstrap"}, "type": "class"}, {"attributes": {"name": "GlobalError", "packageName": "qx.core", "externalRef": true, "superClass": "Error", "fullName": "qx.core.GlobalError", "type": "bootstrap"}, "type": "class"}, {"attributes": {"name": "MAssert", "packageName": "qx.core", "includer": "qx.core.Object", "externalRef": true, "fullName": "qx.core.MAssert", "type": "mixin"}, "type": "class"}, {"attributes": {"name": "MEvent", "packageName": "qx.core", "includer": "qx.core.Object", "externalRef": true, "fullName": "qx.core.MEvent", "type": "mixin"}, "type": "class"}, {"attributes": {"name": "MLogging", "packageName": "qx.core", "includer": "qx.core.Object", "externalRef": true, "fullName": "qx.core.MLogging", "type": "mixin"}, "type": "class"}, {"attributes": {"name": "MProperty", "packageName": "qx.core", "includer": "qx.core.Object", "externalRef": true, "fullName": "qx.core.MProperty", "type": "mixin"}, "type": "class"}, {"attributes": {"name": "Object", "packageName": "qx.core", "mixins": "qx.core.MEvent,qx.core.MAssert,qx.core.MProperty,qx.core.MLogging,qx.data.MBinding", "externalRef": true, "superClass": "Object", "childClasses": "qx.event.dispatch.Direct,qx.event.handler.Object,qx.event.type.Event,qx.util.ObjectPool", "fullName": "qx.core.Object", "type": "class"}, "type": "class"}, {"attributes": {"isStatic": true, "name": "ObjectRegistry", "packageName": "qx.core", "externalRef": true, "fullName": "qx.core.ObjectRegistry", "type": "bootstrap"}, "type": "class"}, {"attributes": {"isStatic": true, "name": "Property", "isInternal": true, "packageName": "qx.core", "access": "internal", "externalRef": true, "fullName": "qx.core.Property", "type": "bootstrap"}, "type": "class"}, {"attributes": {"name": "ValidationError", "packageName": "qx.core", "externalRef": true, "superClass": "qx.type.BaseError", "fullName": "qx.core.ValidationError", "type": "class"}, "type": "class"}, {"attributes": {"name": "WindowError", "packageName": "qx.core", "externalRef": true, "superClass": "Error", "fullName": "qx.core.WindowError", "type": "bootstrap"}, "type": "class"}]}, {"attributes": {"text": "<p>Core qooxdoo runtime classes, for internal and advanced usage.</p>"}, "type": "desc"}]}, {"attributes": {"packageName": "qx", "fullName": "qx.data", "name": "data"}, "type": "package", "children": [{"type": "classes", "children": [{"attributes": {"packageName": "qx.data", "externalRef": true, "type": "interface", "fullName": "qx.data.IListData", "name": "IListData"}, "type": "class"}, {"attributes": {"name": "MBinding", "packageName": "qx.data", "includer": "qx.core.Object", "externalRef": true, "fullName": "qx.data.MBinding", "type": "mixin"}, "type": "class"}, {"attributes": {"isStatic": true, "name": "SingleValueBinding", "packageName": "qx.data", "externalRef": true, "fullName": "qx.data.SingleValueBinding", "type": "class"}, "type": "class"}]}, {"attributes": {"text": "<p>Data binding classes.</p>"}, "type": "desc"}]}, {"attributes": {"packageName": "qx", "fullName": "qx.dev", "name": "dev"}, "type": "package", "children": [{"type": "classes", "children": [{"attributes": {"name": "FakeServer", "packageName": "qx.dev", "externalRef": true, "superClass": "Object", "fullName": "qx.dev.FakeServer", "type": "bootstrap"}, "type": "class"}, {"attributes": {"isStatic": true, "name": "StackTrace", "packageName": "qx.dev", "externalRef": true, "fullName": "qx.dev.StackTrace", "type": "bootstrap"}, "type": "class"}]}, {"type": "packages", "children": [{"attributes": {"packageName": "qx.dev", "fullName": "qx.dev.unit", "name": "unit"}, "type": "package", "children": [{"type": "classes", "children": [{"attributes": {"isStatic": true, "name": "Sinon", "isInternal": true, "packageName": "qx.dev.unit", "access": "internal", "externalRef": true, "fullName": "qx.dev.unit.Sinon", "type": "bootstrap"}, "type": "class"}]}, {"attributes": {"text": "<p>The classes in this package provide an interface to qooxdoo&#8217;s unit test\nframework. Using these classes you will be able to utilize the &#8216;test&#8217; build\ntarget of your skeleton based application. Invoking this target the build\nprocess will generate a test application that automatically detects your test\nclasses and exposes them in a TestRunner-like <span class=\"caps\">GUI</span>.</p>\n\n<p>In order to achieve this, you have to follow these steps:</p>\n\n<ul>\n <li>\n   Add test classes to your application. Those test classes have to comply\n   with the following constraints:\n </li>\n <ul>\n   <li>\n     They have to be in the namespace of your application\n   </li>\n\n<li>\n     They have to inherit from *qx.dev.unit.TestCase*\n   </li>\n\n<li>\n     They have to define member functions with names starting with test*;\n     these methods will be available as individual tests\n   </li>\n\n<li>\n      Apart from that you are free to add other member functions, properties\n      etc., and to instantiate other classes to your own content. But you will\n      usually want to instantiate classes of your current application and\n      invoke their methods in the test functions.\n   </li>\n\n<li>\n     To communicate the test results back to the TestRunner framework\n     exceptions are used. No exception means the test went fine, throwing an\n     exception from the test method signals a failure. Return values from the\n     test methods are not evaluated. To model your test method behaviour, you\n     can use the methods inherited from qx.dev.unit.TestCase which encapsulate\n     exceptions in the form of assertions:\n   </li>\n\n<li>\n     <b>assert, assertFalse, assertEquals, assertNumber</b>, ... - These\n     functions take values which are compared (either among each other or to\n     some predefined value) and a message string, and raise an exception if\n     the comparison fails.\n   </li>\n\n<li>\n     See the documentation for the {@link qx.dev.unit.TestCase} class for\n     more information on the available assertions.\n   </li>\n\n<li>\n     Run *generate.py test* from the directory of your application's\n     configuration file (config.json).\n     This will generate the appropriate test application for you, which will be\n     available in the subfolder test as test/index.html. Open this file in your\n     browser and run your tests.\n   </li>\n </ul>\n</ul>"}, "type": "desc"}]}]}, {"attributes": {"text": "<p>Development and debugging tools.</p>"}, "type": "desc"}]}, {"attributes": {"packageName": "qx", "fullName": "qx.dom", "name": "dom"}, "type": "package", "children": [{"type": "classes", "children": [{"attributes": {"isStatic": true, "name": "Element", "packageName": "qx.dom", "externalRef": true, "fullName": "qx.dom.Element", "type": "bootstrap"}, "type": "class"}, {"attributes": {"isStatic": true, "name": "Hierarchy", "packageName": "qx.dom", "externalRef": true, "fullName": "qx.dom.Hierarchy", "type": "bootstrap"}, "type": "class"}, {"attributes": {"isStatic": true, "name": "Node", "packageName": "qx.dom", "externalRef": true, "fullName": "qx.dom.Node", "type": "bootstrap"}, "type": "class"}]}, {"attributes": {"text": "<p>Low-level Document Object Model layer.</p>\n\n<p>The Document Object Model (DOM) is a tree model that represents the loaded\nWeb document in a browser. The classes of this package model this document\nobject tree, its nodes and their parent-child relations, in a\nbrowser-independent way.</p>"}, "type": "desc"}]}, {"attributes": {"packageName": "qx", "fullName": "qx.event", "name": "event"}, "type": "package", "children": [{"type": "classes", "children": [{"attributes": {"name": "Emitter", "packageName": "qx.event", "externalRef": true, "superClass": "Object", "childClasses": "qx.bom.AnimationFrame,qx.bom.MediaQuery,qx.bom.element.AnimationHandle,qx.bom.rest.Resource", "fullName": "qx.event.Emitter", "type": "bootstrap"}, "type": "class"}, {"attributes": {"isStatic": true, "name": "GlobalError", "packageName": "qx.event", "externalRef": true, "fullName": "qx.event.GlobalError", "type": "bootstrap"}, "type": "class"}, {"attributes": {"name": "IEventDispatcher", "packageName": "qx.event", "implementations": "qx.event.dispatch.Direct", "externalRef": true, "fullName": "qx.event.IEventDispatcher", "type": "interface"}, "type": "class"}, {"attributes": {"name": "IEventHandler", "packageName": "qx.event", "implementations": "qx.event.handler.Object", "externalRef": true, "fullName": "qx.event.IEventHandler", "type": "interface"}, "type": "class"}, {"attributes": {"name": "Manager", "packageName": "qx.event", "externalRef": true, "superClass": "Object", "fullName": "qx.event.Manager", "type": "class"}, "type": "class"}, {"attributes": {"packageName": "qx.event", "externalRef": true, "type": "bootstrap", "fullName": "qx.event.Messaging", "name": "Messaging"}, "type": "class"}, {"attributes": {"name": "Pool", "packageName": "qx.event", "externalRef": true, "superClass": "qx.util.ObjectPool", "isSingleton": true, "fullName": "qx.event.Pool", "type": "class"}, "type": "class"}, {"attributes": {"isStatic": true, "name": "Registration", "packageName": "qx.event", "externalRef": true, "fullName": "qx.event.Registration", "type": "class"}, "type": "class"}]}, {"type": "packages", "children": [{"attributes": {"packageName": "qx.event", "fullName": "qx.event.dispatch", "name": "dispatch"}, "type": "package", "children": [{"type": "classes", "children": [{"attributes": {"name": "Direct", "packageName": "qx.event.dispatch", "externalRef": true, "superClass": "qx.core.Object", "fullName": "qx.event.dispatch.Direct", "type": "class", "interfaces": "qx.event.IEventDispatcher"}, "type": "class"}]}, {"attributes": {"text": "<p>Event dispatchers</p>"}, "type": "desc"}]}, {"attributes": {"packageName": "qx.event", "fullName": "qx.event.handler", "name": "handler"}, "type": "package", "children": [{"type": "classes", "children": [{"attributes": {"name": "GestureCore", "packageName": "qx.event.handler", "externalRef": true, "superClass": "Object", "fullName": "qx.event.handler.GestureCore", "type": "bootstrap"}, "type": "class"}, {"attributes": {"name": "Object", "packageName": "qx.event.handler", "externalRef": true, "superClass": "qx.core.Object", "fullName": "qx.event.handler.Object", "type": "class", "interfaces": "qx.event.IEventHandler"}, "type": "class"}, {"attributes": {"name": "OrientationCore", "packageName": "qx.event.handler", "externalRef": true, "superClass": "Object", "fullName": "qx.event.handler.OrientationCore", "type": "bootstrap"}, "type": "class"}, {"attributes": {"name": "PointerCore", "packageName": "qx.event.handler", "externalRef": true, "superClass": "Object", "fullName": "qx.event.handler.PointerCore", "type": "bootstrap"}, "type": "class"}, {"attributes": {"name": "TouchCore", "packageName": "qx.event.handler", "externalRef": true, "superClass": "Object", "fullName": "qx.event.handler.TouchCore", "type": "bootstrap"}, "type": "class"}]}, {"attributes": {"text": "<p>Event handlers</p>"}, "type": "desc"}]}, {"attributes": {"packageName": "qx.event", "fullName": "qx.event.type", "name": "type"}, "type": "package", "children": [{"type": "classes", "children": [{"attributes": {"name": "Data", "packageName": "qx.event.type", "externalRef": true, "superClass": "qx.event.type.Event", "fullName": "qx.event.type.Data", "type": "class"}, "type": "class"}, {"attributes": {"name": "Event", "packageName": "qx.event.type", "externalRef": true, "superClass": "qx.core.Object", "childClasses": "qx.event.type.Data", "fullName": "qx.event.type.Event", "type": "class"}, "type": "class"}]}, {"type": "packages", "children": [{"attributes": {"packageName": "qx.event.type", "fullName": "qx.event.type.dom", "name": "dom"}, "type": "package", "children": [{"type": "classes", "children": [{"attributes": {"name": "Custom", "packageName": "qx.event.type.dom", "externalRef": true, "superClass": "Object", "childClasses": "qx.event.type.dom.Pointer", "fullName": "qx.event.type.dom.Custom", "type": "bootstrap"}, "type": "class"}, {"attributes": {"name": "Pointer", "packageName": "qx.event.type.dom", "externalRef": true, "superClass": "qx.event.type.dom.Custom", "fullName": "qx.event.type.dom.Pointer", "type": "bootstrap"}, "type": "class"}]}, {"attributes": {"text": "<p>Custom <span class=\"caps\">DOM</span> events</p>"}, "type": "desc"}]}]}, {"attributes": {"text": "<p>Event types</p>"}, "type": "desc"}]}, {"attributes": {"packageName": "qx.event", "fullName": "qx.event.util", "name": "util"}, "type": "package", "children": [{"type": "classes", "children": [{"attributes": {"isStatic": true, "name": "Keyboard", "packageName": "qx.event.util", "externalRef": true, "fullName": "qx.event.util.Keyboard", "type": "bootstrap"}, "type": "class"}]}, {"attributes": {"text": "<p>qx.event.util package</p>"}, "type": "desc"}]}]}, {"attributes": {"text": "<p>qooxdoo event layer. In a standard qooxdoo application these are the events\nyou have to deal with.</p>\n\n<p>The classes in this namespace provide a cross browser event layer. It\nnormalizes not only the registration <span class=\"caps\">API</span> but also event behavior.  The event\nlayer is able to support features in all supported browsers, which are\nnormally only available in some of them.</p>\n\n<p>The following features are supported in a browser-independent way:\n<ul>\n  <li>Canceling of events <code>stopPropagation</code></li>\n  <li>Prevention of the browser&#8217;s default behavior <code>preventDefault</code>\n  <li>Unified event objects matching the <span class=\"caps\">DOM</span> 2 event interface (<a href=\"http://www.w3.org/TR/DOM-Level-2-Events/events.html#Events-interface\">Reference</a>)</li>\n  <li>Support for the event <i>bubbling</i> and <i>capturing</i> phase</li>\n  <li>Support for mouse event capturing (<a href=\"http://msdn2.microsoft.com/en-us/library/ms537630.aspx\">Reference</a>)</li>\n  <li>Support for normalized focus and activation handling</li>\n</ul></p>\n\n<p>The central class is {@link qx.event.Registration} which provides the event\nregistration and de-registration functionality.</p>"}, "type": "desc"}]}, {"attributes": {"packageName": "qx", "fullName": "qx.lang", "name": "lang"}, "type": "package", "children": [{"type": "packages", "children": [{"attributes": {"packageName": "qx.lang", "fullName": "qx.lang.normalize", "name": "normalize"}, "type": "package", "children": [{"type": "classes", "children": [{"attributes": {"isStatic": true, "group": "Polyfill", "name": "Array", "packageName": "qx.lang.normalize", "externalRef": true, "fullName": "qx.lang.normalize.Array", "type": "bootstrap"}, "type": "class"}, {"attributes": {"isStatic": true, "group": "Polyfill", "name": "Date", "packageName": "qx.lang.normalize", "externalRef": true, "fullName": "qx.lang.normalize.Date", "type": "bootstrap"}, "type": "class"}, {"attributes": {"isStatic": true, "group": "Polyfill", "name": "Error", "packageName": "qx.lang.normalize", "externalRef": true, "fullName": "qx.lang.normalize.Error", "type": "bootstrap"}, "type": "class"}, {"attributes": {"isStatic": true, "group": "Polyfill", "name": "Function", "packageName": "qx.lang.normalize", "externalRef": true, "fullName": "qx.lang.normalize.Function", "type": "bootstrap"}, "type": "class"}, {"attributes": {"isStatic": true, "group": "Polyfill", "name": "Object", "packageName": "qx.lang.normalize", "externalRef": true, "fullName": "qx.lang.normalize.Object", "type": "bootstrap"}, "type": "class"}, {"attributes": {"isStatic": true, "group": "Polyfill", "name": "String", "packageName": "qx.lang.normalize", "externalRef": true, "fullName": "qx.lang.normalize.String", "type": "bootstrap"}, "type": "class"}]}, {"attributes": {"text": "<p>This namespace contains the normalization for native Objects. Each class\ncontains the normalization for its native counterpart.</p>"}, "type": "desc"}]}]}, {"type": "classes", "children": [{"attributes": {"isStatic": true, "name": "Array", "packageName": "qx.lang", "externalRef": true, "fullName": "qx.lang.Array", "type": "bootstrap"}, "type": "class"}, {"attributes": {"isStatic": true, "name": "Function", "packageName": "qx.lang", "externalRef": true, "fullName": "qx.lang.Function", "type": "bootstrap"}, "type": "class"}, {"attributes": {"isStatic": true, "name": "Json", "packageName": "qx.lang", "externalRef": true, "fullName": "qx.lang.Json", "type": "bootstrap"}, "type": "class"}, {"attributes": {"isStatic": true, "name": "Object", "packageName": "qx.lang", "externalRef": true, "fullName": "qx.lang.Object", "type": "bootstrap"}, "type": "class"}, {"attributes": {"isStatic": true, "name": "String", "packageName": "qx.lang", "externalRef": true, "fullName": "qx.lang.String", "type": "bootstrap"}, "type": "class"}, {"attributes": {"isStatic": true, "name": "Type", "packageName": "qx.lang", "externalRef": true, "fullName": "qx.lang.Type", "type": "bootstrap"}, "type": "class"}]}, {"attributes": {"text": "<p>Collection of utility classes for the native JavaScript types, like Array,\nNumber, String.</p>"}, "type": "desc"}]}, {"attributes": {"packageName": "qx", "fullName": "qx.log", "name": "log"}, "type": "package", "children": [{"type": "packages", "children": [{"attributes": {"packageName": "qx.log", "fullName": "qx.log.appender", "name": "appender"}, "type": "package", "children": [{"type": "classes", "children": [{"attributes": {"name": "RingBuffer", "packageName": "qx.log.appender", "externalRef": true, "superClass": "qx.util.RingBuffer", "fullName": "qx.log.appender.RingBuffer", "type": "bootstrap"}, "type": "class"}]}, {"attributes": {"text": "<p>qx.log.appender package</p>"}, "type": "desc"}]}]}, {"type": "classes", "children": [{"attributes": {"isStatic": true, "name": "Logger", "packageName": "qx.log", "externalRef": true, "fullName": "qx.log.Logger", "type": "bootstrap"}, "type": "class"}]}, {"attributes": {"text": "<p>Logging classes, which allow for various ways to maintain an application log.</p>"}, "type": "desc"}]}, {"attributes": {"packageName": "qx", "fullName": "qx.module", "name": "module"}, "type": "package", "children": [{"type": "packages", "children": [{"attributes": {"packageName": "qx.module", "fullName": "qx.module.dev", "name": "dev"}, "type": "package", "children": [{"type": "classes", "children": [{"attributes": {"isStatic": true, "group": "IO", "name": "FakeServer", "packageName": "qx.module.dev", "externalRef": true, "fullName": "qx.module.dev.FakeServer", "type": "bootstrap"}, "type": "class"}]}, {"attributes": {"text": "<p>qx.module.dev package</p>"}, "type": "desc"}]}, {"attributes": {"packageName": "qx.module", "fullName": "qx.module.event", "name": "event"}, "type": "package", "children": [{"type": "classes", "children": [{"attributes": {"isStatic": true, "group": "Event_Normalization", "name": "GestureHandler", "packageName": "qx.module.event", "externalRef": true, "fullName": "qx.module.event.GestureHandler", "type": "bootstrap"}, "type": "class"}, {"attributes": {"isStatic": true, "group": "Event_Normalization", "name": "Keyboard", "packageName": "qx.module.event", "externalRef": true, "fullName": "qx.module.event.Keyboard", "type": "bootstrap"}, "type": "class"}, {"attributes": {"isStatic": true, "group": "Event_Normalization", "name": "Mouse", "packageName": "qx.module.event", "externalRef": true, "fullName": "qx.module.event.Mouse", "type": "bootstrap"}, "type": "class"}, {"attributes": {"isStatic": true, "group": "Event_Normalization", "name": "Native", "packageName": "qx.module.event", "externalRef": true, "fullName": "qx.module.event.Native", "type": "bootstrap"}, "type": "class"}, {"attributes": {"isStatic": true, "group": "Event_Normalization", "name": "Orientation", "packageName": "qx.module.event", "externalRef": true, "fullName": "qx.module.event.Orientation", "type": "bootstrap"}, "type": "class"}, {"attributes": {"isStatic": true, "group": "Event_Normalization", "name": "OrientationHandler", "packageName": "qx.module.event", "externalRef": true, "fullName": "qx.module.event.OrientationHandler", "type": "bootstrap"}, "type": "class"}, {"attributes": {"isStatic": true, "group": "Event_Normalization", "name": "Pinch", "packageName": "qx.module.event", "externalRef": true, "fullName": "qx.module.event.Pinch", "type": "bootstrap"}, "type": "class"}, {"attributes": {"isStatic": true, "group": "Event_Normalization", "name": "Pointer", "packageName": "qx.module.event", "externalRef": true, "fullName": "qx.module.event.Pointer", "type": "bootstrap"}, "type": "class"}, {"attributes": {"isStatic": true, "group": "Event_Normalization", "name": "PointerHandler", "packageName": "qx.module.event", "externalRef": true, "fullName": "qx.module.event.PointerHandler", "type": "bootstrap"}, "type": "class"}, {"attributes": {"isStatic": true, "group": "Event_Normalization", "name": "Rotate", "packageName": "qx.module.event", "externalRef": true, "fullName": "qx.module.event.Rotate", "type": "bootstrap"}, "type": "class"}, {"attributes": {"isStatic": true, "group": "Event_Normalization", "name": "Swipe", "packageName": "qx.module.event", "externalRef": true, "fullName": "qx.module.event.Swipe", "type": "bootstrap"}, "type": "class"}, {"attributes": {"isStatic": true, "group": "Event_Normalization", "name": "Tap", "packageName": "qx.module.event", "externalRef": true, "fullName": "qx.module.event.Tap", "type": "bootstrap"}, "type": "class"}, {"attributes": {"isStatic": true, "group": "Event_Normalization", "name": "Touch", "packageName": "qx.module.event", "externalRef": true, "fullName": "qx.module.event.Touch", "type": "bootstrap"}, "type": "class"}, {"attributes": {"isStatic": true, "group": "Event_Normalization", "name": "TouchHandler", "packageName": "qx.module.event", "externalRef": true, "fullName": "qx.module.event.TouchHandler", "type": "bootstrap"}, "type": "class"}, {"attributes": {"isStatic": true, "group": "Event_Normalization", "name": "Track", "packageName": "qx.module.event", "externalRef": true, "fullName": "qx.module.event.Track", "type": "bootstrap"}, "type": "class"}]}, {"attributes": {"text": "<p>qx.module.event package</p>"}, "type": "desc"}]}, {"attributes": {"packageName": "qx.module", "fullName": "qx.module.util", "name": "util"}, "type": "package", "children": [{"type": "classes", "children": [{"attributes": {"isStatic": true, "group": "Utilities", "name": "Array", "packageName": "qx.module.util", "externalRef": true, "fullName": "qx.module.util.Array", "type": "bootstrap"}, "type": "class"}, {"attributes": {"isStatic": true, "group": "Utilities", "name": "Function", "packageName": "qx.module.util", "externalRef": true, "fullName": "qx.module.util.Function", "type": "bootstrap"}, "type": "class"}, {"attributes": {"isStatic": true, "group": "Utilities", "name": "Object", "packageName": "qx.module.util", "externalRef": true, "fullName": "qx.module.util.Object", "type": "bootstrap"}, "type": "class"}, {"attributes": {"isStatic": true, "group": "Utilities", "name": "String", "packageName": "qx.module.util", "externalRef": true, "fullName": "qx.module.util.String", "type": "bootstrap"}, "type": "class"}, {"attributes": {"isStatic": true, "group": "Utilities", "name": "Type", "packageName": "qx.module.util", "externalRef": true, "fullName": "qx.module.util.Type", "type": "bootstrap"}, "type": "class"}]}, {"attributes": {"text": "<p>qx.module.util package</p>"}, "type": "desc"}]}]}, {"type": "classes", "children": [{"attributes": {"isStatic": true, "name": "Animation", "packageName": "qx.module", "externalRef": true, "fullName": "qx.module.Animation", "type": "bootstrap"}, "type": "class"}, {"attributes": {"isStatic": true, "group": "Core", "name": "Attribute", "packageName": "qx.module", "externalRef": true, "fullName": "qx.module.Attribute", "type": "bootstrap"}, "type": "class"}, {"attributes": {"isStatic": true, "name": "Blocker", "packageName": "qx.module", "externalRef": true, "fullName": "qx.module.Blocker", "type": "define"}, "type": "class"}, {"attributes": {"isStatic": true, "name": "Cookie", "packageName": "qx.module", "externalRef": true, "fullName": "qx.module.Cookie", "type": "bootstrap"}, "type": "class"}, {"attributes": {"isStatic": true, "name": "Core", "packageName": "qx.module", "externalRef": true, "fullName": "qx.module.Core", "type": "bootstrap"}, "type": "class"}, {"attributes": {"isStatic": true, "group": "Core", "name": "Css", "packageName": "qx.module", "externalRef": true, "fullName": "qx.module.Css", "type": "bootstrap"}, "type": "class"}, {"attributes": {"isStatic": true, "name": "Dataset", "packageName": "qx.module", "externalRef": true, "fullName": "qx.module.Dataset", "type": "bootstrap"}, "type": "class"}, {"attributes": {"isStatic": true, "group": "Core", "name": "Environment", "packageName": "qx.module", "externalRef": true, "fullName": "qx.module.Environment", "type": "bootstrap"}, "type": "class"}, {"attributes": {"isStatic": true, "group": "Core", "name": "Event", "packageName": "qx.module", "externalRef": true, "fullName": "qx.module.Event", "type": "bootstrap"}, "type": "class"}, {"attributes": {"isStatic": true, "group": "IO", "name": "Io", "packageName": "qx.module", "externalRef": true, "fullName": "qx.module.Io", "type": "bootstrap"}, "type": "class"}, {"attributes": {"isStatic": true, "group": "Core", "name": "Manipulating", "packageName": "qx.module", "externalRef": true, "fullName": "qx.module.Manipulating", "type": "bootstrap"}, "type": "class"}, {"attributes": {"isStatic": true, "name": "MatchMedia", "packageName": "qx.module", "externalRef": true, "fullName": "qx.module.MatchMedia", "type": "bootstrap"}, "type": "class"}, {"attributes": {"isStatic": true, "name": "Messaging", "packageName": "qx.module", "externalRef": true, "fullName": "qx.module.Messaging", "type": "bootstrap"}, "type": "class"}, {"attributes": {"isStatic": true, "name": "Placeholder", "packageName": "qx.module", "externalRef": true, "fullName": "qx.module.Placeholder", "type": "bootstrap"}, "type": "class"}, {"attributes": {"isStatic": true, "name": "Placement", "packageName": "qx.module", "externalRef": true, "fullName": "qx.module.Placement", "type": "define"}, "type": "class"}, {"attributes": {"isStatic": true, "group": "Polyfill", "name": "Polyfill", "packageName": "qx.module", "externalRef": true, "fullName": "qx.module.Polyfill", "type": "bootstrap"}, "type": "class"}, {"attributes": {"isStatic": true, "group": "IO", "name": "Rest", "packageName": "qx.module", "externalRef": true, "fullName": "qx.module.Rest", "type": "bootstrap"}, "type": "class"}, {"attributes": {"isStatic": true, "name": "Storage", "packageName": "qx.module", "externalRef": true, "fullName": "qx.module.Storage", "type": "bootstrap"}, "type": "class"}, {"attributes": {"isStatic": true, "name": "Template", "packageName": "qx.module", "externalRef": true, "fullName": "qx.module.Template", "type": "bootstrap"}, "type": "class"}, {"attributes": {"isStatic": true, "name": "TextSelection", "packageName": "qx.module", "externalRef": true, "fullName": "qx.module.TextSelection", "type": "bootstrap"}, "type": "class"}, {"attributes": {"isStatic": true, "name": "Transform", "packageName": "qx.module", "externalRef": true, "fullName": "qx.module.Transform", "type": "bootstrap"}, "type": "class"}, {"attributes": {"isStatic": true, "group": "Core", "name": "Traversing", "packageName": "qx.module", "externalRef": true, "fullName": "qx.module.Traversing", "type": "bootstrap"}, "type": "class"}]}, {"attributes": {"text": "<p>This package contains all modules for {@link qxWeb}. These classes are implementation\ndetails and should not be used directly. Take a look at the {@link qxWeb} documentation\nto see what methods are available to use.</p>"}, "type": "desc"}]}, {"attributes": {"packageName": "qx", "fullName": "qx.type", "name": "type"}, "type": "package", "children": [{"type": "classes", "children": [{"attributes": {"name": "BaseArray", "packageName": "qx.type", "externalRef": true, "superClass": "Array", "childClasses": "qxWeb", "fullName": "qx.type.BaseArray", "type": "bootstrap"}, "type": "class"}, {"attributes": {"name": "BaseError", "packageName": "qx.type", "externalRef": true, "superClass": "Error", "childClasses": "qx.core.AssertionError,qx.core.ValidationError", "fullName": "qx.type.BaseError", "type": "class"}, "type": "class"}]}, {"attributes": {"text": "<p>Extended and improved versions of JavaScript&#8217;s native types.</p>"}, "type": "desc"}]}, {"attributes": {"packageName": "qx", "fullName": "qx.ui", "name": "ui"}, "type": "package", "children": [{"type": "packages", "children": [{"attributes": {"packageName": "qx.ui", "fullName": "qx.ui.website", "name": "website"}, "type": "package", "children": [{"type": "classes", "children": [{"attributes": {"group": "Widget", "name": "Accordion", "packageName": "qx.ui.website", "externalRef": true, "superClass": "qx.ui.website.Tabs", "fullName": "qx.ui.website.Accordion", "type": "bootstrap"}, "type": "class"}, {"attributes": {"group": "Widget", "name": "Button", "packageName": "qx.ui.website", "externalRef": true, "superClass": "qx.ui.website.Widget", "fullName": "qx.ui.website.Button", "type": "bootstrap"}, "type": "class"}, {"attributes": {"group": "Widget", "name": "Calendar", "packageName": "qx.ui.website", "externalRef": true, "superClass": "qx.ui.website.Widget", "fullName": "qx.ui.website.Calendar", "type": "bootstrap"}, "type": "class"}, {"attributes": {"group": "Widget", "name": "DatePicker", "packageName": "qx.ui.website", "externalRef": true, "superClass": "qx.ui.website.Widget", "fullName": "qx.ui.website.DatePicker", "type": "bootstrap"}, "type": "class"}, {"attributes": {"group": "Widget", "name": "Rating", "packageName": "qx.ui.website", "externalRef": true, "superClass": "qx.ui.website.Widget", "fullName": "qx.ui.website.Rating", "type": "bootstrap"}, "type": "class"}, {"attributes": {"group": "Widget", "name": "Slider", "packageName": "qx.ui.website", "externalRef": true, "superClass": "qx.ui.website.Widget", "fullName": "qx.ui.website.Slider", "type": "bootstrap"}, "type": "class"}, {"attributes": {"group": "Widget", "name": "Table", "packageName": "qx.ui.website", "externalRef": true, "superClass": "qx.ui.website.Widget", "fullName": "qx.ui.website.Table", "type": "bootstrap"}, "type": "class"}, {"attributes": {"group": "Widget", "name": "Tabs", "packageName": "qx.ui.website", "externalRef": true, "superClass": "qx.ui.website.Widget", "childClasses": "qx.ui.website.Accordion", "fullName": "qx.ui.website.Tabs", "type": "bootstrap"}, "type": "class"}, {"attributes": {"group": "Widget", "name": "Widget", "packageName": "qx.ui.website", "externalRef": true, "superClass": "qxWeb", "childClasses": "qx.ui.website.Button,qx.ui.website.Calendar,qx.ui.website.DatePicker,qx.ui.website.Rating,qx.ui.website.Slider,qx.ui.website.Table,qx.ui.website.Tabs", "fullName": "qx.ui.website.Widget", "type": "bootstrap"}, "type": "class"}]}, {"attributes": {"text": "<p>The qooxdoo website <span class=\"caps\">GUI</span> toolkit includes a large set of widgets to be used\non websites in combination with {@link qxWeb}.</p>"}, "type": "desc"}]}]}, {"attributes": {"text": "<p>The qooxdoo <span class=\"caps\">GUI</span> toolkit includes a large set of widgets and layouts to\ncreate your application&#8217;s user interface. This is what you want to look at if\nyou are building a <span class=\"caps\">GUI</span> application.</p>\n\n<h2>GUI Widgets and Facilities</h2>\n\n<p>The <strong>qx.ui</strong> namespace contains classes to construct graphical user\ninterfaces. This is a rich and diverse namespace containing packages and\nclasses on varying levels of granularity, from component-like date chooser\nand complex high-level tree widgets over primitive <span class=\"caps\">GUI</span> elements (like atoms)\nto various kinds of helper classes that make the widgets work. This package\ndescription can only provide a coarse overview to give you a head start.\nFollow the provided links to the individual packages and classes to get more\ndetailed information.</p>\n\n<p>To <strong>build a <span class=\"caps\">GUI</span></strong> it is usually a good idea to start with one of the\n<strong>qx.ui.container</strong> widgets, add a layout manager and then some functional\nwidgets to it. This helps you to organize your application.  A\nminimal example for creating a user interface might look like this:</p>\n\n<pre class=\"javascript\">\nvar c = new qx.ui.container.Composite(new qx.ui.layout.Grow); // this adds the layout manager in one go\nvar b = new qx.ui.form.Button(\"Push me!\");\nc.add(b);\nvar l = new qx.ui.basic.Label(\"Don't push this button!\");\nc.add(l);\nb.addListener(\"execute\", function (e) {\n   alert(\"Argh ... you did it!\");\n}, this);\n</pre>\n\n<p>Make sure you also check the <a href=\"http://manual.qooxdoo.org/current/pages/tool/getting_started.html\">&#8220;hello world&#8221; tutorial</a> for a minimal working application with <span class=\"caps\">GUI</span> elements.</p>\n\n<p>Here is a <strong>topical grouping</strong> of useful widgets and packages for <span class=\"caps\">GUI</span> creation:\n<ul>\n  <li><b>Laying the groundwork for your <span class=\"caps\">GUI</span>:</b></p>\n\n<p>{@link container}</li></p>\n\n<li><b>Organising what's on the screen:</b>\n\n<p>{@link tabview}; {@link splitpane} (dividing the screen);\n    {@link groupbox}, {@link embed}</li></p>\n\n<li><b>Typical user interaction widgets:</b>\n\n<p>{@link qx.ui.basic.Label}, {@link qx.ui.form.Button}, {@link qx.ui.form.TextField}</li></p>\n\n<li><b>Highly specialised interaction widgets:</b>\n\n<p>The classes of the <b>qx.ui.tree*</b> packages (like\n    {@link qx.ui.tree.Tree}); {@link qx.ui.table}</li></p>\n\n<li><b>Making it all work:</b>\n\n<p>{@link qx.event}; {@link qx.data}</li></p>\n\n<li><b>The icing:</b> Here are some packages that are relevant for advanced\n    features of your GUI app:\n\n<p>{@link qx.theme}</li>\n</ul></p>\n\n<p>Following is a complete list of the available <strong>qx.ui</strong> packages:</p>"}, "type": "desc"}]}, {"attributes": {"packageName": "qx", "fullName": "qx.util", "name": "util"}, "type": "package", "children": [{"type": "classes", "children": [{"attributes": {"isStatic": true, "name": "ColorUtil", "packageName": "qx.util", "externalRef": true, "fullName": "qx.util.ColorUtil", "type": "bootstrap"}, "type": "class"}, {"attributes": {"isStatic": true, "name": "DisposeUtil", "packageName": "qx.util", "externalRef": true, "fullName": "qx.util.DisposeUtil", "type": "class"}, "type": "class"}, {"attributes": {"name": "ObjectPool", "packageName": "qx.util", "externalRef": true, "superClass": "qx.core.Object", "childClasses": "qx.event.Pool", "fullName": "qx.util.ObjectPool", "type": "class"}, "type": "class"}, {"attributes": {"isStatic": true, "name": "OOUtil", "packageName": "qx.util", "externalRef": true, "fullName": "qx.util.OOUtil", "type": "bootstrap"}, "type": "class"}, {"attributes": {"isStatic": true, "name": "Request", "packageName": "qx.util", "externalRef": true, "fullName": "qx.util.Request", "type": "bootstrap"}, "type": "class"}, {"attributes": {"packageName": "qx.util", "externalRef": true, "type": "bootstrap", "fullName": "qx.util.ResponseParser", "name": "ResponseParser"}, "type": "class"}, {"attributes": {"name": "RingBuffer", "packageName": "qx.util", "externalRef": true, "superClass": "Object", "childClasses": "qx.log.appender.RingBuffer", "fullName": "qx.util.RingBuffer", "type": "bootstrap"}, "type": "class"}, {"attributes": {"isStatic": true, "name": "StringEscape", "packageName": "qx.util", "externalRef": true, "fullName": "qx.util.StringEscape", "type": "bootstrap"}, "type": "class"}, {"attributes": {"isStatic": true, "name": "StringSplit", "packageName": "qx.util", "externalRef": true, "fullName": "qx.util.StringSplit", "type": "bootstrap"}, "type": "class"}, {"attributes": {"isStatic": true, "name": "Uri", "packageName": "qx.util", "externalRef": true, "fullName": "qx.util.Uri", "type": "bootstrap"}, "type": "class"}, {"attributes": {"isStatic": true, "name": "Wheel", "packageName": "qx.util", "externalRef": true, "fullName": "qx.util.Wheel", "type": "bootstrap"}, "type": "class"}]}, {"type": "packages", "children": [{"attributes": {"packageName": "qx.util", "fullName": "qx.util.placement", "name": "placement"}, "type": "package", "children": [{"type": "classes", "children": [{"attributes": {"name": "AbstractAxis", "packageName": "qx.util.placement", "externalRef": true, "superClass": "Object", "fullName": "qx.util.placement.AbstractAxis", "type": "bootstrap"}, "type": "class"}, {"attributes": {"isStatic": true, "name": "BestFitAxis", "packageName": "qx.util.placement", "externalRef": true, "fullName": "qx.util.placement.BestFitAxis", "type": "bootstrap"}, "type": "class"}, {"attributes": {"isStatic": true, "name": "DirectAxis", "packageName": "qx.util.placement", "externalRef": true, "fullName": "qx.util.placement.DirectAxis", "type": "bootstrap"}, "type": "class"}, {"attributes": {"isStatic": true, "name": "KeepAlignAxis", "packageName": "qx.util.placement", "externalRef": true, "fullName": "qx.util.placement.KeepAlignAxis", "type": "bootstrap"}, "type": "class"}]}, {"attributes": {"text": "<p>qx.util.placement package</p>"}, "type": "desc"}]}]}, {"attributes": {"text": "<p>Utility and helper classes.</p>"}, "type": "desc"}]}, {"attributes": {"packageName": "qx", "fullName": "qx.xml", "name": "xml"}, "type": "package", "children": [{"type": "classes", "children": [{"attributes": {"isStatic": true, "name": "Document", "packageName": "qx.xml", "externalRef": true, "fullName": "qx.xml.Document", "type": "bootstrap"}, "type": "class"}]}, {"attributes": {"text": "<p>The <code>qx.xml</code> name space provides static wrapper functions to allow for cross-browser\n<span class=\"caps\">XML</span> handling.</p>\n\n<p>The <code>Document</code> class allows you to create <span class=\"caps\">XML</span> documents in various\nways; they return a native <span class=\"caps\">DOM</span> document. The <code>Element</code> class\nprovides cross-browser methods related to <span class=\"caps\">DOM</span> elements, like setting an <span class=\"caps\">XML</span>\nname space on an element. The <code>String</code> class provides <span class=\"caps\">XML</span>-specific\nescape/unescape methods.</p>"}, "type": "desc"}]}]}, {"attributes": {"text": "<p>This is the framework&#8217;s top-level namespace or &#8220;package&#8221;.</p>\n\n<p>It contains some fundamental classes, while the rest of the  class hierarchy \nis available in the corresponding sub packages. Please see  the descriptions \nbelow. The little <b>+</b> preceding a name offers more descriptive text when \nyou click on it.</p>\n\n<p>All packages are structured in the same way. Use either the hyperlinks in\nthe listing, or the tree structure to navigate to the corresponding packages \nand their documentation. You can also use the <i>Search</i> button to find \ncertain class and method names, and the <i>Legend</i> button for information \nabout the symbols used throughout this reference. Use the toolbar buttons to\nto the right to tailor the amount of information that is displayed with each\nclass, e.g. you can enable display of inherited or protected class members.</p>"}, "type": "desc"}]}]}, {"type": "classes", "children": [{"attributes": {"group": "Core", "name": "qxWeb", "packageName": "", "externalRef": true, "superClass": "qx.type.BaseArray", "childClasses": "qx.ui.website.Widget", "fullName": "qxWeb", "type": "bootstrap"}, "type": "class"}]}]}