{"__fullNames__":["qx", "qx.Bootstrap", "qx.Class", "qx.Interface", "qx.Mixin", "qx.bom", "qx.bom.client", "qx.bom.client.Browser", "qx.bom.client.Css", "qx.bom.client.CssAnimation", "qx.bom.client.CssTransform", "qx.bom.client.CssTransition", "qx.bom.client.Device", "qx.bom.client.EcmaScript", "qx.bom.client.Engine", "qx.bom.client.Event", "qx.bom.client.Html", "qx.bom.client.OperatingSystem", "qx.bom.client.Plugin", "qx.bom.client.Stylesheet", "qx.bom.client.Transport", "qx.bom.client.Xml", "qx.bom.element", "qx.bom.element.Animation", "qx.bom.element.AnimationCss", "qx.bom.element.AnimationHandle", "qx.bom.element.AnimationJs", "qx.bom.element.Attribute", "qx.bom.element.BoxSizing", "qx.bom.element.Class", "qx.bom.element.Clip", "qx.bom.element.Cursor", "qx.bom.element.Dataset", "qx.bom.element.Dimension", "qx.bom.element.Location", "qx.bom.element.Opacity", "qx.bom.element.Style", "qx.bom.element.Transform", "qx.bom.request", "qx.bom.request.Jsonp", "qx.bom.request.Script", "qx.bom.request.SimpleXhr", "qx.bom.request.Xhr", "qx.bom.rest", "qx.bom.rest.Resource", "qx.bom.storage", "qx.bom.storage.Memory", "qx.bom.storage.UserData", "qx.bom.storage.Web", "qx.bom.AnimationFrame", "qx.bom.Cookie", "qx.bom.Document", "qx.bom.Event", "qx.bom.Html", "qx.bom.Input", "qx.bom.MediaQuery", "qx.bom.Range", "qx.bom.Selection", "qx.bom.Selector", "qx.bom.Storage", "qx.bom.String", "qx.bom.Style", "qx.bom.Stylesheet", "qx.bom.Template", "qx.bom.Viewport", "qx.core", "qx.core.Aspect", "qx.core.Assert", "qx.core.AssertionError", "qx.core.Environment", "qx.core.GlobalError", "qx.core.MAssert", "qx.core.MEvent", "qx.core.MLogging", "qx.core.MProperty", "qx.core.Object", "qx.core.ObjectRegistry", "qx.core.Property", "qx.core.ValidationError", "qx.core.WindowError", "qx.data", "qx.data.IListData", "qx.data.MBinding", "qx.data.SingleValueBinding", "qx.dev", "qx.dev.FakeServer", "qx.dev.StackTrace", "qx.dev.unit", "qx.dev.unit.Sinon", "qx.dom", "qx.dom.Element", "qx.dom.Hierarchy", "qx.dom.Node", "qx.event", "qx.event.Emitter", "qx.event.GlobalError", "qx.event.IEventDispatcher", "qx.event.IEventHandler", "qx.event.Manager", "qx.event.Messaging", "qx.event.Pool", "qx.event.Registration", "qx.event.dispatch", "qx.event.dispatch.Direct", "qx.event.handler", "qx.event.handler.GestureCore", "qx.event.handler.Object", "qx.event.handler.OrientationCore", "qx.event.handler.PointerCore", "qx.event.handler.TouchCore", "qx.event.type", "qx.event.type.Data", "qx.event.type.Event", "qx.event.type.dom", "qx.event.type.dom.Custom", "qx.event.type.dom.Pointer", "qx.event.util", "qx.event.util.Keyboard", "qx.lang", "qx.lang.normalize", "qx.lang.normalize.Array", "qx.lang.normalize.Date", "qx.lang.normalize.Error", "qx.lang.normalize.Function", "qx.lang.normalize.Object", "qx.lang.normalize.String", "qx.lang.Array", "qx.lang.Function", "qx.lang.Json", "qx.lang.Object", "qx.lang.String", "qx.lang.Type", "qx.log", "qx.log.appender", "qx.log.appender.RingBuffer", "qx.log.Logger", "qx.module", "qx.module.dev", "qx.module.dev.FakeServer", "qx.module.event", "qx.module.event.GestureHandler", "qx.module.event.Keyboard", "qx.module.event.Mouse", "qx.module.event.Native", "qx.module.event.Orientation", "qx.module.event.OrientationHandler", "qx.module.event.Pinch", "qx.module.event.Pointer", "qx.module.event.PointerHandler", "qx.module.event.Rotate", "qx.module.event.Swipe", "qx.module.event.Tap", "qx.module.event.Touch", "qx.module.event.TouchHandler", "qx.module.event.Track", "qx.module.util", "qx.module.util.Array", "qx.module.util.Function", "qx.module.util.Object", "qx.module.util.String", "qx.module.util.Type", "qx.module.Animation", "qx.module.Attribute", "qx.module.Blocker", "qx.module.Cookie", "qx.module.Core", "qx.module.Css", "qx.module.Dataset", "qx.module.Environment", "qx.module.Event", "qx.module.Io", "qx.module.Manipulating", "qx.module.MatchMedia", "qx.module.Messaging", "qx.module.Placeholder", "qx.module.Placement", "qx.module.Polyfill", "qx.module.Rest", "qx.module.Storage", "qx.module.Template", "qx.module.TextSelection", "qx.module.Transform", "qx.module.Traversing", "qx.type", "qx.type.BaseArray", "qx.type.BaseError", "qx.ui", "qx.ui.website", "qx.ui.website.Accordion", "qx.ui.website.Button", "qx.ui.website.Calendar", "qx.ui.website.DatePicker", "qx.ui.website.Rating", "qx.ui.website.Slider", "qx.ui.website.Table", "qx.ui.website.Tabs", "qx.ui.website.Widget", "qx.util", "qx.util.ColorUtil", "qx.util.DisposeUtil", "qx.util.ObjectPool", "qx.util.OOUtil", "qx.util.Request", "qx.util.ResponseParser", "qx.util.RingBuffer", "qx.util.StringEscape", "qx.util.StringSplit", "qx.util.Uri", "qx.util.Wheel", "qx.util.placement", "qx.util.placement.AbstractAxis", "qx.util.placement.BestFitAxis", "qx.util.placement.DirectAxis", "qx.util.placement.KeepAlignAxis", "qx.xml", "qx.xml.Document", "qxWeb"], "__index__":{"#":[[0, 0]], "#$attach":[[3, 216]], "#$attachInit":[[3, 216]], "#$attachStatic":[[3, 216]], "#$getHookRegistry":[[4, 169]], "#$getRegistry":[[3, 169]], "#$init":[[3, 216]], "#$offFirstCollection":[[3, 196]], "#$onFirstCollection":[[3, 196]], "#$registerEventHook":[[4, 169]], "#$registerNormalization":[[3, 169]], "#$unregisterEventHook":[[4, 169]], "#$unregisterNormalization":[[3, 169]], "#ATTRIBUTE":[[5, 92]], "#AT_TARGET":[[5, 112]], "#BIND_METHODS":[[5, 115], [5, 141], [5, 142], [5, 143], [5, 144], [5, 146], [5, 149], [5, 150], [5, 151], [5, 154]], "#BUBBLING_PHASE":[[5, 112]], "#BUTTONS_DOM2":[[5, 142]], "#BUTTONS_MSHTML":[[5, 142]], "#CAPTURING_PHASE":[[5, 112]], "#CASCADED_MODE":[[5, 36]], "#CDATA_SECTION":[[5, 92]], "#COMMENT":[[5, 92]], "#COMPUTED_MODE":[[5, 36]], "#DEBUG":[[5, 1]], "#DEFAULTMESSAGE":[[5, 185]], "#DOCUMENT":[[5, 92]], "#DOCUMENT_FRAGMENT":[[5, 92]], "#DOCUMENT_TYPE":[[5, 92]], "#DOMDOC":[[5, 215]], "#DONE":[[5, 42]], "#DOUBLETAP_TIME":[[5, 105]], "#ELEMENT":[[5, 92]], "#ENTITY":[[5, 92]], "#ENTITY_REFERENCE":[[5, 92]], "#EQUALITY_ATTRIBUTES":[[5, 182]], "#FACTOR":[[5, 208]], "#FILENAME_TO_CLASSNAME":[[5, 86]], "#FORMAT_STACKTRACE":[[5, 86]], "#FORWARD_METHODS":[[5, 143]], "#GESTURE_EVENTS":[[5, 105]], "#HEADERS_RECEIVED":[[5, 42]], "#IGNORE_CAN_HANDLE":[[5, 106]], "#LOADING":[[5, 42]], "#LOADSTART":[[5, 1]], "#LOCAL_MODE":[[5, 36]], "#LONGTAP_TIME":[[5, 105], [5, 109]], "#MAXSCROLL":[[5, 208]], "#MINSCROLL":[[5, 208]], "#MOUSE_PROPERTIES":[[5, 115]], "#MOUSE_TO_POINTER_MAPPING":[[5, 108]], "#MSPOINTER_TO_POINTER_MAPPING":[[5, 108]], "#NAMED":[[5, 198]], "#NOTATION":[[5, 92]], "#OPENED":[[5, 42]], "#PARSER":[[5, 203]], "#PLACEHOLDER_NAME":[[5, 174]], "#POINTER_PROPERTIES":[[5, 115]], "#POINTER_TO_GESTURE_MAPPING":[[5, 108]], "#POLL_THROTTLE_COUNT":[[5, 44]], "#POLL_THROTTLE_LIMIT":[[5, 44]], "#PRIORITY":[[5, 103], [5, 106]], "#PRIORITY_FIRST":[[5, 101]], "#PRIORITY_LAST":[[5, 101]], "#PRIORITY_NORMAL":[[5, 101]], "#PROCESSING_INSTRUCTION":[[5, 92]], "#PROPERTIES":[[5, 114]], "#REGEXP":[[5, 198]], "#REQUIRED":[[5, 44]], "#ROLL_FACTOR":[[5, 105]], "#SIM_MOUSE_DELAY":[[5, 108]], "#SIM_MOUSE_DISTANCE":[[5, 108]], "#SUPPORTED_TYPES":[[5, 106]], "#SWIPE_DIRECTION":[[5, 105], [5, 109]], "#SWIPE_MIN_DISTANCE":[[5, 109]], "#SWIPE_MIN_VELOCITY":[[5, 109]], "#SYSTEM":[[5, 198]], "#TAP_MAX_DISTANCE":[[5, 105], [5, 109]], "#TARGET_CHECK":[[5, 106]], "#TARGET_DOCUMENT":[[5, 97]], "#TARGET_DOMNODE":[[5, 97]], "#TARGET_OBJECT":[[5, 97]], "#TARGET_WINDOW":[[5, 97]], "#TEXT":[[5, 92]], "#TIMEOUT":[[5, 49]], "#TOUCH_TO_POINTER_MAPPING":[[5, 108]], "#TO_CHARCODE":[[5, 60]], "#TYPES":[[5, 105], [5, 140], [5, 141], [5, 142], [5, 143], [5, 144], [5, 145], [5, 146], [5, 147], [5, 148], [5, 149], [5, 150], [5, 151], [5, 152], [5, 153], [5, 154]], "#UNSENT":[[5, 42]], "#VENDOR_PREFIXES":[[5, 61]], "#XMLHTTP":[[5, 215]], "#__Property":[[5, 2]], "#__WEBKIT_LEGACY_GRADIENT":[[5, 8]], "#__activateTransition":[[6, 188]], "#__addClassToHeaderAndFooter":[[6, 194]], "#__addEvents":[[6, 2]], "#__addInputListener":[[6, 191]], "#__addInterface":[[6, 2]], "#__addKeyFrames":[[6, 24]], "#__addMembers":[[6, 2]], "#__addMixin":[[6, 2]], "#__addProperties":[[6, 2]], "#__addSortingClassToCol":[[6, 194]], "#__addToIndex":[[6, 204]], "#__agents":[[5, 7]], "#__allowedKeys":[[5, 2], [5, 3], [5, 4]], "#__animateScroll":[[6, 171]], "#__appender":[[5, 135]], "#__applyRepeat":[[6, 26]], "#__applyStyles":[[6, 26]], "#__applyTemplate":[[6, 194]], "#__attachBlocker":[[6, 163]], "#__attachGroupMethods":[[6, 77]], "#__attachPropertyMethods":[[6, 77]], "#__bindEventToProperty":[[6, 83]], "#__bindings":[[5, 83]], "#__buffer":[[5, 135]], "#__cache":[[5, 69]], "#__calculateDelta":[[6, 26]], "#__callBase":[[6, 39]], "#__callback":[[5, 95]], "#__chainListener":[[6, 83]], "#__changed":[[6, 55]], "#__checkColumnExistance":[[6, 194]], "#__checkDisposed":[[6, 42]], "#__checkEvents":[[6, 3]], "#__checkForArrayInPropertyChain":[[6, 83]], "#__checkMembers":[[6, 3]], "#__checkParameters":[[6, 44]], "#__checkProperties":[[6, 3]], "#__checks":[[5, 77]], "#__classToTypeMap":[[5, 1]], "#__compareDate":[[6, 194]], "#__compareNumber":[[6, 194]], "#__compareString":[[6, 194]], "#__computeBody":[[5, 34]], "#__computeOffset":[[6, 34]], "#__computeScroll":[[6, 34]], "#__configureJsonRequest":[[6, 44]], "#__configureRequest":[[6, 44]], "#__context":[[5, 95]], "#__convertHtmlString":[[6, 53]], "#__convertMap":[[5, 53]], "#__convertValue":[[6, 83]], "#__createCheck":[[6, 69]], "#__createClass":[[6, 2]], "#__createDefaultConstructor":[[6, 2]], "#__createEmptyFunction":[[6, 2]], "#__createInput":[[6, 194]], "#__createInputs":[[6, 194]], "#__createPlaceholderElement":[[6, 174]], "#__createRefresher":[[6, 77]], "#__createRequest":[[6, 44]], "#__createScriptElement":[[6, 40]], "#__cssAnimationKeys":[[5, 24]], "#__cssKeys":[[5, 37]], "#__cssName":[[5, 61]], "#__cssNames":[[5, 36]], "#__db":[[5, 18]], "#__deactivateTransition":[[6, 188]], "#__declareEvent":[[6, 44]], "#__defaultColumnSort":[[6, 194]], "#__defaultConversion":[[6, 83]], "#__deleteCustomCallback":[[6, 39]], "#__deleteRows":[[6, 194]], "#__dereference":[[5, 77]], "#__detachBlocker":[[6, 163]], "#__detect":[[6, 135]], "#__detectClickedCell":[[6, 194]], "#__detectVendorProperties":[[6, 36]], "#__dimensions":[[5, 37]], "#__dispatchers":[[5, 101]], "#__displayDefaults":[[5, 166]], "#__disposeScriptElement":[[6, 40]], "#__emitCallCallback":[[6, 77]], "#__emitIncomingValueTransformation":[[6, 77]], "#__emitIncomingValueValidation":[[6, 77]], "#__emitNormalizeUndefinedValues":[[6, 77]], "#__emitOldNewComparison":[[6, 77]], "#__emitRefreshChildrenValue":[[6, 77]], "#__emitSetterPreConditions":[[6, 77]], "#__emitStoreComputedAndOldValue":[[6, 77]], "#__emitStoreInheritedPropertyValue":[[6, 77]], "#__emitStoreValue":[[6, 77]], "#__environmentGet":[[6, 40]], "#__equals":[[6, 129]], "#__errors":[[5, 77]], "#__evaluateTarget":[[6, 109]], "#__executeOptimizedRefresh":[[6, 77]], "#__fail":[[6, 67]], "#__failure":[[6, 40]], "#__fileNameToClassName":[[6, 86]], "#__fileNameToClassNameDefault":[[6, 86]], "#__fireLongTap":[[6, 105]], "#__firePinch":[[6, 105]], "#__fireRotate":[[6, 105]], "#__fireTrack":[[6, 105]], "#__fixNonDirectlyClosableHelper":[[6, 53]], "#__formatStackTrace":[[6, 86]], "#__freeHashes":[[5, 76]], "#__gatherDependency":[[6, 77]], "#__generateId":[[6, 39]], "#__getAncestors":[[4, 182]], "#__getAttributes":[[6, 182]], "#__getBlocker":[[6, 163]], "#__getBodyLocation":[[6, 34]], "#__getCellValue":[[6, 194]], "#__getCollectionFromArgument":[[4, 171]], "#__getColumName":[[6, 194]], "#__getColumnIndex":[[6, 194]], "#__getColumnMetaData":[[6, 194]], "#__getCombinedFilter":[[6, 85]], "#__getDataForColumn":[[6, 194]], "#__getDataRows":[[6, 194]], "#__getDisplayDefault":[[6, 166]], "#__getElementArray":[[4, 171]], "#__getElementFromArgument":[[6, 182]], "#__getEventForProperty":[[6, 83]], "#__getEventNameForProperty":[[6, 83]], "#__getHeaderRow":[[6, 194]], "#__getIndex":[[6, 194]], "#__getInheritablesOfClass":[[6, 77]], "#__getInnermostElement":[[4, 171]], "#__getNextValue":[[6, 26]], "#__getNodeFromArgument":[[6, 182]], "#__getOrderedKeys":[[6, 26]], "#__getOrientationNormalizer":[[6, 64]], "#__getRoot":[[6, 194]], "#__getStepTime":[[6, 26]], "#__getStorage":[[6, 94]], "#__getStore":[[6, 77]], "#__getStyleName":[[6, 36]], "#__getStylesheet":[[6, 19]], "#__getSwipeGesture":[[6, 105]], "#__getTargetFromChain":[[6, 83]], "#__getTextNode":[[6, 180]], "#__getUID":[[6, 194]], "#__getUnit":[[6, 26]], "#__getVersion":[[6, 18]], "#__getVersionForDesktopOs":[[6, 17]], "#__getVersionForMobileOs":[[6, 17]], "#__handleRollImpulse":[[6, 105]], "#__handlers":[[5, 101]], "#__hasOnlyCssKeys":[[6, 23]], "#__helperElement":[[5, 90]], "#__hex3StringToRgb":[[6, 198]], "#__hex6StringToRgb":[[6, 198]], "#__hiddenScrollbars":[[5, 33]], "#__hierarchyHelper":[[4, 182]], "#__hints":[[5, 27]], "#__hooks":[[5, 169]], "#__id":[[5, 24], [5, 47], [5, 135]], "#__ids":[[5, 12], [5, 17]], "#__impl":[[5, 59]], "#__importFromGenerator":[[6, 69]], "#__importFromUrl":[[6, 69]], "#__init":[[6, 55], [5, 216]], "#__initMatchMedia":[[6, 55]], "#__initNativeXhr":[[6, 42]], "#__initXhrProperties":[[6, 40]], "#__internalCellClass":[[5, 194]], "#__internalHeaderClass":[[5, 194]], "#__internalInputClass":[[5, 194]], "#__internalSelectionClass":[[5, 194]], "#__isAvailable":[[6, 18]], "#__isBelowDoubleTapDistance":[[6, 105]], "#__isCellRendered":[[6, 194]], "#__isChildrenContainer":[[6, 199]], "#__isDate":[[6, 194]], "#__isFilterSupported":[[6, 8]], "#__isGecko":[[6, 14]], "#__isGlobaErrorHandlingEnabled":[[6, 95]], "#__isInput":[[6, 180]], "#__isInputOrTextarea":[[6, 57]], "#__isMaple":[[6, 14]], "#__isMshtml":[[6, 14]], "#__isNetworkError":[[6, 42]], "#__isNumber":[[6, 194]], "#__isOpera":[[6, 14]], "#__isPropertyMethod":[[6, 3]], "#__isQxInstance":[[6, 67]], "#__isReady":[[5, 169]], "#__isRowRendered":[[6, 194]], "#__isWebkit":[[6, 14]], "#__keepFrame":[[6, 24]], "#__lastTouch":[[5, 108]], "#__lastUnique":[[5, 98]], "#__level":[[5, 135]], "#__levels":[[5, 135]], "#__local":[[5, 46], [5, 47], [5, 48]], "#__log":[[6, 135]], "#__logError":[[5, 67]], "#__logMessage":[[6, 73]], "#__managers":[[5, 101]], "#__map":[[5, 31]], "#__mapFromDescription":[[6, 44]], "#__mapToCss":[[6, 37]], "#__maxStepTime":[[5, 26]], "#__mixinMemberWrapper":[[6, 2]], "#__mshtmlPixel":[[5, 36]], "#__nativeBorderBox":[[5, 28]], "#__needsConstructorWrapper":[[6, 2]], "#__nextHash":[[5, 76]], "#__normalizations":[[5, 169]], "#__normalize":[[6, 208]], "#__normalizeDesc":[[6, 24]], "#__normalizeKeyFrameTransforms":[[6, 26]], "#__normalizeKeyFrames":[[6, 26]], "#__normalizeResponseXML":[[6, 42]], "#__normalizeStatus":[[6, 42]], "#__num":[[6, 34]], "#__onAnimationEnd":[[6, 24]], "#__onAnimationIteration":[[6, 24]], "#__onAnimationStart":[[6, 24]], "#__onErrorWindow":[[6, 95]], "#__onNativeAbort":[[6, 42]], "#__onNativeReadyStateChange":[[6, 42]], "#__onReadyStateDone":[[6, 41]], "#__onTimeout":[[6, 42]], "#__onUnload":[[6, 42]], "#__orientationNormalizer":[[5, 64]], "#__originalOnError":[[5, 95]], "#__pickFromValues":[[6, 69]], "#__postId":[[5, 76]], "#__processSelection":[[6, 194]], "#__processSelectionInputs":[[6, 194]], "#__readyStateChange":[[6, 42]], "#__readyStateChangeDone":[[6, 42]], "#__recalculateMultiplicator":[[6, 208]], "#__registerAtHandler":[[6, 98]], "#__registerEvents":[[6, 194]], "#__registry":[[5, 66], [5, 76]], "#__resetTargetValue":[[6, 83]], "#__retrospectWrapConstruct":[[6, 2]], "#__rgbStringToRgb":[[6, 198]], "#__rgbaStringToRgb":[[6, 198]], "#__rulePrefix":[[5, 24]], "#__rules":[[5, 24]], "#__selectionRendered":[[6, 194]], "#__selectionTypes":[[5, 194]], "#__serialize":[[6, 135]], "#__session":[[5, 46], [5, 47], [5, 48]], "#__setIcon":[[6, 191]], "#__setInitialValue":[[6, 83]], "#__setReadOnly":[[6, 191]], "#__setSortingClass":[[6, 194]], "#__setTargetValue":[[6, 83]], "#__setUpTargetBinding":[[6, 83]], "#__shadowedKeys":[[5, 1]], "#__sheet":[[5, 24]], "#__shouldBeDereferenced":[[6, 77]], "#__sort":[[6, 194]], "#__sortDOM":[[6, 194]], "#__special":[[5, 36]], "#__splitter":[[5, 29]], "#__stackTraces":[[5, 76]], "#__staticAllowedKeys":[[5, 2]], "#__stopLongTapTimer":[[6, 105]], "#__storage":[[5, 94]], "#__storeBinding":[[6, 83]], "#__stringsMap":[[5, 130]], "#__style":[[6, 34]], "#__styleBlocker":[[6, 163]], "#__styleNames":[[5, 36]], "#__supports":[[5, 61]], "#__supportsErrorHandler":[[6, 40]], "#__supportsManyRequests":[[6, 42]], "#__swap":[[6, 166]], "#__syncStyles":[[6, 174]], "#__toParameterPair":[[6, 207]], "#__toString":[[6, 67]], "#__toggleTransitions":[[6, 188]], "#__transitionKeys":[[5, 24], [5, 26]], "#__trim":[[5, 29]], "#__types":[[5, 54]], "#__unicodeFirstLetterInWordRegexp":[[5, 130]], "#__unicodeLetters":[[5, 130]], "#__units":[[5, 26]], "#__unregisterAtHandler":[[6, 98]], "#__unwrapFunctionFromCode":[[6, 77]], "#__usesNativeBorderBox":[[6, 28]], "#__validateAbstractInterfaces":[[6, 2]], "#__validateConfig":[[6, 2], [6, 3], [6, 4]], "#__validateDesc":[[6, 24]], "#__validateProperty":[[6, 2]], "#__valueToPosition":[[6, 193]], "#__wrap":[[6, 179]], "#__wrapConstructor":[[6, 2]], "#__wrapInterfaceMember":[[6, 3]], "#_addListener":[[7, 99]], "#_animate":[[7, 24], [7, 26], [7, 161]], "#_animationDescription":[[5, 171]], "#_asyncChecks":[[5, 69]], "#_calcAngle":[[7, 105]], "#_calcDistance":[[7, 105]], "#_calcSingleTouchDelta":[[7, 109]], "#_calcTouchesDelta":[[7, 109]], "#_calendarChangeValue":[[7, 191]], "#_checks":[[5, 69]], "#_checksMap":[[5, 69]], "#_collectContainerChildren":[[7, 199]], "#_commonTouchEventHandler":[[7, 109]], "#_computePlacement":[[7, 175]], "#_config":[[5, 188], [5, 190], [5, 191], [5, 192], [5, 193], [5, 194], [5, 195]], "#_createEvent":[[7, 114], [7, 115]], "#_createNativeXhr":[[7, 42]], "#_createNodeFromTemplate":[[7, 63]], "#_createResponseParser":[[7, 41]], "#_createTransport":[[7, 41]], "#_detectTouchesByPointer":[[7, 109]], "#_disposeArray":[[7, 75]], "#_disposeMap":[[7, 75]], "#_disposeObjects":[[7, 75]], "#_disposeSingletonObjects":[[7, 75]], "#_emit":[[7, 40], [7, 42], [7, 99]], "#_emitListeners":[[7, 99]], "#_emitRoute":[[7, 99]], "#_fadeIn":[[5, 161]], "#_fadeOut":[[5, 161]], "#_fireEvent":[[7, 105], [7, 108], [7, 109]], "#_fireRoll":[[7, 105]], "#_focusNextDay":[[7, 190]], "#_focusPrevDay":[[7, 190]], "#_forEachElement":[[7, 216]], "#_forEachElementWrapped":[[7, 216]], "#_getAxis":[[7, 175]], "#_getClassNameFromEnvKey":[[7, 69]], "#_getControlsData":[[7, 190]], "#_getData":[[7, 196]], "#_getDayRowData":[[7, 190]], "#_getDeltaCoordinates":[[7, 105]], "#_getDragBoundaries":[[7, 193]], "#_getHalfKnobWidth":[[7, 193]], "#_getHelpDate":[[7, 190]], "#_getKnobContent":[[7, 193]], "#_getNearestValue":[[7, 193]], "#_getPage":[[7, 195]], "#_getParser":[[7, 203]], "#_getPixels":[[7, 193]], "#_getPositionX":[[7, 175]], "#_getPositionY":[[7, 175]], "#_getProtocol":[[7, 42]], "#_getRegExp":[[7, 85]], "#_getRequest":[[7, 44]], "#_getRequestConfig":[[7, 44]], "#_getRequestHandler":[[7, 44]], "#_getRotationAngle":[[7, 109]], "#_getScalingDistance":[[7, 109]], "#_getScriptElement":[[7, 40]], "#_getTable":[[7, 190]], "#_getTarget":[[7, 109]], "#_getThrottleCount":[[7, 44]], "#_getThrottleLimit":[[7, 44]], "#_getUrl":[[7, 40]], "#_getWeekRows":[[7, 190]], "#_hasIntermediaryHandler":[[7, 105]], "#_initDefaultQxValues":[[7, 69]], "#_initEvent":[[7, 114], [7, 115]], "#_initObserver":[[7, 105], [7, 107], [7, 108]], "#_initPointerObserver":[[7, 108]], "#_initTouchObserver":[[7, 109]], "#_inputFix":[[7, 141]], "#_isBelowTapMaxDistance":[[7, 105]], "#_isInRange":[[7, 210], [5, 211], [5, 213]], "#_isSimulatedMouseEvent":[[7, 108]], "#_mapPointerEvent":[[7, 109]], "#_moveToEdgeAndAlign":[[7, 210], [5, 211], [5, 212], [5, 213]], "#_nextMonth":[[7, 190]], "#_normalizeDate":[[7, 190]], "#_onAbort":[[7, 41]], "#_onBlur":[[7, 190], [7, 192]], "#_onBodyTap":[[7, 191]], "#_onCalendarTap":[[7, 191]], "#_onDblClick":[[7, 105]], "#_onDocPointerUp":[[7, 193]], "#_onDragStart":[[7, 193]], "#_onError":[[7, 41]], "#_onFocus":[[7, 190], [7, 192]], "#_onKeyDown":[[7, 188], [7, 190], [7, 192], [7, 193], [7, 195]], "#_onKnobBlur":[[7, 193]], "#_onKnobFocus":[[7, 193]], "#_onLoadEnd":[[7, 41]], "#_onMouseEvent":[[7, 108]], "#_onNative":[[7, 107]], "#_onNativeError":[[7, 40]], "#_onNativeLoad":[[7, 39], [7, 40]], "#_onPointerDown":[[7, 193]], "#_onPointerEvent":[[7, 108]], "#_onPointerMove":[[7, 193]], "#_onReadyStateChange":[[7, 41]], "#_onSliderFocus":[[7, 193]], "#_onSliderPointerUp":[[7, 193]], "#_onTap":[[7, 188], [7, 191], [7, 192], [7, 195]], "#_onTimeout":[[7, 40], [7, 41]], "#_onTouchEvent":[[7, 108], [7, 109]], "#_onWindowResize":[[7, 193]], "#_prevMonth":[[7, 190]], "#_readyStateChange":[[7, 40]], "#_recursivelyCollect":[[7, 91]], "#_registerTransportListener":[[7, 41]], "#_selectDay":[[7, 190]], "#_serializeData":[[7, 41]], "#_setData":[[7, 196]], "#_setKnobPosition":[[7, 193]], "#_setResponse":[[7, 41]], "#_showPage":[[7, 188], [7, 195]], "#_startPoll":[[7, 44]], "#_stopObserver":[[7, 105], [7, 107], [7, 108]], "#_stopTouchObserver":[[7, 109]], "#_storePageHeight":[[7, 188]], "#_success":[[7, 40]], "#_switchPages":[[7, 188], [7, 195]], "#_templates":[[5, 188], [5, 190], [5, 193], [5, 195]], "#_updateSymbolLength":[[7, 192]], "#abort":[[8, 40], [3, 40], [3, 41], [8, 42], [3, 42], [3, 44]], "#accordion":[[3, 188]], "#actionError":[[8, 44]], "#actionSuccess":[[8, 44]], "#add":[[3, 29], [3, 69], [3, 168], [3, 182]], "#addAdvice":[[3, 66]], "#addAsync":[[3, 69]], "#addButton":[[3, 195]], "#addClass":[[3, 166]], "#addClasses":[[3, 29], [3, 166]], "#addDispatcher":[[3, 101]], "#addEntry":[[3, 204]], "#addFilter":[[3, 85], [3, 138]], "#addHandler":[[3, 101]], "#addImport":[[3, 62]], "#addListener":[[3, 72], [3, 94], [3, 98], [3, 101]], "#addListenerOnce":[[3, 41], [3, 72], [3, 94]], "#addNativeListener":[[3, 52]], "#addRule":[[3, 62]], "#after":[[3, 171]], "#allOff":[[3, 169]], "#animate":[[3, 23], [3, 24], [3, 26], [3, 161]], "#animateReverse":[[3, 23], [3, 24], [3, 26], [3, 161]], "#animationEnd":[[8, 161]], "#animationIteration":[[8, 161]], "#animationStart":[[8, 161]], "#append":[[3, 126], [3, 171]], "#appendParamsToUrl":[[3, 207]], "#appendTo":[[3, 171]], "#assert":[[3, 3], [3, 67], [3, 71]], "#assertArgumentsCount":[[3, 67], [3, 71]], "#assertArray":[[3, 67], [3, 71]], "#assertArrayEquals":[[3, 67], [3, 71]], "#assertBoolean":[[3, 67], [3, 71]], "#assertCssColor":[[3, 67], [3, 71]], "#assertElement":[[3, 67], [3, 71]], "#assertEquals":[[3, 67], [3, 71]], "#assertEventFired":[[3, 67], [3, 71]], "#assertEventNotFired":[[3, 67], [3, 71]], "#assertException":[[3, 67], [3, 71]], "#assertFalse":[[3, 67], [3, 71]], "#assertFunction":[[3, 67], [3, 71]], "#assertIdentical":[[3, 67], [3, 71]], "#assertInArray":[[3, 67], [3, 71]], "#assertInRange":[[3, 67], [3, 71]], "#assertInstance":[[3, 67], [3, 71]], "#assertInteger":[[3, 67], [3, 71]], "#assertInterface":[[3, 67], [3, 71]], "#assertJsonEquals":[[3, 67], [3, 71]], "#assertKeyInMap":[[3, 67], [3, 71]], "#assertMap":[[3, 67], [3, 71]], "#assertMatch":[[3, 67], [3, 71]], "#assertNotEquals":[[3, 67], [3, 71]], "#assertNotIdentical":[[3, 67], [3, 71]], "#assertNotNull":[[3, 67], [3, 71]], "#assertNotUndefined":[[3, 67], [3, 71]], "#assertNull":[[3, 67], [3, 71]], "#assertNumber":[[3, 67], [3, 71]], "#assertObject":[[3, 3], [3, 67], [3, 71]], "#assertPositiveInteger":[[3, 67], [3, 71]], "#assertPositiveNumber":[[3, 67], [3, 71]], "#assertQxObject":[[3, 67], [3, 71]], "#assertQxWidget":[[3, 67], [3, 71]], "#assertRegExp":[[3, 67], [3, 71]], "#assertString":[[3, 67], [3, 71]], "#assertTrue":[[3, 67], [3, 71]], "#assertType":[[3, 67], [3, 71]], "#assertUndefined":[[3, 67], [3, 71]], "#attachMethods":[[3, 77]], "#attachRefreshInheritables":[[3, 77]], "#attempt":[[3, 127]], "#base":[[3, 1], [3, 75]], "#before":[[3, 171]], "#bind":[[3, 1], [3, 82], [3, 83], [3, 123], [3, 127]], "#block":[[3, 163]], "#blur":[[3, 171]], "#button":[[3, 189]], "#calculateTiming":[[3, 49]], "#calendar":[[3, 190]], "#callback":[[3, 39]], "#camelCase":[[3, 130], [3, 159]], "#canDispatchEvent":[[3, 96], [3, 103]], "#canHandleEvent":[[3, 97], [3, 106]], "#cancelSequence":[[3, 49]], "#capitalize":[[3, 130]], "#cast":[[3, 126], [3, 156]], "#cellClicked":[[8, 194]], "#cellRender":[[8, 194]], "#change":[[8, 55], [8, 81]], "#changeLength":[[8, 81]], "#changePosition":[[8, 193]], "#changeSelected":[[8, 195]], "#changeValue":[[8, 190], [8, 192], [8, 193]], "#charCode0":[[5, 117]], "#charCode9":[[5, 117]], "#charCodeA":[[5, 117]], "#charCodeToIdentifier":[[3, 117]], "#charCodeZ":[[5, 117]], "#checkAndFireGesture":[[3, 105]], "#checkCompatibility":[[3, 4]], "#classImplements":[[3, 3]], "#classIsDefined":[[3, 201]], "#clean":[[3, 53], [3, 130]], "#cleanWhitespace":[[3, 91]], "#clear":[[3, 46], [3, 47], [3, 48], [5, 57], [3, 135], [3, 204]], "#clearHashCode":[[3, 76]], "#clearHistory":[[3, 134]], "#clearLocal":[[3, 178]], "#clearMark":[[3, 204]], "#clearSession":[[3, 178]], "#clearTextSelection":[[3, 180]], "#clone":[[3, 75], [3, 111], [3, 112], [3, 126], [3, 129], [3, 158], [3, 171]], "#compile":[[3, 27], [3, 28], [3, 30], [3, 31], [3, 35], [3, 36]], "#computeStart":[[3, 210], [3, 211], [3, 212], [3, 213]], "#concat":[[3, 184], [3, 216]], "#configure":[[3, 85], [3, 138]], "#configureRequest":[[3, 44]], "#contains":[[3, 81], [3, 91], [3, 126], [3, 129], [3, 130], [3, 158], [3, 182]], "#copyEventsTo":[[4, 169]], "#create":[[3, 54], [3, 90], [3, 127], [3, 171], [3, 196], [3, 215]], "#createElement":[[3, 62]], "#createEvent":[[3, 101]], "#createNamespace":[[4, 1]], "#cssStringToRgb":[[3, 198]], "#curry":[[3, 127]], "#datepicker":[[3, 191]], "#debounce":[[3, 157]], "#debug":[[3, 1], [3, 73], [3, 135], [3, 216]], "#define":[[3, 1], [3, 2], [3, 3], [3, 4], [3, 216]], "#del":[[3, 50], [3, 164]], "#delay":[[3, 127]], "#deleteAllListeners":[[4, 98], [4, 101]], "#deprecateMethodOverriding":[[3, 135]], "#deprecatedClassWarning":[[3, 135]], "#deprecatedConstantWarning":[[3, 135]], "#deprecatedEventWarning":[[3, 135]], "#deprecatedMethodWarning":[[3, 135]], "#deprecatedMixinWarning":[[3, 135]], "#destroyContainer":[[3, 199]], "#destruct":[[3, 44]], "#detectDeviceType":[[3, 12]], "#detectMobileDevice":[[3, 12]], "#detectTabletDevice":[[3, 12]], "#dispatchEvent":[[3, 72], [3, 96], [3, 98], [3, 101], [3, 103]], "#dispose":[[3, 39], [3, 40], [3, 41], [3, 42], [3, 44], [3, 75], [3, 98], [3, 105], [3, 108], [3, 109], [3, 190], [3, 191], [3, 192], [3, 193], [3, 195], [3, 196]], "#disposeArray":[[3, 199]], "#disposeMap":[[3, 199]], "#disposeObjects":[[3, 199]], "#disposeTriggeredBy":[[3, 199]], "#emit":[[3, 94], [3, 99], [3, 169], [3, 173]], "#empty":[[3, 90], [3, 129], [3, 171]], "#end":[[8, 25], [8, 49]], "#endsWith":[[3, 130], [3, 159]], "#eq":[[3, 182]], "#equalNodes":[[3, 182]], "#equals":[[3, 126], [3, 129], [3, 156]], "#error":[[3, 1], [8, 40], [8, 42], [8, 44], [3, 73], [3, 77], [3, 135]], "#escape":[[3, 60], [3, 205]], "#escapeHtml":[[3, 159]], "#escapeRegexpChars":[[3, 130], [3, 159]], "#every":[[3, 120], [3, 184]], "#exclude":[[3, 126], [3, 156]], "#executeOptimizedGetter":[[3, 77]], "#executeOptimizedSetter":[[3, 77]], "#extendClass":[[3, 1]], "#extractScripts":[[3, 53]], "#fadeIn":[[3, 161]], "#fadeOut":[[3, 161]], "#fail":[[3, 67], [3, 71]], "#filter":[[3, 69], [3, 120], [3, 184], [3, 216]], "#find":[[3, 182]], "#findHandler":[[3, 98]], "#fire":[[3, 52]], "#fireDataEvent":[[3, 72]], "#fireEvent":[[3, 72], [3, 101]], "#fireNonBubblingEvent":[[3, 72], [3, 101]], "#firstLow":[[3, 1], [3, 130], [3, 159]], "#firstUp":[[3, 1], [3, 130], [3, 159]], "#fixEmptyTags":[[3, 53]], "#flatten":[[3, 3], [3, 4]], "#focus":[[3, 171]], "#forEach":[[3, 46], [3, 47], [3, 48], [3, 120], [3, 182], [3, 184]], "#forEachLocal":[[3, 178]], "#forEachSession":[[3, 178]], "#format":[[3, 130]], "#frame":[[8, 49]], "#fromArguments":[[3, 126], [3, 156]], "#fromArray":[[3, 129]], "#fromCollection":[[3, 126]], "#fromHashCode":[[3, 76]], "#fromShortHand":[[3, 126]], "#fromString":[[3, 215]], "#fromText":[[3, 60]], "#genericToString":[[4, 1], [4, 2], [4, 3], [4, 4]], "#gestureBegin":[[3, 105]], "#gestureCancel":[[3, 105]], "#gestureFinish":[[3, 105]], "#gestureMove":[[3, 105]], "#get":[[3, 27], [3, 28], [3, 29], [3, 30], [3, 31], [3, 32], [3, 34], [3, 35], [3, 36], [3, 50], [3, 56], [3, 57], [3, 63], [3, 69], [3, 74], [3, 160], [3, 164], [3, 168], [3, 179]], "#get3D":[[4, 10]], "#getAbsolute":[[3, 207]], "#getActiveX":[[4, 18]], "#getAddImport":[[4, 19]], "#getAll":[[3, 32]], "#getAllBindings":[[3, 83]], "#getAllBindingsForObject":[[3, 83]], "#getAllData":[[3, 167]], "#getAllEntries":[[3, 204]], "#getAllListeners":[[4, 98]], "#getAllLogEvents":[[3, 134]], "#getAllResponseHeaders":[[3, 40], [3, 42]], "#getAlphaImageLoaderNeeded":[[3, 8]], "#getAncestors":[[3, 91], [3, 182]], "#getAncestorsUntil":[[3, 182]], "#getAngle":[[3, 149]], "#getAnimationEnd":[[4, 9]], "#getAnimationHandles":[[4, 161]], "#getAnimationIteration":[[4, 9]], "#getAnimationStart":[[4, 9]], "#getAppearance":[[4, 8]], "#getAppliedStyle":[[4, 61]], "#getArguments":[[3, 70]], "#getArrayEvery":[[4, 13]], "#getArrayFilter":[[4, 13]], "#getArrayForEach":[[4, 13]], "#getArrayIndexOf":[[4, 13]], "#getArrayLastIndexOf":[[4, 13]], "#getArrayMap":[[4, 13]], "#getArrayReduce":[[4, 13]], "#getArrayReduceRight":[[4, 13]], "#getArraySome":[[4, 13]], "#getAsync":[[3, 69]], "#getAsyncChecks":[[4, 69]], "#getAttribute":[[3, 162]], "#getAttributeNS":[[4, 21]], "#getAttributes":[[3, 162]], "#getAudio":[[4, 16]], "#getAudioAif":[[4, 16]], "#getAudioAu":[[4, 16]], "#getAudioMp3":[[4, 16]], "#getAudioOgg":[[4, 16]], "#getAudioWav":[[4, 16]], "#getAxis":[[3, 150]], "#getBackFaceVisibility":[[4, 10]], "#getBackfaceVisibility":[[3, 37]], "#getBindings":[[3, 82]], "#getBlocker":[[3, 163]], "#getBodyElement":[[3, 92]], "#getBorderImage":[[4, 8]], "#getBorderImageSyntax":[[4, 8]], "#getBorderRadius":[[4, 8]], "#getBottom":[[3, 34]], "#getBoxModel":[[4, 8]], "#getBoxShadow":[[4, 8]], "#getBoxSizing":[[4, 8]], "#getBubbles":[[3, 112]], "#getButton":[[3, 142]], "#getByInterface":[[3, 2], [3, 201]], "#getByMixin":[[3, 2]], "#getByName":[[3, 1], [3, 2], [3, 3], [3, 4]], "#getByProperty":[[3, 2]], "#getCalendar":[[3, 191]], "#getCaller":[[3, 127]], "#getCanvas":[[4, 16]], "#getCell":[[3, 194]], "#getChecks":[[4, 69]], "#getChildElements":[[3, 91]], "#getChildren":[[3, 182]], "#getClass":[[3, 1], [3, 131], [3, 166]], "#getClassList":[[4, 16]], "#getClosest":[[3, 182]], "#getColumnType":[[3, 194]], "#getComment":[[3, 185]], "#getCommonParent":[[3, 91]], "#getCompareDocumentPosition":[[4, 16]], "#getCompareFunction":[[3, 194]], "#getConfig":[[3, 196]], "#getConsole":[[4, 16]], "#getContains":[[4, 16]], "#getContentHeight":[[3, 33], [3, 166]], "#getContentSize":[[3, 33]], "#getContentWidth":[[3, 33], [3, 166]], "#getContents":[[3, 182]], "#getCreateElementNS":[[4, 21]], "#getCreateNode":[[4, 21]], "#getCreateStyleSheet":[[4, 19]], "#getCss":[[3, 36], [3, 37]], "#getCssName":[[3, 61]], "#getCssPrefix":[[3, 196]], "#getCurrentTarget":[[3, 112], [3, 143]], "#getCustomEvent":[[3, 15]], "#getData":[[3, 111], [3, 167]], "#getDataUrl":[[4, 16]], "#getDataset":[[4, 16]], "#getDateNow":[[4, 13]], "#getDefaultPrevented":[[3, 112]], "#getDeleteRule":[[4, 19]], "#getDelta":[[3, 154], [3, 208]], "#getDescendants":[[3, 91]], "#getDevicePixelRatio":[[3, 12]], "#getDirection":[[3, 150]], "#getDispatchEvent":[[3, 15]], "#getDispatcher":[[3, 98]], "#getDispatchers":[[3, 101]], "#getDistance":[[3, 150]], "#getDivX":[[4, 18]], "#getDivXVersion":[[4, 18]], "#getDocument":[[3, 92], [3, 182]], "#getDocumentElement":[[3, 92]], "#getDocumentLeft":[[3, 115], [3, 142], [3, 147], [3, 151]], "#getDocumentMode":[[4, 7]], "#getDocumentTop":[[3, 115], [3, 142], [3, 147], [3, 151]], "#getDomParser":[[4, 21]], "#getDomProperties":[[4, 21]], "#getDuration":[[3, 150]], "#getElementIndex":[[3, 91]], "#getElementsByTagNameNS":[[4, 21]], "#getEnabled":[[3, 196]], "#getEnd":[[3, 57]], "#getEntries":[[3, 204]], "#getEnvironmentSetting":[[3, 1]], "#getErrorToString":[[4, 13]], "#getEventName":[[3, 52]], "#getEventPhase":[[3, 112]], "#getEventType":[[3, 2], [3, 201]], "#getFakeServer":[[3, 85], [3, 138]], "#getFileReader":[[4, 16]], "#getFillMode":[[4, 9]], "#getFilterGradient":[[4, 8]], "#getFilterTextShadow":[[4, 8]], "#getFirst":[[3, 182]], "#getFirstDescendant":[[3, 91]], "#getFlexboxSyntax":[[4, 8]], "#getFloat":[[4, 8]], "#getFunctionBind":[[4, 13]], "#getGears":[[4, 18]], "#getGeneratedUrl":[[4, 39]], "#getGeoLocation":[[4, 16]], "#getHandler":[[3, 98]], "#getHandlers":[[3, 101]], "#getHashChange":[[4, 15]], "#getHeight":[[3, 33], [3, 51], [3, 64], [3, 166]], "#getHelp":[[4, 15]], "#getHelperElement":[[3, 90]], "#getHistoryState":[[4, 16]], "#getHtml":[[3, 162]], "#getIcon":[[3, 189]], "#getImplementation":[[4, 21]], "#getInlineBlock":[[4, 8]], "#getInsertRule":[[4, 19]], "#getInstance":[[4, 2], [4, 85], [3, 100]], "#getInterfaces":[[3, 2]], "#getIsEqualNode":[[3, 16]], "#getItem":[[3, 46], [3, 47], [3, 48], [3, 81]], "#getKey":[[3, 46], [3, 47], [3, 48]], "#getKeyFrames":[[4, 9]], "#getKeyFromValue":[[3, 129]], "#getKeyIdentifier":[[3, 141]], "#getLabel":[[3, 189]], "#getLast":[[3, 182]], "#getLastDescendant":[[3, 91]], "#getLeft":[[3, 34]], "#getLegacyWebkitGradient":[[4, 8]], "#getLength":[[3, 46], [3, 47], [3, 48], [3, 57], [3, 81], [3, 129]], "#getLevel":[[3, 135]], "#getLineNumber":[[3, 79]], "#getLinearGradient":[[4, 8]], "#getListeners":[[4, 94], [3, 98]], "#getLocal":[[3, 46], [3, 47], [3, 48], [3, 59]], "#getLocalItem":[[3, 178]], "#getLocalKey":[[3, 178]], "#getLocalLength":[[3, 178]], "#getLocalStorage":[[4, 16]], "#getManager":[[3, 101]], "#getMaxConcurrentRequestCount":[[4, 20]], "#getMaxEntries":[[3, 204]], "#getMaxMessages":[[3, 134]], "#getMethod":[[3, 41]], "#getMixins":[[3, 2], [3, 201]], "#getMouseEvent":[[3, 15]], "#getMouseWheel":[[3, 15]], "#getMsPointer":[[4, 15]], "#getName":[[4, 7], [4, 9], [4, 10], [4, 12], [4, 14], [4, 17], [3, 92], [3, 127]], "#getNaturalDimensions":[[4, 16]], "#getNext":[[3, 182]], "#getNextAll":[[3, 182]], "#getNextElementSibling":[[3, 91]], "#getNextHash":[[4, 76]], "#getNextSiblings":[[3, 91]], "#getNextUniqueId":[[3, 98]], "#getNextUntil":[[3, 182]], "#getNodeIndex":[[3, 91]], "#getNodeName":[[3, 182]], "#getNodeText":[[3, 182]], "#getObject":[[3, 200]], "#getObjectKeys":[[4, 13]], "#getOffset":[[3, 166]], "#getOffsetParent":[[3, 34], [3, 182]], "#getOldData":[[3, 111]], "#getOpacity":[[4, 8]], "#getOrientation":[[3, 64], [3, 144]], "#getOrigin":[[4, 10], [3, 37]], "#getOriginalTarget":[[3, 112]], "#getParentElement":[[3, 90]], "#getParents":[[3, 182]], "#getPdf":[[4, 18]], "#getPdfVersion":[[4, 18]], "#getPerspective":[[4, 10], [3, 37]], "#getPerspectiveOrigin":[[4, 10], [3, 37]], "#getPlaceholder":[[4, 8]], "#getPlayState":[[4, 9]], "#getPointerEvents":[[4, 8]], "#getPointerType":[[3, 115], [3, 147]], "#getPosition":[[3, 34], [3, 166]], "#getPostId":[[4, 76]], "#getPrev":[[3, 182]], "#getPrevAll":[[3, 182]], "#getPrevUntil":[[3, 182]], "#getPreviousElementSibling":[[3, 91]], "#getPreviousSiblings":[[3, 91]], "#getPropagationStopped":[[3, 112]], "#getProperties":[[3, 2], [3, 162]], "#getProperty":[[3, 162]], "#getPropertyDefinition":[[3, 2], [3, 201]], "#getPropertyName":[[3, 61]], "#getQualifiedItem":[[4, 21]], "#getQuery":[[3, 55]], "#getQuicktime":[[4, 18]], "#getQuicktimeVersion":[[4, 18]], "#getQuirksMode":[[4, 7]], "#getRadialGradient":[[4, 8]], "#getRegistry":[[3, 76]], "#getRelatedTarget":[[3, 52], [3, 112], [3, 143]], "#getRelative":[[3, 34]], "#getRemoveImport":[[4, 19]], "#getRequest":[[3, 42]], "#getRequestAnimationFrame":[[4, 9]], "#getRequestData":[[3, 41]], "#getRequestHeader":[[3, 41]], "#getRequestsByAction":[[4, 44]], "#getResponse":[[3, 41]], "#getResponseHeader":[[3, 40], [3, 42]], "#getRgba":[[4, 8]], "#getRight":[[3, 34]], "#getScale":[[3, 146]], "#getScreenLeft":[[3, 115], [3, 142], [3, 147], [3, 151]], "#getScreenTop":[[3, 115], [3, 142], [3, 147], [3, 151]], "#getScrollLeft":[[3, 64], [3, 171]], "#getScrollTop":[[3, 64], [3, 171]], "#getSelectNodes":[[4, 21]], "#getSelectSingleNode":[[4, 21]], "#getSelection":[[3, 16]], "#getSelectionObject":[[3, 57]], "#getSession":[[3, 46], [3, 47], [3, 48], [3, 59]], "#getSessionItem":[[3, 178]], "#getSessionKey":[[3, 178]], "#getSessionLength":[[3, 178]], "#getSessionStorage":[[4, 16]], "#getSiblings":[[3, 91], [3, 182]], "#getSilverlight":[[4, 18]], "#getSilverlightVersion":[[4, 18]], "#getSinon":[[3, 88]], "#getSize":[[3, 33], [3, 200]], "#getSkype":[[4, 18]], "#getSortingData":[[3, 194]], "#getSourceException":[[3, 70]], "#getSsl":[[4, 20]], "#getStackTrace":[[4, 13], [3, 68], [3, 86]], "#getStackTraceFromCaller":[[3, 86]], "#getStackTraceFromError":[[3, 86]], "#getStackTraces":[[4, 76]], "#getStart":[[3, 57]], "#getStartTime":[[3, 150]], "#getStorage":[[4, 46], [4, 47], [4, 48]], "#getStringTrim":[[4, 13]], "#getStyle":[[4, 10], [3, 37], [3, 166]], "#getStyles":[[3, 166]], "#getSupport":[[4, 9], [4, 10], [4, 11]], "#getSvg":[[4, 16]], "#getTarget":[[3, 52], [3, 112], [3, 143]], "#getTemplate":[[3, 196]], "#getText":[[3, 92]], "#getTextContent":[[4, 16]], "#getTextOverflow":[[4, 8]], "#getTextSelection":[[3, 180]], "#getTextSelectionEnd":[[3, 180]], "#getTextSelectionLength":[[3, 180]], "#getTextSelectionStart":[[3, 180]], "#getTextShadow":[[4, 8]], "#getTimeStamp":[[3, 112]], "#getTimeout":[[3, 41]], "#getTop":[[3, 34]], "#getTotalNumber":[[3, 2], [3, 3], [3, 4]], "#getTouch":[[3, 12], [4, 15]], "#getTransformBackfaceVisibility":[[3, 181]], "#getTransformOrigin":[[3, 181]], "#getTransformPerspective":[[3, 181]], "#getTransformPerspectiveOrigin":[[3, 181]], "#getTransformStyle":[[3, 181]], "#getTransitionName":[[4, 11]], "#getTranslate3d":[[4, 8]], "#getTransport":[[3, 41]], "#getTreshold":[[3, 135]], "#getType":[[3, 12], [3, 112], [3, 143]], "#getUri":[[3, 79]], "#getUrl":[[3, 41]], "#getUserData":[[3, 75]], "#getUserDataStorage":[[4, 16]], "#getUserModify":[[4, 8]], "#getUserSelect":[[4, 8]], "#getUserSelectNone":[[4, 8]], "#getValue":[[3, 54], [3, 162], [3, 190], [3, 192], [3, 193]], "#getValues":[[3, 129], [3, 158]], "#getVelocity":[[3, 150]], "#getVersion":[[4, 7], [4, 14], [4, 17]], "#getVideo":[[4, 16]], "#getVideoH264":[[4, 16]], "#getVideoOgg":[[4, 16]], "#getVideoWebm":[[4, 16]], "#getViewportLeft":[[3, 115], [3, 142], [3, 147], [3, 151]], "#getViewportTop":[[3, 115], [3, 142], [3, 147], [3, 151]], "#getVml":[[4, 16]], "#getWebWorker":[[4, 16]], "#getWidth":[[3, 33], [3, 51], [3, 64], [3, 166]], "#getWindow":[[3, 92], [3, 98], [3, 182]], "#getWindowId":[[3, 98]], "#getWindowsMedia":[[4, 18]], "#getWindowsMediaVersion":[[4, 18]], "#getXPath":[[4, 16]], "#getXmlHttpRequest":[[4, 20]], "#getXul":[[4, 16]], "#globalEval":[[3, 127]], "#handleError":[[3, 95]], "#has":[[3, 29], [3, 99], [3, 182]], "#hasChild":[[3, 90]], "#hasChildElements":[[3, 90]], "#hasChildren":[[3, 90]], "#hasClass":[[3, 166]], "#hasInterface":[[3, 2], [3, 201]], "#hasListener":[[3, 72], [3, 98], [3, 101], [3, 169]], "#hasMixin":[[3, 2]], "#hasOwnInterface":[[3, 2]], "#hasOwnMixin":[[3, 2]], "#hasProperty":[[3, 2], [3, 201]], "#hex3StringToHex6String":[[3, 198]], "#hex3StringToRgb":[[3, 198]], "#hex6StringToRgb":[[3, 198]], "#hexStringToRgb":[[3, 198]], "#hide":[[3, 166]], "#hover":[[3, 169]], "#hsbToRgb":[[3, 198]], "#hyphenate":[[3, 130], [3, 159]], "#implementsInterface":[[3, 2]], "#importListeners":[[3, 98]], "#inShutDown":[[5, 76]], "#include":[[3, 2]], "#includeFile":[[3, 62]], "#includeStylesheet":[[3, 166]], "#indexOf":[[3, 120], [3, 184], [3, 216]], "#info":[[3, 1], [3, 73], [3, 135]], "#init":[[3, 111], [3, 112], [3, 188], [3, 189], [3, 190], [3, 191], [3, 192], [3, 193], [3, 194], [3, 195], [3, 196]], "#initSize":[[7, 200]], "#initWidgets":[[3, 196]], "#insertAfter":[[3, 90], [3, 126], [3, 156], [3, 171]], "#insertAt":[[3, 90], [3, 126]], "#insertBefore":[[3, 90], [3, 126], [3, 156], [3, 171]], "#insertBegin":[[3, 90]], "#insertEnd":[[3, 90]], "#invalidateCacheKey":[[3, 69]], "#invert":[[3, 129], [3, 158]], "#invoke":[[3, 44]], "#is":[[3, 182]], "#isArray":[[3, 1], [3, 131]], "#isBelowTapMaxDistance":[[3, 105]], "#isBlockNode":[[3, 92], [3, 182]], "#isBoolean":[[3, 131]], "#isCaching":[[3, 41]], "#isCancelable":[[3, 112]], "#isChildOf":[[3, 182]], "#isCompatible":[[3, 4]], "#isCrossDomain":[[3, 202]], "#isCssString":[[3, 198]], "#isDate":[[3, 131]], "#isDefined":[[3, 2], [3, 3], [3, 4]], "#isDescendantOf":[[3, 91]], "#isDisposed":[[3, 40], [3, 41], [3, 42], [3, 44], [3, 75]], "#isDocument":[[3, 92], [3, 182]], "#isDocumentFragment":[[3, 92], [3, 182]], "#isDone":[[3, 41]], "#isElement":[[3, 92], [3, 182]], "#isEmpty":[[3, 91], [3, 129]], "#isEnded":[[3, 25], [3, 161]], "#isError":[[3, 131]], "#isFunction":[[3, 1], [3, 131]], "#isHex3String":[[3, 198]], "#isHex6String":[[3, 198]], "#isIdentifiableKeyCode":[[3, 117]], "#isInDom":[[3, 90]], "#isLandscape":[[3, 64], [3, 144]], "#isMatching":[[3, 55]], "#isMethod":[[3, 202]], "#isNamedColor":[[3, 198]], "#isNode":[[3, 92], [3, 182]], "#isNodeName":[[3, 92], [3, 182]], "#isNonPrintableKeyCode":[[3, 117]], "#isNumber":[[3, 131]], "#isObject":[[3, 1], [3, 131]], "#isPaused":[[3, 25]], "#isPlaying":[[3, 25], [3, 161]], "#isPortrait":[[3, 64], [3, 144]], "#isPrintableKeyIdentifier":[[3, 117]], "#isPropertySupported":[[3, 36]], "#isQuirksMode":[[3, 51]], "#isRegExp":[[3, 131]], "#isRendered":[[3, 91], [3, 182]], "#isRgbString":[[3, 198]], "#isRgbaString":[[3, 198]], "#isStandardMode":[[3, 51]], "#isString":[[3, 1], [3, 131]], "#isSubClassOf":[[3, 2]], "#isSuccessful":[[3, 202]], "#isSystemColor":[[3, 198]], "#isText":[[3, 92]], "#isTextNode":[[3, 182]], "#isThemedColor":[[3, 198]], "#isValidKeyIdentifier":[[3, 117]], "#isValidPropertyValue":[[3, 198]], "#isWindow":[[3, 92], [3, 182]], "#isXmlDocument":[[3, 215]], "#iteration":[[8, 25]], "#join":[[3, 184]], "#jsonp":[[3, 170]], "#keyCodeToIdentifier":[[3, 117]], "#keyCodeToIdentifierMap":[[5, 117]], "#keys":[[4, 1], [3, 124]], "#lastIndexOf":[[3, 120], [3, 184]], "#listener":[[3, 127]], "#load":[[8, 40], [8, 42]], "#loadend":[[8, 40], [8, 42]], "#longPoll":[[3, 44]], "#map":[[3, 44], [3, 120], [3, 184], [3, 216]], "#mark":[[3, 204]], "#matchMedia":[[3, 172]], "#matches":[[3, 58]], "#max":[[3, 126], [3, 156]], "#mergeWith":[[3, 129]], "#methodAllowsRequestBody":[[3, 202]], "#min":[[3, 126], [3, 156]], "#modelApplied":[[8, 194]], "#modelChanged":[[8, 194]], "#normalize":[[3, 115], [4, 141], [4, 142], [4, 143], [4, 144], [4, 146], [4, 147], [4, 149], [4, 150], [4, 151], [4, 152], [4, 154]], "#not":[[3, 182]], "#now":[[3, 121]], "#numpadToCharCode":[[5, 117]], "#objectGetLength":[[3, 1]], "#objectImplements":[[3, 3]], "#objectMergeWith":[[3, 1]], "#observeMethod":[[3, 95]], "#off":[[3, 94], [3, 169]], "#offById":[[3, 94]], "#on":[[3, 40], [3, 42], [3, 94], [3, 99], [3, 169], [3, 173]], "#onAny":[[3, 99], [3, 173]], "#onabort":[[3, 40], [3, 42]], "#once":[[3, 94], [3, 169]], "#onerror":[[3, 40], [3, 42]], "#onload":[[3, 40], [3, 42]], "#onloadend":[[3, 40], [3, 42]], "#onreadystatechange":[[3, 40], [3, 42]], "#ontimeout":[[3, 40], [3, 42]], "#open":[[3, 39], [3, 40], [3, 42]], "#overrideMimeType":[[3, 42]], "#pad":[[3, 130]], "#parse":[[3, 128], [3, 203]], "#parseUri":[[3, 207]], "#patch":[[3, 2]], "#pause":[[3, 25], [4, 26], [3, 161]], "#periodical":[[3, 127]], "#placeTo":[[3, 175]], "#placeholdersFromUrl":[[3, 44]], "#play":[[3, 25], [4, 26], [3, 161]], "#poll":[[3, 44]], "#poolObject":[[3, 200]], "#pop":[[3, 184]], "#preventDefault":[[3, 52], [3, 112], [3, 143]], "#process":[[3, 134]], "#push":[[3, 184]], "#query":[[3, 58]], "#quote":[[3, 130]], "#randomColor":[[3, 198]], "#rating":[[3, 192]], "#ready":[[3, 169]], "#readystatechange":[[8, 40], [8, 42]], "#reduce":[[3, 120]], "#reduceRight":[[3, 120]], "#refresh":[[3, 44]], "#register":[[3, 76], [3, 135], [3, 140], [3, 145], [3, 148], [3, 153]], "#registerEvent":[[3, 97], [3, 106]], "#registerInputFix":[[4, 141]], "#remove":[[3, 29], [3, 32], [3, 90], [3, 99], [3, 126], [3, 156], [3, 171], [3, 173]], "#removeAll":[[3, 126], [3, 156]], "#removeAllBindings":[[3, 82], [3, 83]], "#removeAllBindingsForObject":[[3, 83]], "#removeAllImports":[[3, 62]], "#removeAllListeners":[[3, 98], [3, 101]], "#removeAllRules":[[3, 62]], "#removeAt":[[3, 126]], "#removeAttribute":[[3, 162]], "#removeAttributes":[[3, 162]], "#removeBinding":[[3, 82]], "#removeBindingFromObject":[[3, 83]], "#removeChild":[[3, 90]], "#removeChildAt":[[3, 90]], "#removeClass":[[3, 166]], "#removeClasses":[[3, 29], [3, 166]], "#removeData":[[3, 167]], "#removeFilter":[[3, 85], [3, 138]], "#removeImport":[[3, 62]], "#removeItem":[[3, 46], [3, 47], [3, 48]], "#removeListener":[[3, 72], [3, 94], [3, 98], [3, 101]], "#removeListenerById":[[3, 72], [3, 94], [3, 98], [3, 101]], "#removeLocalItem":[[3, 178]], "#removeManager":[[3, 101]], "#removeNativeListener":[[3, 52]], "#removeResponse":[[3, 85], [3, 138]], "#removeRule":[[3, 62]], "#removeSessionItem":[[3, 178]], "#removeSheet":[[3, 62]], "#render":[[3, 63], [3, 179], [3, 188], [3, 190], [3, 191], [3, 192], [3, 193], [3, 194], [3, 195], [3, 196]], "#renderToNode":[[3, 63], [3, 179]], "#repeat":[[3, 130]], "#replace":[[3, 29]], "#replaceAt":[[3, 90]], "#replaceChild":[[3, 90]], "#replaceClass":[[3, 166]], "#request":[[3, 49]], "#reset":[[3, 27], [3, 28], [3, 30], [3, 31], [3, 35], [3, 36], [3, 74]], "#resetSize":[[3, 200]], "#resolvePropertyChain":[[3, 83]], "#resource":[[3, 177]], "#respondWith":[[3, 85], [3, 138]], "#restartPollByAction":[[3, 44]], "#restore":[[3, 85], [3, 138]], "#retrieveLogEvents":[[3, 134]], "#reverse":[[3, 184]], "#rgbToHexString":[[3, 198]], "#rgbToHsb":[[3, 198]], "#rgbToRgbString":[[3, 198]], "#rotate":[[3, 37], [3, 181]], "#scale":[[3, 37], [3, 181]], "#script":[[3, 170]], "#select":[[3, 69], [3, 195]], "#selectAsync":[[3, 69]], "#selectionChanged":[[8, 194]], "#self":[[3, 75]], "#send":[[3, 40], [3, 41], [3, 42]], "#serializeListeners":[[3, 98], [3, 101]], "#set":[[3, 27], [3, 28], [3, 30], [3, 31], [3, 32], [3, 35], [3, 36], [3, 50], [3, 57], [3, 74], [3, 164]], "#setAll":[[3, 57]], "#setAttribute":[[3, 162]], "#setAttributes":[[3, 162]], "#setBackfaceVisibility":[[3, 37]], "#setBaseUrl":[[3, 44]], "#setBubbles":[[3, 112]], "#setCallbackName":[[3, 39]], "#setCallbackParam":[[3, 39]], "#setCancelable":[[3, 112]], "#setColumnType":[[3, 194]], "#setCompareFunction":[[3, 194]], "#setConfig":[[3, 196]], "#setCss":[[3, 36]], "#setCurrentTarget":[[3, 112]], "#setData":[[3, 167]], "#setDetermineSuccess":[[3, 40]], "#setDisplayName":[[3, 1]], "#setDisplayNames":[[3, 1]], "#setEnabled":[[3, 196]], "#setEnvironmentSetting":[[3, 1]], "#setErrorHandler":[[3, 95]], "#setEventPhase":[[3, 112]], "#setHtml":[[3, 162]], "#setIcon":[[3, 189]], "#setItem":[[3, 46], [3, 47], [3, 48], [3, 81]], "#setItemTemplate":[[3, 194]], "#setItemTemplates":[[3, 194]], "#setLabel":[[3, 189]], "#setLevel":[[3, 135]], "#setLocalItem":[[3, 178]], "#setMaxEntries":[[3, 204]], "#setMaxMessages":[[3, 134]], "#setMenu":[[3, 189]], "#setMethod":[[3, 41]], "#setModel":[[3, 194]], "#setOrigin":[[3, 37]], "#setOriginalTarget":[[3, 112]], "#setParser":[[3, 41], [3, 203]], "#setPerspective":[[3, 37]], "#setPerspectiveOrigin":[[3, 37]], "#setPrefix":[[4, 39]], "#setProperties":[[3, 162]], "#setProperty":[[3, 162]], "#setRelatedTarget":[[3, 112]], "#setRequestData":[[3, 41]], "#setRequestFactory":[[4, 44]], "#setRequestHandler":[[4, 44]], "#setRequestHeader":[[3, 40], [3, 41], [3, 42]], "#setRoot":[[4, 1]], "#setScrollLeft":[[3, 171]], "#setScrollTop":[[3, 171]], "#setSessionItem":[[3, 178]], "#setSize":[[3, 200]], "#setSortingFunction":[[3, 194]], "#setStyle":[[3, 37], [3, 166]], "#setStyles":[[3, 36], [3, 166]], "#setTarget":[[3, 112]], "#setTemplate":[[3, 196]], "#setTextSelection":[[3, 180]], "#setTimeout":[[3, 41]], "#setTransformBackfaceVisibility":[[3, 181]], "#setTransformOrigin":[[3, 181]], "#setTransformPerspective":[[3, 181]], "#setTransformPerspectiveOrigin":[[3, 181]], "#setTransformStyle":[[3, 181]], "#setTreshold":[[3, 135]], "#setType":[[3, 112]], "#setUrl":[[3, 41]], "#setUserData":[[3, 75]], "#setValue":[[3, 54], [3, 162], [3, 190], [3, 192], [3, 193]], "#setWrap":[[3, 54]], "#shift":[[3, 184]], "#show":[[3, 166]], "#showAllBindingsInLog":[[3, 83]], "#showBindingInLog":[[3, 83]], "#showValue":[[3, 190]], "#shutdown":[[3, 76]], "#size":[[9, 200]], "#skew":[[3, 37], [3, 181]], "#slice":[[3, 184], [3, 216]], "#slider":[[3, 193]], "#some":[[3, 120], [3, 184]], "#sort":[[3, 184], [3, 194]], "#specialCharCodeMap":[[5, 117]], "#splice":[[3, 81], [3, 184], [3, 216]], "#split":[[3, 206]], "#start":[[8, 25]], "#startSequence":[[3, 49]], "#startsWith":[[3, 130], [3, 159]], "#stop":[[3, 25], [4, 26], [3, 112], [3, 161]], "#stopMomentum":[[3, 105]], "#stopPollByAction":[[3, 44]], "#stopPropagation":[[3, 52], [3, 112], [3, 143]], "#stringToRgb":[[3, 198]], "#stringToRgbString":[[3, 198]], "#stringify":[[3, 128]], "#stripScripts":[[3, 130]], "#stripTags":[[3, 130]], "#success":[[8, 44]], "#sum":[[3, 126]], "#supportsEvent":[[3, 2], [3, 52], [3, 201]], "#supportsThemes":[[3, 198]], "#table":[[3, 194]], "#tabs":[[3, 195]], "#throttle":[[3, 157]], "#timeout":[[8, 40], [8, 42]], "#toArray":[[3, 81], [3, 130], [3, 184]], "#toHashCode":[[3, 41], [3, 75], [3, 76]], "#toParameter":[[3, 207]], "#toString":[[3, 70], [3, 75], [3, 79], [3, 122], [3, 184], [3, 185]], "#toText":[[3, 60]], "#toggle":[[3, 29]], "#toggleAttachedEvents":[[4, 98]], "#toggleClass":[[3, 166]], "#toggleClasses":[[3, 166]], "#trace":[[3, 1], [3, 73], [3, 135]], "#transform":[[3, 37], [3, 181]], "#translate":[[3, 37], [3, 181]], "#trim":[[3, 125]], "#trimLeft":[[3, 130]], "#trimRight":[[3, 130]], "#unblock":[[3, 163]], "#undefine":[[3, 2]], "#unescape":[[3, 60], [3, 205]], "#unique":[[3, 126], [3, 156], [3, 216]], "#unregister":[[3, 76], [3, 135], [3, 140], [3, 145], [3, 148], [3, 153]], "#unregisterEvent":[[3, 97], [3, 106]], "#unregisterInputFix":[[4, 141]], "#unsetCompareFunction":[[3, 194]], "#unsetSortingFunction":[[3, 194]], "#unshift":[[3, 184]], "#update":[[3, 174]], "#updateGestureTarget":[[4, 105]], "#updatePlaceholder":[[3, 174]], "#updateTarget":[[4, 83]], "#useCaching":[[3, 41]], "#valueOf":[[3, 184]], "#version":[[5, 55], [5, 63]], "#warn":[[3, 1], [3, 73], [3, 135]], "#widget":[[3, 196]], "#wrap":[[3, 66], [3, 171]], "#xhr":[[3, 170]], "qx":[[1, 0]], "qx.Bootstrap":[[2, 1]], "qx.Class":[[2, 2]], "qx.Interface":[[2, 3]], "qx.Mixin":[[2, 4]], "qx.bom":[[1, 5]], "qx.bom.AnimationFrame":[[2, 49]], "qx.bom.Cookie":[[2, 50]], "qx.bom.Document":[[2, 51]], "qx.bom.Event":[[2, 52]], "qx.bom.Html":[[2, 53]], "qx.bom.Input":[[2, 54]], "qx.bom.MediaQuery":[[2, 55]], "qx.bom.Range":[[2, 56]], "qx.bom.Selection":[[2, 57]], "qx.bom.Selector":[[2, 58]], "qx.bom.Storage":[[2, 59]], "qx.bom.String":[[2, 60]], "qx.bom.Style":[[2, 61]], "qx.bom.Stylesheet":[[2, 62]], "qx.bom.Template":[[2, 63]], "qx.bom.Viewport":[[2, 64]], "qx.bom.client":[[1, 6]], "qx.bom.client.Browser":[[2, 7]], "qx.bom.client.Css":[[2, 8]], "qx.bom.client.CssAnimation":[[2, 9]], "qx.bom.client.CssTransform":[[2, 10]], "qx.bom.client.CssTransition":[[2, 11]], "qx.bom.client.Device":[[2, 12]], "qx.bom.client.EcmaScript":[[2, 13]], "qx.bom.client.Engine":[[2, 14]], "qx.bom.client.Event":[[2, 15]], "qx.bom.client.Html":[[2, 16]], "qx.bom.client.OperatingSystem":[[2, 17]], "qx.bom.client.Plugin":[[2, 18]], "qx.bom.client.Stylesheet":[[2, 19]], "qx.bom.client.Transport":[[2, 20]], "qx.bom.client.Xml":[[2, 21]], "qx.bom.element":[[1, 22]], "qx.bom.element.Animation":[[2, 23]], "qx.bom.element.AnimationCss":[[2, 24]], "qx.bom.element.AnimationHandle":[[2, 25]], "qx.bom.element.AnimationJs":[[2, 26]], "qx.bom.element.Attribute":[[2, 27]], "qx.bom.element.BoxSizing":[[2, 28]], "qx.bom.element.Class":[[2, 29]], "qx.bom.element.Clip":[[2, 30]], "qx.bom.element.Cursor":[[2, 31]], "qx.bom.element.Dataset":[[2, 32]], "qx.bom.element.Dimension":[[2, 33]], "qx.bom.element.Location":[[2, 34]], "qx.bom.element.Opacity":[[2, 35]], "qx.bom.element.Style":[[2, 36]], "qx.bom.element.Transform":[[2, 37]], "qx.bom.request":[[1, 38]], "qx.bom.request.Jsonp":[[2, 39]], "qx.bom.request.Script":[[2, 40]], "qx.bom.request.SimpleXhr":[[2, 41]], "qx.bom.request.Xhr":[[2, 42]], "qx.bom.rest":[[1, 43]], "qx.bom.rest.Resource":[[2, 44]], "qx.bom.storage":[[1, 45]], "qx.bom.storage.Memory":[[2, 46]], "qx.bom.storage.UserData":[[2, 47]], "qx.bom.storage.Web":[[2, 48]], "qx.core":[[1, 65]], "qx.core.Aspect":[[2, 66]], "qx.core.Assert":[[2, 67]], "qx.core.AssertionError":[[2, 68]], "qx.core.Environment":[[2, 69]], "qx.core.GlobalError":[[2, 70]], "qx.core.MAssert":[[2, 71]], "qx.core.MEvent":[[2, 72]], "qx.core.MLogging":[[2, 73]], "qx.core.MProperty":[[2, 74]], "qx.core.Object":[[2, 75]], "qx.core.ObjectRegistry":[[2, 76]], "qx.core.Property":[[2, 77]], "qx.core.ValidationError":[[2, 78]], "qx.core.WindowError":[[2, 79]], "qx.data":[[1, 80]], "qx.data.IListData":[[2, 81]], "qx.data.MBinding":[[2, 82]], "qx.data.SingleValueBinding":[[2, 83]], "qx.dev":[[1, 84]], "qx.dev.FakeServer":[[2, 85]], "qx.dev.StackTrace":[[2, 86]], "qx.dev.unit":[[1, 87]], "qx.dev.unit.Sinon":[[2, 88]], "qx.dom":[[1, 89]], "qx.dom.Element":[[2, 90]], "qx.dom.Hierarchy":[[2, 91]], "qx.dom.Node":[[2, 92]], "qx.event":[[1, 93]], "qx.event.Emitter":[[2, 94]], "qx.event.GlobalError":[[2, 95]], "qx.event.IEventDispatcher":[[2, 96]], "qx.event.IEventHandler":[[2, 97]], "qx.event.Manager":[[2, 98]], "qx.event.Messaging":[[2, 99]], "qx.event.Pool":[[2, 100]], "qx.event.Registration":[[2, 101]], "qx.event.dispatch":[[1, 102]], "qx.event.dispatch.Direct":[[2, 103]], "qx.event.handler":[[1, 104]], "qx.event.handler.GestureCore":[[2, 105]], "qx.event.handler.Object":[[2, 106]], "qx.event.handler.OrientationCore":[[2, 107]], "qx.event.handler.PointerCore":[[2, 108]], "qx.event.handler.TouchCore":[[2, 109]], "qx.event.type":[[1, 110]], "qx.event.type.Data":[[2, 111]], "qx.event.type.Event":[[2, 112]], "qx.event.type.dom":[[1, 113]], "qx.event.type.dom.Custom":[[2, 114]], "qx.event.type.dom.Pointer":[[2, 115]], "qx.event.util":[[1, 116]], "qx.event.util.Keyboard":[[2, 117]], "qx.lang":[[1, 118]], "qx.lang.Array":[[2, 126]], "qx.lang.Function":[[2, 127]], "qx.lang.Json":[[2, 128]], "qx.lang.Object":[[2, 129]], "qx.lang.String":[[2, 130]], "qx.lang.Type":[[2, 131]], "qx.lang.normalize":[[1, 119]], "qx.lang.normalize.Array":[[2, 120]], "qx.lang.normalize.Date":[[2, 121]], "qx.lang.normalize.Error":[[2, 122]], "qx.lang.normalize.Function":[[2, 123]], "qx.lang.normalize.Object":[[2, 124]], "qx.lang.normalize.String":[[2, 125]], "qx.log":[[1, 132]], "qx.log.Logger":[[2, 135]], "qx.log.appender":[[1, 133]], "qx.log.appender.RingBuffer":[[2, 134]], "qx.module":[[1, 136]], "qx.module.Animation":[[2, 161]], "qx.module.Attribute":[[2, 162]], "qx.module.Blocker":[[2, 163]], "qx.module.Cookie":[[2, 164]], "qx.module.Core":[[2, 165]], "qx.module.Css":[[2, 166]], "qx.module.Dataset":[[2, 167]], "qx.module.Environment":[[2, 168]], "qx.module.Event":[[2, 169]], "qx.module.Io":[[2, 170]], "qx.module.Manipulating":[[2, 171]], "qx.module.MatchMedia":[[2, 172]], "qx.module.Messaging":[[2, 173]], "qx.module.Placeholder":[[2, 174]], "qx.module.Placement":[[2, 175]], "qx.module.Polyfill":[[2, 176]], "qx.module.Rest":[[2, 177]], "qx.module.Storage":[[2, 178]], "qx.module.Template":[[2, 179]], "qx.module.TextSelection":[[2, 180]], "qx.module.Transform":[[2, 181]], "qx.module.Traversing":[[2, 182]], "qx.module.dev":[[1, 137]], "qx.module.dev.FakeServer":[[2, 138]], "qx.module.event":[[1, 139]], "qx.module.event.GestureHandler":[[2, 140]], "qx.module.event.Keyboard":[[2, 141]], "qx.module.event.Mouse":[[2, 142]], "qx.module.event.Native":[[2, 143]], "qx.module.event.Orientation":[[2, 144]], "qx.module.event.OrientationHandler":[[2, 145]], "qx.module.event.Pinch":[[2, 146]], "qx.module.event.Pointer":[[2, 147]], "qx.module.event.PointerHandler":[[2, 148]], "qx.module.event.Rotate":[[2, 149]], "qx.module.event.Swipe":[[2, 150]], "qx.module.event.Tap":[[2, 151]], "qx.module.event.Touch":[[2, 152]], "qx.module.event.TouchHandler":[[2, 153]], "qx.module.event.Track":[[2, 154]], "qx.module.util":[[1, 155]], "qx.module.util.Array":[[2, 156]], "qx.module.util.Function":[[2, 157]], "qx.module.util.Object":[[2, 158]], "qx.module.util.String":[[2, 159]], "qx.module.util.Type":[[2, 160]], "qx.type":[[1, 183]], "qx.type.BaseArray":[[2, 184]], "qx.type.BaseError":[[2, 185]], "qx.ui":[[1, 186]], "qx.ui.website":[[1, 187]], "qx.ui.website.Accordion":[[2, 188]], "qx.ui.website.Button":[[2, 189]], "qx.ui.website.Calendar":[[2, 190]], "qx.ui.website.DatePicker":[[2, 191]], "qx.ui.website.Rating":[[2, 192]], "qx.ui.website.Slider":[[2, 193]], "qx.ui.website.Table":[[2, 194]], "qx.ui.website.Tabs":[[2, 195]], "qx.ui.website.Widget":[[2, 196]], "qx.util":[[1, 197]], "qx.util.ColorUtil":[[2, 198]], "qx.util.DisposeUtil":[[2, 199]], "qx.util.OOUtil":[[2, 201]], "qx.util.ObjectPool":[[2, 200]], "qx.util.Request":[[2, 202]], "qx.util.ResponseParser":[[2, 203]], "qx.util.RingBuffer":[[2, 204]], "qx.util.StringEscape":[[2, 205]], "qx.util.StringSplit":[[2, 206]], "qx.util.Uri":[[2, 207]], "qx.util.Wheel":[[2, 208]], "qx.util.placement":[[1, 209]], "qx.util.placement.AbstractAxis":[[2, 210]], "qx.util.placement.BestFitAxis":[[2, 211]], "qx.util.placement.DirectAxis":[[2, 212]], "qx.util.placement.KeepAlignAxis":[[2, 213]], "qx.xml":[[1, 214]], "qx.xml.Document":[[2, 215]], "qxWeb":[[2, 216]]}, "__types__":["doctree", "package", "class", "method_pub", "method_intl", "constant", "method_priv", "method_prot", "event", "property_pub"]}