{"attributes": {"fullName": "qx.bom.element.AnimationHandle", "packageName": "qx.bom.element", "type": "bootstrap", "name": "AnimationHandle", "superClass": "qx.event.Emitter"}, "type": "class", "children": [{"attributes": {"text": "<p>This is a simple handle, which will be returned when an animation is\nstarted using the {@link qx.bom.element.Animation#animate} method. It\nbasically controls the animation.</p>"}, "type": "desc"}, {"attributes": {}, "type": "constructor", "children": [{"attributes": {"line": 32, "isCtor": true, "name": "ctor"}, "type": "method"}]}, {"attributes": {}, "type": "events", "children": [{"attributes": {"name": "end"}, "type": "event", "children": [{"attributes": {"text": "<p>Fired when the animation started via {@link qx.bom.element.Animation} has\nended.</p>"}, "type": "desc"}, {"attributes": {}, "type": "types", "children": [{"attributes": {"type": "Element"}, "type": "entry"}]}]}, {"attributes": {"name": "iteration"}, "type": "event", "children": [{"attributes": {"text": "<p>Fired on every iteration of the animation.</p>"}, "type": "desc"}, {"attributes": {}, "type": "types", "children": [{"attributes": {"type": "Element"}, "type": "entry"}]}]}, {"attributes": {"name": "start"}, "type": "event", "children": [{"attributes": {"text": "<p>Fired when the animation started via {@link qx.bom.element.Animation}.</p>"}, "type": "desc"}, {"attributes": {}, "type": "types", "children": [{"attributes": {"type": "Element"}, "type": "entry"}]}]}]}, {"attributes": {}, "type": "methods", "children": [{"attributes": {"line": 74, "name": "isEnded"}, "type": "method", "children": [{"attributes": {"text": "<p>Accessor of the ended state.</p>"}, "type": "desc"}, {"attributes": {}, "type": "return", "children": [{"attributes": {"text": "<code>true</code>, if the animations has ended."}, "type": "desc"}, {"attributes": {}, "type": "types", "children": [{"attributes": {"type": "Boolean"}, "type": "entry"}]}]}]}, {"attributes": {"line": 83, "name": "isPaused"}, "type": "method", "children": [{"attributes": {"text": "<p>Accessor of the paused state.</p>"}, "type": "desc"}, {"attributes": {}, "type": "return", "children": [{"attributes": {"text": "<code>true</code>, if the animations is paused."}, "type": "desc"}, {"attributes": {}, "type": "types", "children": [{"attributes": {"type": "Boolean"}, "type": "entry"}]}]}]}, {"attributes": {"line": 65, "name": "isPlaying"}, "type": "method", "children": [{"attributes": {"text": "<p>Accessor of the playing state.</p>"}, "type": "desc"}, {"attributes": {}, "type": "return", "children": [{"attributes": {"text": "<code>true</code>, if the animations is playing."}, "type": "desc"}, {"attributes": {}, "type": "types", "children": [{"attributes": {"type": "Boolean"}, "type": "entry"}]}]}]}, {"attributes": {"line": 91, "name": "pause"}, "type": "method", "children": [{"attributes": {"text": "<p>Pauses the animation, if running. If not running, it will be ignored.</p>"}, "type": "desc"}]}, {"attributes": {"line": 107, "name": "play"}, "type": "method", "children": [{"attributes": {"text": "<p>Resumes an animation. This does not start the animation once it has ended.\nIn this case you need to start a new Animation.</p>"}, "type": "desc"}]}, {"attributes": {"line": 122, "name": "stop"}, "type": "method", "children": [{"attributes": {"text": "<p>Stops the animation if running.</p>"}, "type": "desc"}]}]}]}