{"attributes": {"fullName": "qx.bom.element.Attribute", "packageName": "qx.bom.element", "isStatic": true, "type": "bootstrap", "name": "Attribute"}, "type": "class", "children": [{"attributes": {"text": "<p>Attribute/Property handling for <span class=\"caps\">DOM</span> <span class=\"caps\">HTML</span> elements.</p>\n\n<p>Also includes support for <span class=\"caps\">HTML</span> properties like <code>checked</code>\nor <code>value</code>. This feature set is supported cross-browser\nthrough one common interface and is independent of the differences between\nthe multiple implementations.</p>\n\n<p>Supports applying text and <span class=\"caps\">HTML</span> content using the attribute names\n<code>text</code> and <code>html</code>.</p>"}, "type": "desc"}, {"attributes": {}, "type": "methods-static", "children": [{"attributes": {"line": 205, "isStatic": true, "name": "compile"}, "type": "method", "children": [{"attributes": {}, "type": "params", "children": [{"attributes": {"name": "map"}, "type": "param", "children": [{"attributes": {"text": "<p>Map of attributes. The key is the name of the attribute.</p>"}, "type": "desc"}, {"attributes": {}, "type": "types", "children": [{"attributes": {"type": "Map"}, "type": "entry"}]}]}]}, {"attributes": {"text": "<p>Compiles an incoming attribute map to a string which\ncould be used when building <span class=\"caps\">HTML</span> blocks using innerHTML.</p>\n\n<p>This method silently ignores runtime attributes like\n<code>html</code> or <code>text</code>.</p>"}, "type": "desc"}, {"attributes": {}, "type": "return", "children": [{"attributes": {"text": "<p>Returns a compiled string ready for usage.</p>"}, "type": "desc"}, {"attributes": {}, "type": "types", "children": [{"attributes": {"type": "String"}, "type": "entry"}]}]}]}, {"attributes": {"line": 228, "isStatic": true, "name": "get"}, "type": "method", "children": [{"attributes": {}, "type": "params", "children": [{"attributes": {"name": "element"}, "type": "param", "children": [{"attributes": {"text": "<p>The <span class=\"caps\">DOM</span> element to query</p>"}, "type": "desc"}, {"attributes": {}, "type": "types", "children": [{"attributes": {"type": "Element"}, "type": "entry"}]}]}, {"attributes": {"name": "name"}, "type": "param", "children": [{"attributes": {"text": "<p>Name of the attribute</p>"}, "type": "desc"}, {"attributes": {}, "type": "types", "children": [{"attributes": {"type": "String"}, "type": "entry"}]}]}]}, {"attributes": {"text": "<p>Returns the value of the given <span class=\"caps\">HTML</span> attribute</p>"}, "type": "desc"}, {"attributes": {}, "type": "return", "children": [{"attributes": {"text": "<p>The value of the attribute</p>"}, "type": "desc"}, {"attributes": {}, "type": "types", "children": [{"attributes": {"type": "var"}, "type": "entry"}]}]}]}, {"attributes": {"line": 331, "isStatic": true, "name": "reset"}, "type": "method", "children": [{"attributes": {}, "type": "params", "children": [{"attributes": {"name": "element"}, "type": "param", "children": [{"attributes": {"text": "<p>The <span class=\"caps\">DOM</span> element to modify</p>"}, "type": "desc"}, {"attributes": {}, "type": "types", "children": [{"attributes": {"type": "Element"}, "type": "entry"}]}]}, {"attributes": {"name": "name"}, "type": "param", "children": [{"attributes": {"text": "<p>Name of the attribute</p>"}, "type": "desc"}, {"attributes": {}, "type": "types", "children": [{"attributes": {"type": "String"}, "type": "entry"}]}]}]}, {"attributes": {"text": "<p>Resets an <span class=\"caps\">HTML</span> attribute on the given <span class=\"caps\">DOM</span> element</p>"}, "type": "desc"}]}, {"attributes": {"line": 276, "isStatic": true, "name": "set"}, "type": "method", "children": [{"attributes": {}, "type": "params", "children": [{"attributes": {"name": "element"}, "type": "param", "children": [{"attributes": {"text": "<p>The <span class=\"caps\">DOM</span> element to modify</p>"}, "type": "desc"}, {"attributes": {}, "type": "types", "children": [{"attributes": {"type": "Element"}, "type": "entry"}]}]}, {"attributes": {"name": "name"}, "type": "param", "children": [{"attributes": {"text": "<p>Name of the attribute</p>"}, "type": "desc"}, {"attributes": {}, "type": "types", "children": [{"attributes": {"type": "String"}, "type": "entry"}]}]}, {"attributes": {"name": "value"}, "type": "param", "children": [{"attributes": {"text": "<p>New value of the attribute</p>"}, "type": "desc"}, {"attributes": {}, "type": "types", "children": [{"attributes": {"type": "var"}, "type": "entry"}]}]}]}, {"attributes": {"text": "<p>Sets an <span class=\"caps\">HTML</span> attribute on the given <span class=\"caps\">DOM</span> element</p>"}, "type": "desc"}]}]}, {"attributes": {}, "type": "constants", "children": [{"attributes": {"access": "private", "name": "__hints"}, "type": "constant", "children": [{"attributes": {"text": "<p>Internal map of attribute conversions</p>"}, "type": "desc"}]}]}]}