{"attributes": {"fullName": "qx.bom.Viewport", "packageName": "qx.bom", "isStatic": true, "type": "bootstrap", "name": "Viewport"}, "type": "class", "children": [{"attributes": {"text": "<p>Includes library functions to work with the client&#8217;s viewport (window).\nOrientation related functions are point to window.top as default.</p>"}, "type": "desc"}, {"attributes": {}, "type": "methods-static", "children": [{"attributes": {"access": "private", "line": 188, "isStatic": true, "name": "__getOrientationNormalizer"}, "type": "method", "children": [{"attributes": {}, "type": "params", "children": [{"attributes": {"name": "win"}, "type": "param", "children": [{"attributes": {"text": "<p>The window to query</p>"}, "type": "desc"}, {"attributes": {}, "type": "types", "children": [{"attributes": {"type": "Window"}, "type": "entry"}]}]}]}, {"attributes": {"text": "<p>Returns an orientation normalizer value that should be added to device orientation\nto normalize behaviour on different devices.</p>"}, "type": "desc"}, {"attributes": {}, "type": "return", "children": [{"attributes": {"text": "<p>Orientation normalizing value</p>"}, "type": "desc"}, {"attributes": {}, "type": "types", "children": [{"attributes": {"type": "Map"}, "type": "entry"}]}]}]}, {"attributes": {"line": 111, "isStatic": true, "name": "getHeight"}, "type": "method", "children": [{"attributes": {}, "type": "params", "children": [{"attributes": {"defaultValue": "window", "optional": true, "name": "win"}, "type": "param", "children": [{"attributes": {"text": "<p>The window to query</p>"}, "type": "desc"}, {"attributes": {}, "type": "types", "children": [{"attributes": {"type": "Window"}, "type": "entry"}]}]}]}, {"attributes": {"text": "<p>Returns the current height of the viewport (excluding the horizontal scrollbar\nif present).</p>"}, "type": "desc"}, {"attributes": {}, "type": "return", "children": [{"attributes": {"text": "<p>The Height of the viewable area of the page (excluding scrollbars).</p>"}, "type": "desc"}, {"attributes": {}, "type": "types", "children": [{"attributes": {"type": "Integer"}, "type": "entry"}]}]}]}, {"attributes": {"line": 236, "isStatic": true, "name": "getOrientation"}, "type": "method", "children": [{"attributes": {}, "type": "params", "children": [{"attributes": {"defaultValue": "window.top", "optional": true, "name": "win"}, "type": "param", "children": [{"attributes": {"text": "<p>The window to query. (Default = top window)</p>"}, "type": "desc"}, {"attributes": {}, "type": "types", "children": [{"attributes": {"type": "Window"}, "type": "entry"}]}]}]}, {"attributes": {"text": "<p>Returns the current orientation of the viewport in degree.</p>\n\n<p>All possible values and their meaning:</p>\n\n<ul>\n<li><code>-90</code>: &#8220;Landscape&#8221;</li>\n<li><code>0</code>: &#8220;Portrait&#8221;</li>\n<li><code>90</code>: &#8220;Landscape&#8221;</li>\n<li><code>180</code>: &#8220;Portrait&#8221;</li>\n</ul>"}, "type": "desc"}, {"attributes": {}, "type": "return", "children": [{"attributes": {"text": "<p>The current orientation in degree</p>"}, "type": "desc"}, {"attributes": {}, "type": "types", "children": [{"attributes": {"type": "Integer"}, "type": "entry"}]}]}]}, {"attributes": {"line": 136, "isStatic": true, "name": "getScrollLeft"}, "type": "method", "children": [{"attributes": {}, "type": "params", "children": [{"attributes": {"defaultValue": "window", "optional": true, "name": "win"}, "type": "param", "children": [{"attributes": {"text": "<p>The window to query</p>"}, "type": "desc"}, {"attributes": {}, "type": "types", "children": [{"attributes": {"type": "Window"}, "type": "entry"}]}]}]}, {"attributes": {"text": "<p>Returns the scroll position of the viewport</p>\n\n<p>All clients except IE < 9 support the non-standard property <code>pageXOffset</code>.\nAs this is easier to evaluate we prefer this property over <code>scrollLeft</code>.\nSince the window could differ from the one the application is running in, we can&#8217;t\nuse a one-time environment check to decide which property to use.</p>"}, "type": "desc"}, {"attributes": {}, "type": "return", "children": [{"attributes": {"text": "<p>Scroll position in pixels from left edge, always a positive integer or zero</p>"}, "type": "desc"}, {"attributes": {}, "type": "types", "children": [{"attributes": {"type": "Integer"}, "type": "entry"}]}]}]}, {"attributes": {"line": 164, "isStatic": true, "name": "getScrollTop"}, "type": "method", "children": [{"attributes": {}, "type": "params", "children": [{"attributes": {"defaultValue": "window", "optional": true, "name": "win"}, "type": "param", "children": [{"attributes": {"text": "<p>The window to query</p>"}, "type": "desc"}, {"attributes": {}, "type": "types", "children": [{"attributes": {"type": "Window"}, "type": "entry"}]}]}]}, {"attributes": {"text": "<p>Returns the scroll position of the viewport</p>\n\n<p>All clients except <span class=\"caps\">MSHTML</span> support the non-standard property <code>pageYOffset</code>.\nAs this is easier to evaluate we prefer this property over <code>scrollTop</code>.\nSince the window could differ from the one the application is running in, we can&#8217;t\nuse a one-time environment check to decide which property to use.</p>"}, "type": "desc"}, {"attributes": {}, "type": "return", "children": [{"attributes": {"text": "<p>Scroll position in pixels from top edge, always a positive integer or zero</p>"}, "type": "desc"}, {"attributes": {}, "type": "types", "children": [{"attributes": {"type": "Integer"}, "type": "entry"}]}]}]}, {"attributes": {"line": 96, "isStatic": true, "name": "getWidth"}, "type": "method", "children": [{"attributes": {}, "type": "params", "children": [{"attributes": {"defaultValue": "window", "optional": true, "name": "win"}, "type": "param", "children": [{"attributes": {"text": "<p>The window to query</p>"}, "type": "desc"}, {"attributes": {}, "type": "types", "children": [{"attributes": {"type": "Window"}, "type": "entry"}]}]}]}, {"attributes": {"text": "<p>Returns the current width of the viewport (excluding the vertical scrollbar\nif present).</p>"}, "type": "desc"}, {"attributes": {}, "type": "return", "children": [{"attributes": {"text": "<p>The width of the viewable area of the page (excluding scrollbars).</p>"}, "type": "desc"}, {"attributes": {}, "type": "types", "children": [{"attributes": {"type": "Integer"}, "type": "entry"}]}]}]}, {"attributes": {"line": 269, "isStatic": true, "name": "isLandscape"}, "type": "method", "children": [{"attributes": {}, "type": "params", "children": [{"attributes": {"defaultValue": "window", "optional": true, "name": "win"}, "type": "param", "children": [{"attributes": {"text": "<p>The window to query</p>"}, "type": "desc"}, {"attributes": {}, "type": "types", "children": [{"attributes": {"type": "Window"}, "type": "entry"}]}]}]}, {"attributes": {"text": "<p>Whether the viewport orientation is currently in landscape mode.</p>"}, "type": "desc"}, {"attributes": {}, "type": "return", "children": [{"attributes": {"text": "<code>true</code> when the viewport orientation is currently in landscape mode."}, "type": "desc"}, {"attributes": {}, "type": "types", "children": [{"attributes": {"type": "Boolean"}, "type": "entry"}]}]}]}, {"attributes": {"line": 281, "isStatic": true, "name": "isPortrait"}, "type": "method", "children": [{"attributes": {}, "type": "params", "children": [{"attributes": {"defaultValue": "window", "optional": true, "name": "win"}, "type": "param", "children": [{"attributes": {"text": "<p>The window to query</p>"}, "type": "desc"}, {"attributes": {}, "type": "types", "children": [{"attributes": {"type": "Window"}, "type": "entry"}]}]}]}, {"attributes": {"text": "<p>Whether the viewport orientation is currently in portrait mode.</p>"}, "type": "desc"}, {"attributes": {}, "type": "return", "children": [{"attributes": {"text": "<code>true</code> when the viewport orientation is currently in portrait mode."}, "type": "desc"}, {"attributes": {}, "type": "types", "children": [{"attributes": {"type": "Boolean"}, "type": "entry"}]}]}]}]}, {"attributes": {}, "type": "constants", "children": [{"attributes": {"access": "private", "type": "Null", "name": "__orientationNormalizer", "value": "null"}, "type": "constant"}]}]}