{"attributes": {"isStatic": true, "name": "Browser", "isInternal": true, "packageName": "qx.bom.client", "access": "internal", "fullName": "qx.bom.client.Browser", "type": "bootstrap"}, "type": "class", "children": [{"attributes": {"text": "<p>Basic browser detection for qooxdoo.</p>\n\n<p>This class is used by {@link qx.core.Environment} and should not be used\ndirectly. Please check its class comment for details how to use it.</p>"}, "type": "desc"}, {"attributes": {}, "type": "constants", "children": [{"attributes": {"access": "private", "name": "__agents"}, "type": "constant", "children": [{"attributes": {"text": "<p>Internal helper map for picking the right browser names to check.</p>"}, "type": "desc"}]}]}, {"attributes": {}, "type": "methods-static", "children": [{"attributes": {"access": "internal", "isInternal": true, "line": 195, "isStatic": true, "name": "getDocumentMode"}, "type": "method", "children": [{"attributes": {"text": "<p>Returns in which document mode the current document is (only for IE).</p>"}, "type": "desc"}, {"attributes": {}, "type": "return", "children": [{"attributes": {"text": "<p>The mode in which the browser is.</p>"}, "type": "desc"}, {"attributes": {}, "type": "types", "children": [{"attributes": {"type": "Number"}, "type": "entry"}]}]}]}, {"attributes": {"access": "internal", "isInternal": true, "line": 68, "isStatic": true, "name": "getName"}, "type": "method", "children": [{"attributes": {"text": "<p>Checks for the name of the browser and returns it.</p>"}, "type": "desc"}, {"attributes": {}, "type": "return", "children": [{"attributes": {"text": "<p>The name of the current browser.</p>"}, "type": "desc"}, {"attributes": {}, "type": "types", "children": [{"attributes": {"type": "String"}, "type": "entry"}]}]}]}, {"attributes": {"access": "internal", "isInternal": true, "line": 209, "isStatic": true, "name": "getQuirksMode"}, "type": "method", "children": [{"attributes": {"text": "<p>Check if in quirks mode.</p>"}, "type": "desc"}, {"attributes": {}, "type": "return", "children": [{"attributes": {"text": "<code>true</code>, if the environment is in quirks mode"}, "type": "desc"}, {"attributes": {}, "type": "types", "children": [{"attributes": {"type": "Boolean"}, "type": "entry"}]}]}]}, {"attributes": {"access": "internal", "isInternal": true, "line": 137, "isStatic": true, "name": "getVersion"}, "type": "method", "children": [{"attributes": {"text": "<p>Determines the version of the current browser.</p>"}, "type": "desc"}, {"attributes": {}, "type": "return", "children": [{"attributes": {"text": "<p>The name of the current browser.</p>"}, "type": "desc"}, {"attributes": {}, "type": "types", "children": [{"attributes": {"type": "String"}, "type": "entry"}]}]}]}]}]}