{"attributes": {"fullName": "qx.bom.Document", "packageName": "qx.bom", "isStatic": true, "type": "bootstrap", "name": "Document"}, "type": "class", "children": [{"attributes": {"text": "<p>Includes library functions to work with the current document.</p>"}, "type": "desc"}, {"attributes": {}, "type": "methods-static", "children": [{"attributes": {"line": 183, "isStatic": true, "name": "getHeight"}, "type": "method", "children": [{"attributes": {}, "type": "params", "children": [{"attributes": {"defaultValue": "window", "optional": true, "name": "win"}, "type": "param", "children": [{"attributes": {"text": "<p>The window to query</p>"}, "type": "desc"}, {"attributes": {}, "type": "types", "children": [{"attributes": {"type": "Window"}, "type": "entry"}]}]}]}, {"attributes": {"text": "<p>Returns the height of the document.</p>\n\n<p>Internet Explorer in standard mode stores the proprietary <code>scrollHeight</code> property\non the <code>documentElement</code>, but in quirks mode on the body element. All\nother known browsers simply store the correct value on the <code>documentElement</code>.</p>\n\n<p>If the viewport is higher than the document the viewport height is returned.</p>\n\n<p>As the html element has no visual appearance it also can not scroll. This\nmeans that we must use the body <code>scrollHeight</code> in all non mshtml clients.</p>\n\n<p>Verified to correctly work with:</p>\n\n<ul>\n<li>Mozilla Firefox 2.0.0.4</li>\n<li>Opera 9.2.1</li>\n<li>Safari 3.0 beta (3.0.2)</li>\n<li>Internet Explorer 7.0</li>\n</ul>"}, "type": "desc"}, {"attributes": {}, "type": "return", "children": [{"attributes": {"text": "<p>The height of the actual document (which includes the body and its margin). <span class=\"caps\">NOTE</span>: Opera 9.5x and 9.6x have wrong value for the scrollWidth property, if an element use negative value for top and left to be outside the viewport! See: <a href=\"http://bugzilla.qooxdoo.org/show_bug.cgi?id=2869\">http://bugzilla.qooxdoo.org/show_bug.cgi?id=2869</a></p>"}, "type": "desc"}, {"attributes": {}, "type": "types", "children": [{"attributes": {"type": "Integer"}, "type": "entry"}]}]}]}, {"attributes": {"line": 148, "isStatic": true, "name": "getWidth"}, "type": "method", "children": [{"attributes": {}, "type": "params", "children": [{"attributes": {"defaultValue": "window", "optional": true, "name": "win"}, "type": "param", "children": [{"attributes": {"text": "<p>The window to query</p>"}, "type": "desc"}, {"attributes": {}, "type": "types", "children": [{"attributes": {"type": "Window"}, "type": "entry"}]}]}]}, {"attributes": {"text": "<p>Returns the width of the document.</p>\n\n<p>Internet Explorer in standard mode stores the proprietary <code>scrollWidth</code> property\non the <code>documentElement</code>, but in quirks mode on the body element. All\nother known browsers simply store the correct value on the <code>documentElement</code>.</p>\n\n<p>If the viewport is wider than the document the viewport width is returned.</p>\n\n<p>As the html element has no visual appearance it also can not scroll. This\nmeans that we must use the body <code>scrollWidth</code> in all non mshtml clients.</p>\n\n<p>Verified to correctly work with:</p>\n\n<ul>\n<li>Mozilla Firefox 2.0.0.4</li>\n<li>Opera 9.2.1</li>\n<li>Safari 3.0 beta (3.0.2)</li>\n<li>Internet Explorer 7.0</li>\n</ul>"}, "type": "desc"}, {"attributes": {}, "type": "return", "children": [{"attributes": {"text": "<p>The width of the actual document (which includes the body and its margin). <span class=\"caps\">NOTE</span>: Opera 9.5x and 9.6x have wrong value for the scrollWidth property, if an element use negative value for top and left to be outside the viewport! See: <a href=\"http://bugzilla.qooxdoo.org/show_bug.cgi?id=2869\">http://bugzilla.qooxdoo.org/show_bug.cgi?id=2869</a></p>"}, "type": "desc"}, {"attributes": {}, "type": "types", "children": [{"attributes": {"type": "Integer"}, "type": "entry"}]}]}]}, {"attributes": {"line": 1, "isStatic": true, "name": "isQuirksMode"}, "type": "method", "children": [{"attributes": {}, "type": "params", "children": [{"attributes": {"defaultValue": "window", "optional": true, "name": "win"}, "type": "param", "children": [{"attributes": {"text": "<p>The window to query</p>"}, "type": "desc"}, {"attributes": {}, "type": "types", "children": [{"attributes": {"type": "Window"}, "type": "entry"}]}]}]}, {"attributes": {"text": "<p>Whether the document is in quirks mode (e.g. non <span class=\"caps\">XHTML</span>, HTML4 Strict or missing doctype)</p>"}, "type": "desc"}, {"attributes": {}, "type": "return", "children": [{"attributes": {"text": "<p>true when containing document is in quirks mode</p>"}, "type": "desc"}, {"attributes": {}, "type": "types", "children": [{"attributes": {"type": "Boolean"}, "type": "entry"}]}]}]}, {"attributes": {"line": 117, "isStatic": true, "name": "isStandardMode"}, "type": "method", "children": [{"attributes": {}, "type": "params", "children": [{"attributes": {"defaultValue": "window", "optional": true, "name": "win"}, "type": "param", "children": [{"attributes": {"text": "<p>The window to query</p>"}, "type": "desc"}, {"attributes": {}, "type": "types", "children": [{"attributes": {"type": "Window"}, "type": "entry"}]}]}]}, {"attributes": {"text": "<p>Whether the document is in standard mode (e.g. <span class=\"caps\">XHTML</span>, HTML4 Strict or doctype defined)</p>"}, "type": "desc"}, {"attributes": {}, "type": "return", "children": [{"attributes": {"text": "<p>true when containing document is in standard mode</p>"}, "type": "desc"}, {"attributes": {}, "type": "types", "children": [{"attributes": {"type": "Boolean"}, "type": "entry"}]}]}]}]}]}