{"attributes": {"isStatic": true, "name": "Engine", "isInternal": true, "packageName": "qx.bom.client", "access": "internal", "fullName": "qx.bom.client.Engine", "type": "bootstrap"}, "type": "class", "children": [{"attributes": {"text": "<p>This class comes with all relevant information regarding\nthe client&#8217;s engine.</p>\n\n<p>This class is used by {@link qx.core.Environment} and should not be used\ndirectly. Please check its class comment for details how to use it.</p>"}, "type": "desc"}, {"attributes": {}, "type": "methods-static", "children": [{"attributes": {"access": "private", "line": 219, "isStatic": true, "name": "__isGecko"}, "type": "method", "children": [{"attributes": {"text": "<p>Internal helper for checking for gecko.</p>\n\n<p>Note:\n &#8220;window.controllers&#8221; is gone/hidden with Firefox 30+\n &#8220;window.navigator.mozApps&#8221; is supported since Firefox 11+\n &#8220;window.navigator.product&#8221; is actually useless cause the HTML5 spec\n   states it should be the constant &#8220;Gecko&#8221;.</p>\n\n<p>- <a href=\"https://developer.mozilla.org/en-US/docs/Web/API/Window.controllers\">https://developer.mozilla.org/en-US/docs/Web/API/Window.controllers</a>\n &#8211; <a href=\"https://developer.mozilla.org/en-US/docs/Web/API/Navigator.mozApps\">https://developer.mozilla.org/en-US/docs/Web/API/Navigator.mozApps</a>\n &#8211; <a href=\"http://www.w3.org/html/wg/drafts/html/master/webappapis.html#navigatorid\">http://www.w3.org/html/wg/drafts/html/master/webappapis.html#navigatorid</a></p>"}, "type": "desc"}, {"attributes": {}, "type": "return", "children": [{"attributes": {"text": "<p>true, if its gecko.</p>"}, "type": "desc"}, {"attributes": {}, "type": "types", "children": [{"attributes": {"type": "Boolean"}, "type": "entry"}]}]}]}, {"attributes": {"access": "private", "line": 199, "isStatic": true, "name": "__isMaple"}, "type": "method", "children": [{"attributes": {"text": "<p>Internal helper for checking for Maple .\nMaple is used in Samsung <span class=\"caps\">SMART</span> TV 2010-2011 models. It&#8217;s based on Gecko\nengine 1.8.1.11.</p>"}, "type": "desc"}, {"attributes": {}, "type": "return", "children": [{"attributes": {"text": "<p>true, if its maple.</p>"}, "type": "desc"}, {"attributes": {}, "type": "types", "children": [{"attributes": {"type": "Boolean"}, "type": "entry"}]}]}]}, {"attributes": {"access": "private", "line": 231, "isStatic": true, "name": "__isMshtml"}, "type": "method", "children": [{"attributes": {"text": "<p>Internal helper to check for <span class=\"caps\">MSHTML</span>.</p>"}, "type": "desc"}, {"attributes": {}, "type": "return", "children": [{"attributes": {"text": "<p>true, if its <span class=\"caps\">MSHTML</span>.</p>"}, "type": "desc"}, {"attributes": {}, "type": "types", "children": [{"attributes": {"type": "Boolean"}, "type": "entry"}]}]}]}, {"attributes": {"access": "private", "line": 178, "isStatic": true, "name": "__isOpera"}, "type": "method", "children": [{"attributes": {"text": "<p>Internal helper for checking for opera (presto powered).</p>\n\n<p>Note that with opera >= 15 their engine switched to blink, so\nthings like &#8220;window.opera&#8221; don&#8217;t work anymore or changed (e.g. user agent).</p>"}, "type": "desc"}, {"attributes": {}, "type": "return", "children": [{"attributes": {"text": "<p>true, if its opera (presto powered).</p>"}, "type": "desc"}, {"attributes": {}, "type": "types", "children": [{"attributes": {"type": "Boolean"}, "type": "entry"}]}]}]}, {"attributes": {"access": "private", "line": 188, "isStatic": true, "name": "__isWebkit"}, "type": "method", "children": [{"attributes": {"text": "<p>Internal helper for checking for webkit.</p>"}, "type": "desc"}, {"attributes": {}, "type": "return", "children": [{"attributes": {"text": "<p>true, if its webkit.</p>"}, "type": "desc"}, {"attributes": {}, "type": "types", "children": [{"attributes": {"type": "Boolean"}, "type": "entry"}]}]}]}, {"attributes": {"access": "internal", "isInternal": true, "line": 145, "isStatic": true, "name": "getName"}, "type": "method", "children": [{"attributes": {"text": "<p>Returns the name of the engine.</p>"}, "type": "desc"}, {"attributes": {}, "type": "return", "children": [{"attributes": {"text": "<p>The name of the current engine.</p>"}, "type": "desc"}, {"attributes": {}, "type": "types", "children": [{"attributes": {"type": "String"}, "type": "entry"}]}]}]}, {"attributes": {"access": "internal", "isInternal": true, "line": 58, "isStatic": true, "name": "getVersion"}, "type": "method", "children": [{"attributes": {"text": "<p>Returns the version of the engine.</p>"}, "type": "desc"}, {"attributes": {}, "type": "return", "children": [{"attributes": {"text": "<p>The version number of the current engine.</p>"}, "type": "desc"}, {"attributes": {}, "type": "types", "children": [{"attributes": {"type": "String"}, "type": "entry"}]}]}]}]}]}