{"attributes": {"fullName": "qx.bom.Storage", "packageName": "qx.bom", "isStatic": true, "type": "bootstrap", "name": "Storage"}, "type": "class", "children": [{"attributes": {"text": "<p>This is a cross browser storage implementation. The <span class=\"caps\">API</span> is aligned with the\n<span class=\"caps\">API</span> of the <span class=\"caps\">HTML</span> web storage (<a href=\"http://www.w3.org/TR/webstorage/\">http://www.w3.org/TR/webstorage/</a>) which is also\nthe preferred implementation used. As fallback for IE < 8, we use user data.\nIf both techniques are unsupported, we supply a in memory storage, which is\nof course, not persistent.</p>"}, "type": "desc"}, {"attributes": {}, "type": "constants", "children": [{"attributes": {"access": "private", "type": "Null", "name": "__impl", "value": "null"}, "type": "constant"}]}, {"attributes": {}, "type": "methods-static", "children": [{"attributes": {"line": 36, "isStatic": true, "name": "getLocal"}, "type": "method", "children": [{"attributes": {"text": "<p>Get an instance of a local storage.</p>"}, "type": "desc"}, {"attributes": {}, "type": "return", "children": [{"attributes": {"text": "<p>An instance of a storage implementation.</p>"}, "type": "desc"}, {"attributes": {}, "type": "types", "children": [{"attributes": {"type": "qx.bom.storage.Web"}, "type": "entry"}, {"attributes": {"type": "qx.bom.storage.UserData"}, "type": "entry"}, {"attributes": {"type": "qx.bom.storage.Memory"}, "type": "entry"}]}]}]}, {"attributes": {"line": 54, "isStatic": true, "name": "getSession"}, "type": "method", "children": [{"attributes": {"text": "<p>Get an instance of a session storage.</p>"}, "type": "desc"}, {"attributes": {}, "type": "return", "children": [{"attributes": {"text": "<p>An instance of a storage implementation.</p>"}, "type": "desc"}, {"attributes": {}, "type": "types", "children": [{"attributes": {"type": "qx.bom.storage.Web"}, "type": "entry"}, {"attributes": {"type": "qx.bom.storage.UserData"}, "type": "entry"}, {"attributes": {"type": "qx.bom.storage.Memory"}, "type": "entry"}]}]}]}]}]}