{"attributes": {"isStatic": true, "name": "Device", "isInternal": true, "packageName": "qx.bom.client", "access": "internal", "fullName": "qx.bom.client.Device", "type": "bootstrap"}, "type": "class", "children": [{"attributes": {"text": "<p>The class is responsible for device detection. This is specially usefull\nif you are on a mobile device.</p>\n\n<p>This class is used by {@link qx.core.Environment} and should not be used\ndirectly. Please check its class comment for details how to use it.</p>"}, "type": "desc"}, {"attributes": {}, "type": "methods-static", "children": [{"attributes": {"line": 86, "isStatic": true, "name": "detectDeviceType"}, "type": "method", "children": [{"attributes": {}, "type": "params", "children": [{"attributes": {"name": "userAgentString"}, "type": "param", "children": [{"attributes": {"text": "<p>userAgent parameter, needed for decision.</p>"}, "type": "desc"}, {"attributes": {}, "type": "types", "children": [{"attributes": {"type": "String"}, "type": "entry"}]}]}]}, {"attributes": {"text": "<p>Detects the device type, based on given userAgentString.</p>"}, "type": "desc"}, {"attributes": {}, "type": "return", "children": [{"attributes": {"text": "<p>The device type name of determined device: &#8220;mobile&#8221;,&#8220;desktop&#8221;,&#8220;tablet&#8221;</p>"}, "type": "desc"}, {"attributes": {}, "type": "types", "children": [{"attributes": {"type": "String"}, "type": "entry"}]}]}]}, {"attributes": {"line": 102, "isStatic": true, "name": "detectMobileDevice"}, "type": "method", "children": [{"attributes": {}, "type": "params", "children": [{"attributes": {"name": "userAgentString"}, "type": "param", "children": [{"attributes": {"text": "<p>userAgent parameter, needed for decision.</p>"}, "type": "desc"}, {"attributes": {}, "type": "types", "children": [{"attributes": {"type": "String"}, "type": "entry"}]}]}]}, {"attributes": {"text": "<p>Detects if a device is a mobile phone. (Tablets excluded.)</p>"}, "type": "desc"}, {"attributes": {}, "type": "return", "children": [{"attributes": {"text": "<p>Flag which indicates whether it is a mobile device.</p>"}, "type": "desc"}, {"attributes": {}, "type": "types", "children": [{"attributes": {"type": "Boolean"}, "type": "entry"}]}]}]}, {"attributes": {"line": 112, "isStatic": true, "name": "detectTabletDevice"}, "type": "method", "children": [{"attributes": {}, "type": "params", "children": [{"attributes": {"name": "userAgentString"}, "type": "param", "children": [{"attributes": {"text": "<p>userAgent parameter, needed for decision.</p>"}, "type": "desc"}, {"attributes": {}, "type": "types", "children": [{"attributes": {"type": "String"}, "type": "entry"}]}]}]}, {"attributes": {"text": "<p>Detects if a device is a tablet device.</p>"}, "type": "desc"}, {"attributes": {}, "type": "return", "children": [{"attributes": {"text": "<p>Flag which indicates whether it is a tablet device.</p>"}, "type": "desc"}, {"attributes": {}, "type": "types", "children": [{"attributes": {"type": "Boolean"}, "type": "entry"}]}]}]}, {"attributes": {"line": 125, "isStatic": true, "name": "getDevicePixelRatio"}, "type": "method", "children": [{"attributes": {"text": "<p>Detects the device&#8217;s pixel ratio. Returns 1 if detection is not possible.</p>"}, "type": "desc"}, {"attributes": {}, "type": "return", "children": [{"attributes": {"text": "<p>The device&#8217;s pixel ratio</p>"}, "type": "desc"}, {"attributes": {}, "type": "types", "children": [{"attributes": {"type": "Number"}, "type": "entry"}]}]}]}, {"attributes": {"access": "internal", "isInternal": true, "line": 54, "isStatic": true, "name": "getName"}, "type": "method", "children": [{"attributes": {"text": "<p>Returns the name of the current device if detectable. It falls back to\n<code>pc</code> if the detection for other devices fails.</p>"}, "type": "desc"}, {"attributes": {}, "type": "return", "children": [{"attributes": {"text": "<p>The string of the device found.</p>"}, "type": "desc"}, {"attributes": {}, "type": "types", "children": [{"attributes": {"type": "String"}, "type": "entry"}]}]}]}, {"attributes": {"line": 140, "isStatic": true, "name": "getTouch"}, "type": "method", "children": [{"attributes": {"text": "<p>Detects if either touch events or pointer events are supported.\nAdditionally it checks if touch is enabled for pointer events.</p>"}, "type": "desc"}, {"attributes": {}, "type": "return", "children": [{"attributes": {"text": "<code>true</code>, if the device supports touch"}, "type": "desc"}, {"attributes": {}, "type": "types", "children": [{"attributes": {"type": "Boolean"}, "type": "entry"}]}]}]}, {"attributes": {"line": 75, "isStatic": true, "name": "getType"}, "type": "method", "children": [{"attributes": {"text": "<p>Determines on what type of device the application is running.\nValid values are: &#8220;mobile&#8221;, &#8220;tablet&#8221; or &#8220;desktop&#8221;.</p>"}, "type": "desc"}, {"attributes": {}, "type": "return", "children": [{"attributes": {"text": "<p>The device type name of determined device.</p>"}, "type": "desc"}, {"attributes": {}, "type": "types", "children": [{"attributes": {"type": "String"}, "type": "entry"}]}]}]}]}, {"attributes": {}, "type": "constants", "children": [{"attributes": {"access": "private", "name": "__ids"}, "type": "constant", "children": [{"attributes": {"text": "<p>Maps user agent names to device IDs</p>"}, "type": "desc"}]}]}]}