{"attributes": {"fullName": "qx.bom.Range", "packageName": "qx.bom", "isStatic": true, "type": "bootstrap", "name": "Range"}, "type": "class", "children": [{"attributes": {"text": "<p>Low-level Range <span class=\"caps\">API</span> which is used together with the low-level Selection <span class=\"caps\">API</span>.\nThis is especially useful whenever a developer want to work on text level,\ne.g. for an editor.</p>"}, "type": "desc"}, {"attributes": {}, "type": "methods-static", "children": [{"attributes": {"line": 1, "isStatic": true, "name": "get"}, "type": "method", "children": [{"attributes": {}, "type": "params", "children": [{"attributes": {"name": "node"}, "type": "param", "children": [{"attributes": {"text": "<p>node to get the range of</p>"}, "type": "desc"}, {"attributes": {}, "type": "types", "children": [{"attributes": {"type": "Node"}, "type": "entry"}]}]}]}, {"attributes": {"text": "<p>Returns the range object of the given node.</p>"}, "type": "desc"}, {"attributes": {}, "type": "return", "children": [{"attributes": {"text": "<p>valid range of given selection</p>"}, "type": "desc"}, {"attributes": {}, "type": "types", "children": [{"attributes": {"type": "Range"}, "type": "entry"}]}]}]}]}]}