{"attributes": {"fullName": "qx.bom.element.AnimationJs", "packageName": "qx.bom.element", "isStatic": true, "type": "bootstrap", "name": "AnimationJs"}, "type": "class", "children": [{"attributes": {"text": "<p>This class offers the same <span class=\"caps\">API</span> as the CSS3 animation layer in\n{@link qx.bom.element.AnimationCss} but uses JavaScript to fake the behavior.</p>\n\n<p>{@link qx.bom.element.Animation} is the class, which takes care of the\nfeature detection for <span class=\"caps\">CSS</span> animations and decides which implementation\n(CSS or JavaScript) should be used. Most likely, this implementation should\nbe the one to use.</p>"}, "type": "desc"}, {"attributes": {}, "type": "methods-static", "children": [{"attributes": {"access": "private", "line": 484, "isStatic": true, "name": "__applyRepeat"}, "type": "method", "children": [{"attributes": {}, "type": "params", "children": [{"attributes": {"name": "steps"}, "type": "param", "children": [{"attributes": {"text": "<p>The number of steps one iteration would take.</p>"}, "type": "desc"}, {"attributes": {}, "type": "types", "children": [{"attributes": {"type": "Integer"}, "type": "entry"}]}]}, {"attributes": {"name": "repeat"}, "type": "param", "children": [{"attributes": {"text": "<p>It can be either a number how often the animation should be repeated or the string &#8216;infinite&#8217;.</p>"}, "type": "desc"}, {"attributes": {}, "type": "types", "children": [{"attributes": {"type": "Integer"}, "type": "entry"}, {"attributes": {"type": "String"}, "type": "entry"}]}]}]}, {"attributes": {"text": "<p>Takes care of the repeat key of the description.</p>"}, "type": "desc"}, {"attributes": {}, "type": "return", "children": [{"attributes": {"text": "<p>The number of steps to animate.</p>"}, "type": "desc"}, {"attributes": {}, "type": "types", "children": [{"attributes": {"type": "Integer"}, "type": "entry"}]}]}]}, {"attributes": {"access": "private", "line": 500, "isStatic": true, "name": "__applyStyles"}, "type": "method", "children": [{"attributes": {}, "type": "params", "children": [{"attributes": {"name": "el"}, "type": "param", "children": [{"attributes": {"text": "<p>The <span class=\"caps\">DOM</span> element to apply the styles.</p>"}, "type": "desc"}, {"attributes": {}, "type": "types", "children": [{"attributes": {"type": "Element"}, "type": "entry"}]}]}, {"attributes": {"name": "styles"}, "type": "param", "children": [{"attributes": {"text": "<p>A map containing styles and values.</p>"}, "type": "desc"}, {"attributes": {}, "type": "types", "children": [{"attributes": {"type": "Map"}, "type": "entry"}]}]}]}, {"attributes": {"text": "<p>Central method to apply css styles and element properties.</p>"}, "type": "desc"}]}, {"attributes": {"access": "private", "line": 242, "isStatic": true, "name": "__calculateDelta"}, "type": "method", "children": [{"attributes": {}, "type": "params", "children": [{"attributes": {"name": "steps"}, "type": "param", "children": [{"attributes": {"text": "<p>The amount of steps to take to the end of the animation.</p>"}, "type": "desc"}, {"attributes": {}, "type": "types", "children": [{"attributes": {"type": "Integer"}, "type": "entry"}]}]}, {"attributes": {"name": "stepTime"}, "type": "param", "children": [{"attributes": {"text": "<p>The amount of milliseconds each step takes.</p>"}, "type": "desc"}, {"attributes": {}, "type": "types", "children": [{"attributes": {"type": "Integer"}, "type": "entry"}]}]}, {"attributes": {"name": "keys"}, "type": "param", "children": [{"attributes": {"text": "<p>Ordered list of keys in the key frames map.</p>"}, "type": "desc"}, {"attributes": {}, "type": "types", "children": [{"attributes": {"type": "Array"}, "type": "entry"}]}]}, {"attributes": {"name": "keyFrames"}, "type": "param", "children": [{"attributes": {"text": "<p>The map of key frames.</p>"}, "type": "desc"}, {"attributes": {}, "type": "types", "children": [{"attributes": {"type": "Map"}, "type": "entry"}]}]}, {"attributes": {"name": "duration"}, "type": "param", "children": [{"attributes": {"text": "<p>Time in milliseconds the animation should take.</p>"}, "type": "desc"}, {"attributes": {}, "type": "types", "children": [{"attributes": {"type": "Integer"}, "type": "entry"}]}]}, {"attributes": {"name": "timing"}, "type": "param", "children": [{"attributes": {"text": "<p>The given timing function.</p>"}, "type": "desc"}, {"attributes": {}, "type": "types", "children": [{"attributes": {"type": "String"}, "type": "entry"}]}]}]}, {"attributes": {"text": "<p>Precalculation of the delta which will be applied during the animation.\nThe whole deltas will be calculated prior to the animation and stored\nin a single array. This method takes care of that calculation.</p>"}, "type": "desc"}, {"attributes": {}, "type": "return", "children": [{"attributes": {"text": "<p>An array containing the animation deltas.</p>"}, "type": "desc"}, {"attributes": {}, "type": "types", "children": [{"attributes": {"type": "Array"}, "type": "entry"}]}]}]}, {"attributes": {"access": "private", "line": 351, "isStatic": true, "name": "__getNextValue"}, "type": "method", "children": [{"attributes": {}, "type": "params", "children": [{"attributes": {"name": "nextItem"}, "type": "param", "children": [{"attributes": {"text": "<p>The <span class=\"caps\">CSS</span> value of the next frame</p>"}, "type": "desc"}, {"attributes": {}, "type": "types", "children": [{"attributes": {"type": "String"}, "type": "entry"}]}]}, {"attributes": {"name": "lastItem"}, "type": "param", "children": [{"attributes": {"text": "<p>The <span class=\"caps\">CSS</span> value of the last frame</p>"}, "type": "desc"}, {"attributes": {}, "type": "types", "children": [{"attributes": {"type": "String"}, "type": "entry"}]}]}, {"attributes": {"name": "timing"}, "type": "param", "children": [{"attributes": {"text": "<p>The timing used for the calculation</p>"}, "type": "desc"}, {"attributes": {}, "type": "types", "children": [{"attributes": {"type": "String"}, "type": "entry"}]}]}, {"attributes": {"name": "x"}, "type": "param", "children": [{"attributes": {"text": "<p>The x position of the animation on the time axis</p>"}, "type": "desc"}, {"attributes": {}, "type": "types", "children": [{"attributes": {"type": "Number"}, "type": "entry"}]}]}]}, {"attributes": {"text": "<p>Returns the next value based on the given arguments.</p>"}, "type": "desc"}, {"attributes": {}, "type": "return", "children": [{"attributes": {"text": "<p>The calculated value including its unit.</p>"}, "type": "desc"}, {"attributes": {}, "type": "types", "children": [{"attributes": {"type": "String"}, "type": "entry"}]}]}]}, {"attributes": {"access": "private", "line": 550, "isStatic": true, "name": "__getOrderedKeys"}, "type": "method", "children": [{"attributes": {}, "type": "params", "children": [{"attributes": {"name": "keyFrames"}, "type": "param", "children": [{"attributes": {"text": "<p>The map of key frames.</p>"}, "type": "desc"}, {"attributes": {}, "type": "types", "children": [{"attributes": {"type": "Map"}, "type": "entry"}]}]}]}, {"attributes": {"text": "<p>Helper which returns the orderd keys of the key frame map.</p>"}, "type": "desc"}, {"attributes": {}, "type": "return", "children": [{"attributes": {"text": "<p>An orderd list of kyes.</p>"}, "type": "desc"}, {"attributes": {}, "type": "types", "children": [{"attributes": {"type": "Array"}, "type": "entry"}]}]}]}, {"attributes": {"access": "private", "line": 530, "isStatic": true, "name": "__getStepTime"}, "type": "method", "children": [{"attributes": {}, "type": "params", "children": [{"attributes": {"name": "duration"}, "type": "param", "children": [{"attributes": {"text": "<p>The duration of the animation.</p>"}, "type": "desc"}, {"attributes": {}, "type": "types", "children": [{"attributes": {"type": "Number"}, "type": "entry"}]}]}, {"attributes": {"name": "keys"}, "type": "param", "children": [{"attributes": {"text": "<p>An array containing the orderd set of key frame keys.</p>"}, "type": "desc"}, {"attributes": {}, "type": "types", "children": [{"attributes": {"type": "Array"}, "type": "entry"}]}]}]}, {"attributes": {"text": "<p>Dynamic calculation of the steps time considering a max step time.</p>"}, "type": "desc"}, {"attributes": {}, "type": "return", "children": [{"attributes": {"text": "<p>The best suited step time.</p>"}, "type": "desc"}, {"attributes": {}, "type": "types", "children": [{"attributes": {"type": "Integer"}, "type": "entry"}]}]}]}, {"attributes": {"access": "private", "line": 337, "isStatic": true, "name": "__getUnit"}, "type": "method", "children": [{"attributes": {}, "type": "params", "children": [{"attributes": {"name": "item"}, "type": "param", "children": [{"attributes": {"text": "<p>A <span class=\"caps\">CSS</span> value including its unit.</p>"}, "type": "desc"}, {"attributes": {}, "type": "types", "children": [{"attributes": {"type": "String"}, "type": "entry"}]}]}]}, {"attributes": {"text": "<p>Ties to parse out the unit of the given value.</p>"}, "type": "desc"}, {"attributes": {}, "type": "return", "children": [{"attributes": {"text": "<p>The unit of the given value.</p>"}, "type": "desc"}, {"attributes": {}, "type": "types", "children": [{"attributes": {"type": "String"}, "type": "entry"}]}]}]}, {"attributes": {"access": "private", "line": 151, "isStatic": true, "name": "__normalizeKeyFrames"}, "type": "method", "children": [{"attributes": {}, "type": "params", "children": [{"attributes": {"name": "keyFrames"}, "type": "param", "children": [{"attributes": {"text": "<p>The map of key frames.</p>"}, "type": "desc"}, {"attributes": {}, "type": "types", "children": [{"attributes": {"type": "Map"}, "type": "entry"}]}]}, {"attributes": {"name": "el"}, "type": "param", "children": [{"attributes": {"text": "<p>The element to animate.</p>"}, "type": "desc"}, {"attributes": {}, "type": "types", "children": [{"attributes": {"type": "Element"}, "type": "entry"}]}]}]}, {"attributes": {"text": "<p>Try to normalize the keyFrames by adding the default / set values of the\nelement.</p>"}, "type": "desc"}]}, {"attributes": {"access": "private", "line": 206, "isStatic": true, "name": "__normalizeKeyFrameTransforms"}, "type": "method", "children": [{"attributes": {}, "type": "params", "children": [{"attributes": {"name": "frame"}, "type": "param", "children": [{"attributes": {"text": "<p>A single key frame of the description.</p>"}, "type": "desc"}, {"attributes": {}, "type": "types", "children": [{"attributes": {"type": "Map"}, "type": "entry"}]}]}]}, {"attributes": {"text": "<p>Checks for transform keys and returns a cloned frame\nwith the right transform style set.</p>"}, "type": "desc"}, {"attributes": {}, "type": "return", "children": [{"attributes": {"text": "<p>A modified clone of the given frame.</p>"}, "type": "desc"}, {"attributes": {}, "type": "types", "children": [{"attributes": {"type": "Map"}, "type": "entry"}]}]}]}, {"attributes": {"access": "protected", "line": 95, "isStatic": true, "name": "_animate"}, "type": "method", "children": [{"attributes": {}, "type": "params", "children": [{"attributes": {"name": "el"}, "type": "param", "children": [{"attributes": {"text": "<p>The element to animate.</p>"}, "type": "desc"}, {"attributes": {}, "type": "types", "children": [{"attributes": {"type": "Element"}, "type": "entry"}]}]}, {"attributes": {"name": "desc"}, "type": "param", "children": [{"attributes": {"text": "<p>Animation description.</p>"}, "type": "desc"}, {"attributes": {}, "type": "types", "children": [{"attributes": {"type": "Map"}, "type": "entry"}]}]}, {"attributes": {"optional": true, "name": "duration"}, "type": "param", "children": [{"attributes": {"text": "<p>The duration of the animation which will override the duration given in the description.</p>"}, "type": "desc"}, {"attributes": {}, "type": "types", "children": [{"attributes": {"type": "Integer"}, "type": "entry"}]}]}, {"attributes": {"name": "reverse"}, "type": "param", "children": [{"attributes": {"text": "<code>true</code>, if the animation should be reversed."}, "type": "desc"}, {"attributes": {}, "type": "types", "children": [{"attributes": {"type": "Boolean"}, "type": "entry"}]}]}]}, {"attributes": {"text": "<p>Helper to start the animation, either in reversed order or not.</p>"}, "type": "desc"}, {"attributes": {}, "type": "return", "children": [{"attributes": {"text": "<p>The handle.</p>"}, "type": "desc"}, {"attributes": {}, "type": "types", "children": [{"attributes": {"type": "qx.bom.element.AnimationHandle"}, "type": "entry"}]}]}]}, {"attributes": {"line": 64, "isStatic": true, "name": "animate"}, "type": "method", "children": [{"attributes": {}, "type": "params", "children": [{"attributes": {"name": "el"}, "type": "param", "children": [{"attributes": {"text": "<p>The element to animate.</p>"}, "type": "desc"}, {"attributes": {}, "type": "types", "children": [{"attributes": {"type": "Element"}, "type": "entry"}]}]}, {"attributes": {"name": "desc"}, "type": "param", "children": [{"attributes": {"text": "<p>Animation description.</p>"}, "type": "desc"}, {"attributes": {}, "type": "types", "children": [{"attributes": {"type": "Map"}, "type": "entry"}]}]}, {"attributes": {"optional": true, "name": "duration"}, "type": "param", "children": [{"attributes": {"text": "<p>The duration of the animation which will override the duration given in the description.</p>"}, "type": "desc"}, {"attributes": {}, "type": "types", "children": [{"attributes": {"type": "Integer"}, "type": "entry"}]}]}]}, {"attributes": {"text": "<p>This is the main function to start the animation. For further details,\ntake a look at the documentation of the wrapper\n{@link qx.bom.element.Animation}.</p>"}, "type": "desc"}, {"attributes": {}, "type": "return", "children": [{"attributes": {"text": "<p>The handle.</p>"}, "type": "desc"}, {"attributes": {}, "type": "types", "children": [{"attributes": {"type": "qx.bom.element.AnimationHandle"}, "type": "entry"}]}]}]}, {"attributes": {"line": 79, "isStatic": true, "name": "animateReverse"}, "type": "method", "children": [{"attributes": {}, "type": "params", "children": [{"attributes": {"name": "el"}, "type": "param", "children": [{"attributes": {"text": "<p>The element to animate.</p>"}, "type": "desc"}, {"attributes": {}, "type": "types", "children": [{"attributes": {"type": "Element"}, "type": "entry"}]}]}, {"attributes": {"name": "desc"}, "type": "param", "children": [{"attributes": {"text": "<p>Animation description.</p>"}, "type": "desc"}, {"attributes": {}, "type": "types", "children": [{"attributes": {"type": "Map"}, "type": "entry"}]}]}, {"attributes": {"optional": true, "name": "duration"}, "type": "param", "children": [{"attributes": {"text": "<p>The duration of the animation which will override the duration given in the description.</p>"}, "type": "desc"}, {"attributes": {}, "type": "types", "children": [{"attributes": {"type": "Integer"}, "type": "entry"}]}]}]}, {"attributes": {"text": "<p>This is the main function to start the animation in reversed mode.\nFor further details, take a look at the documentation of the wrapper\n{@link qx.bom.element.Animation}.</p>"}, "type": "desc"}, {"attributes": {}, "type": "return", "children": [{"attributes": {"text": "<p>The handle.</p>"}, "type": "desc"}, {"attributes": {}, "type": "types", "children": [{"attributes": {"type": "qx.bom.element.AnimationHandle"}, "type": "entry"}]}]}]}, {"attributes": {"access": "internal", "isInternal": true, "line": 420, "isStatic": true, "name": "pause"}, "type": "method", "children": [{"attributes": {}, "type": "params", "children": [{"attributes": {"name": "handle"}, "type": "param", "children": [{"attributes": {"text": "<p>The hand which represents the animation.</p>"}, "type": "desc"}, {"attributes": {}, "type": "types", "children": [{"attributes": {"type": "qx.bom.element.AnimationHandle"}, "type": "entry"}]}]}]}, {"attributes": {"text": "<p>Internal helper for the {@link qx.bom.element.AnimationHandle} to pause\nthe animation.</p>"}, "type": "desc"}, {"attributes": {}, "type": "return", "children": [{"attributes": {"text": "<p>The handle for chaining.</p>"}, "type": "desc"}, {"attributes": {}, "type": "types", "children": [{"attributes": {"type": "qx.bom.element.AnimationHandle"}, "type": "entry"}]}]}]}, {"attributes": {"access": "internal", "isInternal": true, "line": 365, "isStatic": true, "name": "play"}, "type": "method", "children": [{"attributes": {}, "type": "params", "children": [{"attributes": {"name": "handle"}, "type": "param", "children": [{"attributes": {"text": "<p>The hand which represents the animation.</p>"}, "type": "desc"}, {"attributes": {}, "type": "types", "children": [{"attributes": {"type": "qx.bom.element.AnimationHandle"}, "type": "entry"}]}]}]}, {"attributes": {"text": "<p>Internal helper for the {@link qx.bom.element.AnimationHandle} to play\nthe animation.</p>"}, "type": "desc"}, {"attributes": {}, "type": "return", "children": [{"attributes": {"text": "<p>The handle for chaining.</p>"}, "type": "desc"}, {"attributes": {}, "type": "types", "children": [{"attributes": {"type": "qx.bom.element.AnimationHandle"}, "type": "entry"}]}]}]}, {"attributes": {"access": "internal", "isInternal": true, "line": 437, "isStatic": true, "name": "stop"}, "type": "method", "children": [{"attributes": {}, "type": "params", "children": [{"attributes": {"name": "handle"}, "type": "param", "children": [{"attributes": {"text": "<p>The hand which represents the animation.</p>"}, "type": "desc"}, {"attributes": {}, "type": "types", "children": [{"attributes": {"type": "qx.bom.element.AnimationHandle"}, "type": "entry"}]}]}]}, {"attributes": {"text": "<p>Internal helper for the {@link qx.bom.element.AnimationHandle} to stop\nthe animation.</p>"}, "type": "desc"}, {"attributes": {}, "type": "return", "children": [{"attributes": {"text": "<p>The handle for chaining.</p>"}, "type": "desc"}, {"attributes": {}, "type": "types", "children": [{"attributes": {"type": "qx.bom.element.AnimationHandle"}, "type": "entry"}]}]}]}]}, {"attributes": {}, "type": "constants", "children": [{"attributes": {"access": "private", "type": "Array", "name": "__units", "value": "[\"%\",\"in\",\"cm\",\"mm\",\"em\",\"ex\",\"pt\",\"pc\",\"px\"]"}, "type": "constant", "children": [{"attributes": {"text": "<p>The supported <span class=\"caps\">CSS</span> units.</p>"}, "type": "desc"}]}, {"attributes": {"access": "private", "name": "__transitionKeys"}, "type": "constant", "children": [{"attributes": {"text": "<p>The used keys for transforms.</p>"}, "type": "desc"}]}, {"attributes": {"access": "private", "type": "Number", "name": "__maxStepTime", "value": "30"}, "type": "constant", "children": [{"attributes": {"text": "<p>The maximal time a frame should take.</p>"}, "type": "desc"}]}]}]}