{"attributes": {"isStatic": true, "name": "Stylesheet", "isInternal": true, "packageName": "qx.bom.client", "access": "internal", "fullName": "qx.bom.client.Stylesheet", "type": "bootstrap"}, "type": "class", "children": [{"attributes": {"text": "<p>Internal class which contains the checks used by {@link qx.core.Environment}.\nAll checks in here are marked as internal which means you should never use\nthem directly.</p>\n\n<p>This class contains checks related to Stylesheet objects.</p>"}, "type": "desc"}, {"attributes": {}, "type": "methods-static", "children": [{"attributes": {"access": "private", "line": 37, "isStatic": true, "name": "__getStylesheet"}, "type": "method", "children": [{"attributes": {"text": "<p>Returns a stylesheet to be used for feature checks</p>"}, "type": "desc"}, {"attributes": {}, "type": "return", "children": [{"attributes": {"text": "<p>Stylesheet element</p>"}, "type": "desc"}, {"attributes": {}, "type": "types", "children": [{"attributes": {"type": "Stylesheet"}, "type": "entry"}]}]}]}, {"attributes": {"access": "internal", "isInternal": true, "line": 93, "isStatic": true, "name": "getAddImport"}, "type": "method", "children": [{"attributes": {"text": "<p>Decides whether to use the legacy IE-only stylesheet.addImport or the\n<span class=\"caps\">DOM</span>-standard stylesheet.insertRule(&#8217;@import [...]&#8217;)</p>"}, "type": "desc"}, {"attributes": {}, "type": "return", "children": [{"attributes": {"text": "<code>true</code> if stylesheet.addImport is supported"}, "type": "desc"}, {"attributes": {}, "type": "types", "children": [{"attributes": {"type": "Boolean"}, "type": "entry"}]}]}]}, {"attributes": {"access": "internal", "isInternal": true, "line": 56, "isStatic": true, "name": "getCreateStyleSheet"}, "type": "method", "children": [{"attributes": {"text": "<p>Check for IE&#8217;s non-standard document.createStyleSheet function.\nIn IE9 (standards mode), the typeof check returns &#8220;function&#8221; so false is\nreturned. This is intended since IE9 supports the <span class=\"caps\">DOM</span>-standard\ncreateElement(&#8220;style&#8221;) which should be used instead.</p>"}, "type": "desc"}, {"attributes": {}, "type": "return", "children": [{"attributes": {"text": "<code>true</code> if the browser supports document.createStyleSheet"}, "type": "desc"}, {"attributes": {}, "type": "types", "children": [{"attributes": {"type": "Boolean"}, "type": "entry"}]}]}]}, {"attributes": {"access": "internal", "isInternal": true, "line": 80, "isStatic": true, "name": "getDeleteRule"}, "type": "method", "children": [{"attributes": {"text": "<p>Check for stylesheet.deleteRule. Legacy IEs do not support this.</p>"}, "type": "desc"}, {"attributes": {}, "type": "return", "children": [{"attributes": {"text": "<code>true</code> if deleteRule is supported"}, "type": "desc"}, {"attributes": {}, "type": "types", "children": [{"attributes": {"type": "Boolean"}, "type": "entry"}]}]}]}, {"attributes": {"access": "internal", "isInternal": true, "line": 68, "isStatic": true, "name": "getInsertRule"}, "type": "method", "children": [{"attributes": {"text": "<p>Check for stylesheet.insertRule. Legacy IEs do not support this.</p>"}, "type": "desc"}, {"attributes": {}, "type": "return", "children": [{"attributes": {"text": "<code>true</code> if insertRule is supported"}, "type": "desc"}, {"attributes": {}, "type": "types", "children": [{"attributes": {"type": "Boolean"}, "type": "entry"}]}]}]}, {"attributes": {"access": "internal", "isInternal": true, "line": 106, "isStatic": true, "name": "getRemoveImport"}, "type": "method", "children": [{"attributes": {"text": "<p>Decides whether to use the legacy IE-only stylesheet.removeImport or the\n<span class=\"caps\">DOM</span>-standard stylesheet.deleteRule(&#8217;@import [...]&#8217;)</p>"}, "type": "desc"}, {"attributes": {}, "type": "return", "children": [{"attributes": {"text": "<code>true</code> if stylesheet.removeImport is supported"}, "type": "desc"}, {"attributes": {}, "type": "types", "children": [{"attributes": {"type": "Boolean"}, "type": "entry"}]}]}]}]}]}