{"attributes": {"isStatic": true, "name": "Transport", "isInternal": true, "packageName": "qx.bom.client", "access": "internal", "fullName": "qx.bom.client.Transport", "type": "bootstrap"}, "type": "class", "children": [{"attributes": {"text": "<p>Determines browser-dependent information about the transport layer.</p>\n\n<p>This class is used by {@link qx.core.Environment} and should not be used\ndirectly. Please check its class comment for details how to use it.</p>"}, "type": "desc"}, {"attributes": {}, "type": "methods-static", "children": [{"attributes": {"access": "internal", "isInternal": true, "line": 56, "isStatic": true, "name": "getMaxConcurrentRequestCount"}, "type": "method", "children": [{"attributes": {"text": "<p>Returns the maximum number of parallel requests the current browser\nsupports per host addressed.</p>\n\n<p>Note that this assumes one connection can support one request at a time\nonly. Technically, this is not correct when pipelining is enabled (which\nit currently is only for IE 8 and Opera). In this case, the number\nreturned will be too low, as one connection supports multiple pipelined\nrequests. This is accepted for now because pipelining cannot be\ndetected from JavaScript and because modern browsers have enough\nparallel connections already &#8211; it&#8217;s unlikely an app will require more\nthan 4 parallel XMLHttpRequests to one server at a time.</p>"}, "type": "desc"}, {"attributes": {}, "type": "return", "children": [{"attributes": {"text": "<p>Maximum number of parallel requests</p>"}, "type": "desc"}, {"attributes": {}, "type": "types", "children": [{"attributes": {"type": "Integer"}, "type": "entry"}]}]}]}, {"attributes": {"access": "internal", "isInternal": true, "line": 125, "isStatic": true, "name": "getSsl"}, "type": "method", "children": [{"attributes": {"text": "<p>Checks whether the app is loaded with <span class=\"caps\">SSL</span> enabled which means via https.</p>"}, "type": "desc"}, {"attributes": {}, "type": "return", "children": [{"attributes": {"text": "<code>true</code>, if the app runs on https"}, "type": "desc"}, {"attributes": {}, "type": "types", "children": [{"attributes": {"type": "Boolean"}, "type": "entry"}]}]}]}, {"attributes": {"access": "internal", "isInternal": true, "line": 141, "isStatic": true, "name": "getXmlHttpRequest"}, "type": "method", "children": [{"attributes": {"text": "<p>Checks what kind of XMLHttpRequest object the browser supports\nfor the current protocol, if any.</p>\n\n<p>The standard XMLHttpRequest is preferred over ActiveX <span class=\"caps\">XMLHTTP</span>.</p>"}, "type": "desc"}, {"attributes": {}, "type": "return", "children": [{"attributes": {"text": "<code>\"xhr\"</code>, if the browser provides standard XMLHttpRequest.\n <code>\"activex\"</code>, if the browser provides ActiveX XMLHTTP.\n <code>\"\"</code>, if there is not XHR support at all."}, "type": "desc"}, {"attributes": {}, "type": "types", "children": [{"attributes": {"type": "String"}, "type": "entry"}]}]}]}]}]}