{"attributes": {"isStatic": true, "name": "EcmaScript", "isInternal": true, "packageName": "qx.bom.client", "access": "internal", "fullName": "qx.bom.client.EcmaScript", "type": "bootstrap"}, "type": "class", "children": [{"attributes": {"text": "<p>The main purpose of this class to hold all checks about ECMAScript.</p>\n\n<p>This class is used by {@link qx.core.Environment} and should not be used\ndirectly. Please check its class comment for details how to use it.</p>"}, "type": "desc"}, {"attributes": {}, "type": "methods-static", "children": [{"attributes": {"access": "internal", "isInternal": true, "line": 124, "isStatic": true, "name": "getArrayEvery"}, "type": "method", "children": [{"attributes": {"text": "<p>Checks if &#8216;every&#8217; is supported on the Array object.</p>"}, "type": "desc"}, {"attributes": {}, "type": "return", "children": [{"attributes": {"text": "<code>true</code>, if the method is available."}, "type": "desc"}, {"attributes": {}, "type": "types", "children": [{"attributes": {"type": "Boolean"}, "type": "entry"}]}]}]}, {"attributes": {"access": "internal", "isInternal": true, "line": 94, "isStatic": true, "name": "getArrayFilter"}, "type": "method", "children": [{"attributes": {"text": "<p>Checks if &#8216;filter&#8217; is supported on the Array object.</p>"}, "type": "desc"}, {"attributes": {}, "type": "return", "children": [{"attributes": {"text": "<code>true</code>, if the method is available."}, "type": "desc"}, {"attributes": {}, "type": "types", "children": [{"attributes": {"type": "Boolean"}, "type": "entry"}]}]}]}, {"attributes": {"access": "internal", "isInternal": true, "line": 84, "isStatic": true, "name": "getArrayForEach"}, "type": "method", "children": [{"attributes": {"text": "<p>Checks if &#8216;forEach&#8217; is supported on the Array object.</p>"}, "type": "desc"}, {"attributes": {}, "type": "return", "children": [{"attributes": {"text": "<code>true</code>, if the method is available."}, "type": "desc"}, {"attributes": {}, "type": "types", "children": [{"attributes": {"type": "Boolean"}, "type": "entry"}]}]}]}, {"attributes": {"access": "internal", "isInternal": true, "line": 64, "isStatic": true, "name": "getArrayIndexOf"}, "type": "method", "children": [{"attributes": {"text": "<p>Checks if &#8216;indexOf&#8217; is supported on the Array object.</p>"}, "type": "desc"}, {"attributes": {}, "type": "return", "children": [{"attributes": {"text": "<code>true</code>, if the method is available."}, "type": "desc"}, {"attributes": {}, "type": "types", "children": [{"attributes": {"type": "Boolean"}, "type": "entry"}]}]}]}, {"attributes": {"access": "internal", "isInternal": true, "line": 74, "isStatic": true, "name": "getArrayLastIndexOf"}, "type": "method", "children": [{"attributes": {"text": "<p>Checks if &#8216;lastIndexOf&#8217; is supported on the Array object.</p>"}, "type": "desc"}, {"attributes": {}, "type": "return", "children": [{"attributes": {"text": "<code>true</code>, if the method is available."}, "type": "desc"}, {"attributes": {}, "type": "types", "children": [{"attributes": {"type": "Boolean"}, "type": "entry"}]}]}]}, {"attributes": {"access": "internal", "isInternal": true, "line": 104, "isStatic": true, "name": "getArrayMap"}, "type": "method", "children": [{"attributes": {"text": "<p>Checks if &#8216;map&#8217; is supported on the Array object.</p>"}, "type": "desc"}, {"attributes": {}, "type": "return", "children": [{"attributes": {"text": "<code>true</code>, if the method is available."}, "type": "desc"}, {"attributes": {}, "type": "types", "children": [{"attributes": {"type": "Boolean"}, "type": "entry"}]}]}]}, {"attributes": {"access": "internal", "isInternal": true, "line": 134, "isStatic": true, "name": "getArrayReduce"}, "type": "method", "children": [{"attributes": {"text": "<p>Checks if &#8216;reduce&#8217; is supported on the Array object.</p>"}, "type": "desc"}, {"attributes": {}, "type": "return", "children": [{"attributes": {"text": "<code>true</code>, if the method is available."}, "type": "desc"}, {"attributes": {}, "type": "types", "children": [{"attributes": {"type": "Boolean"}, "type": "entry"}]}]}]}, {"attributes": {"access": "internal", "isInternal": true, "line": 144, "isStatic": true, "name": "getArrayReduceRight"}, "type": "method", "children": [{"attributes": {"text": "<p>Checks if &#8216;reduceRight&#8217; is supported on the Array object.</p>"}, "type": "desc"}, {"attributes": {}, "type": "return", "children": [{"attributes": {"text": "<code>true</code>, if the method is available."}, "type": "desc"}, {"attributes": {}, "type": "types", "children": [{"attributes": {"type": "Boolean"}, "type": "entry"}]}]}]}, {"attributes": {"access": "internal", "isInternal": true, "line": 114, "isStatic": true, "name": "getArraySome"}, "type": "method", "children": [{"attributes": {"text": "<p>Checks if &#8216;some&#8217; is supported on the Array object.</p>"}, "type": "desc"}, {"attributes": {}, "type": "return", "children": [{"attributes": {"text": "<code>true</code>, if the method is available."}, "type": "desc"}, {"attributes": {}, "type": "types", "children": [{"attributes": {"type": "Boolean"}, "type": "entry"}]}]}]}, {"attributes": {"access": "internal", "isInternal": true, "line": 186, "isStatic": true, "name": "getDateNow"}, "type": "method", "children": [{"attributes": {"text": "<p>Checks if &#8216;now&#8217; is supported on the Date object.</p>"}, "type": "desc"}, {"attributes": {}, "type": "return", "children": [{"attributes": {"text": "<code>true</code>, if the method is available."}, "type": "desc"}, {"attributes": {}, "type": "types", "children": [{"attributes": {"type": "Boolean"}, "type": "entry"}]}]}]}, {"attributes": {"access": "internal", "isInternal": true, "line": 155, "isStatic": true, "name": "getErrorToString"}, "type": "method", "children": [{"attributes": {"text": "<p>Checks if &#8216;toString&#8217; is supported on the Error object and\nits working as expected.</p>"}, "type": "desc"}, {"attributes": {}, "type": "return", "children": [{"attributes": {"text": "<code>true</code>, if the method is available."}, "type": "desc"}, {"attributes": {}, "type": "types", "children": [{"attributes": {"type": "Boolean"}, "type": "entry"}]}]}]}, {"attributes": {"access": "internal", "isInternal": true, "line": 166, "isStatic": true, "name": "getFunctionBind"}, "type": "method", "children": [{"attributes": {"text": "<p>Checks if &#8216;bind&#8217; is supported on the Function object.</p>"}, "type": "desc"}, {"attributes": {}, "type": "return", "children": [{"attributes": {"text": "<code>true</code>, if the method is available."}, "type": "desc"}, {"attributes": {}, "type": "types", "children": [{"attributes": {"type": "Boolean"}, "type": "entry"}]}]}]}, {"attributes": {"access": "internal", "isInternal": true, "line": 176, "isStatic": true, "name": "getObjectKeys"}, "type": "method", "children": [{"attributes": {"text": "<p>Checks if &#8216;keys&#8217; is supported on the Object object.</p>"}, "type": "desc"}, {"attributes": {}, "type": "return", "children": [{"attributes": {"text": "<code>true</code>, if the method is available."}, "type": "desc"}, {"attributes": {}, "type": "types", "children": [{"attributes": {"type": "Boolean"}, "type": "entry"}]}]}]}, {"attributes": {"access": "internal", "isInternal": true, "line": 40, "isStatic": true, "name": "getStackTrace"}, "type": "method", "children": [{"attributes": {"text": "<p>Returns the name of the Error object property that holds stack trace\ninformation or null if the client does not provide any.</p>"}, "type": "desc"}, {"attributes": {}, "type": "return", "children": [{"attributes": {"text": "<code>stack</code>, <code>stacktrace</code> or <code>null</code>"}, "type": "desc"}, {"attributes": {}, "type": "types", "children": [{"attributes": {"type": "String"}, "type": "entry"}, {"attributes": {"type": "null"}, "type": "entry"}]}]}]}, {"attributes": {"access": "internal", "isInternal": true, "line": 195, "isStatic": true, "name": "getStringTrim"}, "type": "method", "children": [{"attributes": {"text": "<p>Checks if &#8216;trim&#8217; is supported on the String object.</p>"}, "type": "desc"}, {"attributes": {}, "type": "return", "children": [{"attributes": {"text": "<code>true</code>, if the method is available."}, "type": "desc"}, {"attributes": {}, "type": "types", "children": [{"attributes": {"type": "Boolean"}, "type": "entry"}]}]}]}]}]}