{"attributes": {"packageName": "qx.bom.storage", "type": "bootstrap", "fullName": "qx.bom.storage.Memory", "name": "Memory"}, "type": "class", "children": [{"attributes": {"text": "<p>Fallback storage implementation which offers the same <span class=\"caps\">API</span> as every other storage\nbut is not persistent. Basically, its just a storage <span class=\"caps\">API</span> on a JavaScript map.</p>"}, "type": "desc"}, {"attributes": {}, "type": "constants", "children": [{"attributes": {"access": "private", "type": "Null", "name": "__local", "value": "null"}, "type": "constant"}, {"attributes": {"access": "private", "type": "Null", "name": "__session", "value": "null"}, "type": "constant"}]}, {"attributes": {}, "type": "methods-static", "children": [{"attributes": {"line": 42, "isStatic": true, "name": "getLocal"}, "type": "method", "children": [{"attributes": {"text": "<p>Returns an instance of {@link qx.bom.storage.Memory} which is of course\nnot persisted on reload.</p>"}, "type": "desc"}, {"attributes": {}, "type": "return", "children": [{"attributes": {"text": "<p>A memory storage.</p>"}, "type": "desc"}, {"attributes": {}, "type": "types", "children": [{"attributes": {"type": "qx.bom.storage.Memory"}, "type": "entry"}]}]}]}, {"attributes": {"line": 55, "isStatic": true, "name": "getSession"}, "type": "method", "children": [{"attributes": {"text": "<p>Returns an instance of {@link qx.bom.storage.Memory} which is of course\nnot persisted on reload.</p>"}, "type": "desc"}, {"attributes": {}, "type": "return", "children": [{"attributes": {"text": "<p>A memory storage.</p>"}, "type": "desc"}, {"attributes": {}, "type": "types", "children": [{"attributes": {"type": "qx.bom.storage.Memory"}, "type": "entry"}]}]}]}]}, {"attributes": {}, "type": "constructor", "children": [{"attributes": {"line": 64, "isCtor": true, "name": "ctor"}, "type": "method"}]}, {"attributes": {}, "type": "methods", "children": [{"attributes": {"line": 132, "name": "clear"}, "type": "method", "children": [{"attributes": {"text": "<p>Deletes every stored item in the storage.</p>"}, "type": "desc"}]}, {"attributes": {"line": 156, "name": "forEach"}, "type": "method", "children": [{"attributes": {}, "type": "params", "children": [{"attributes": {"name": "callback"}, "type": "param", "children": [{"attributes": {"text": "<p>A function which will be called for every item. The function will have two arguments, first the key and second the value of the stored data.</p>"}, "type": "desc"}, {"attributes": {}, "type": "types", "children": [{"attributes": {"type": "Function"}, "type": "entry"}]}]}, {"attributes": {"name": "scope"}, "type": "param", "children": [{"attributes": {"text": "<p>The scope of the function.</p>"}, "type": "desc"}, {"attributes": {}, "type": "types", "children": [{"attributes": {"type": "var"}, "type": "entry"}]}]}]}, {"attributes": {"text": "<p>Helper to access every stored item.</p>"}, "type": "desc"}]}, {"attributes": {"line": 110, "name": "getItem"}, "type": "method", "children": [{"attributes": {}, "type": "params", "children": [{"attributes": {"name": "key"}, "type": "param", "children": [{"attributes": {"text": "<p>The identifier to get the data.</p>"}, "type": "desc"}, {"attributes": {}, "type": "types", "children": [{"attributes": {"type": "String"}, "type": "entry"}]}]}]}, {"attributes": {"text": "<p>Returns the stored item.</p>"}, "type": "desc"}, {"attributes": {}, "type": "return", "children": [{"attributes": {"text": "<p>The stored data.</p>"}, "type": "desc"}, {"attributes": {}, "type": "types", "children": [{"attributes": {"type": "var"}, "type": "entry"}]}]}]}, {"attributes": {"line": 142, "name": "getKey"}, "type": "method", "children": [{"attributes": {}, "type": "params", "children": [{"attributes": {"name": "index"}, "type": "param", "children": [{"attributes": {"text": "<p>The index in the storage.</p>"}, "type": "desc"}, {"attributes": {}, "type": "types", "children": [{"attributes": {"type": "Integer"}, "type": "entry"}]}]}]}, {"attributes": {"text": "<p>Returns the named key at the given index.</p>"}, "type": "desc"}, {"attributes": {}, "type": "return", "children": [{"attributes": {"text": "<p>The key stored at the given index.</p>"}, "type": "desc"}, {"attributes": {}, "type": "types", "children": [{"attributes": {"type": "String"}, "type": "entry"}]}]}]}, {"attributes": {"line": 87, "name": "getLength"}, "type": "method", "children": [{"attributes": {"text": "<p>Returns the amount of key-value pairs stored.</p>"}, "type": "desc"}, {"attributes": {}, "type": "return", "children": [{"attributes": {"text": "<p>The length of the storage.</p>"}, "type": "desc"}, {"attributes": {}, "type": "types", "children": [{"attributes": {"type": "Integer"}, "type": "entry"}]}]}]}, {"attributes": {"access": "internal", "isInternal": true, "line": 78, "name": "getStorage"}, "type": "method", "children": [{"attributes": {"text": "<p>Returns the internal used map.</p>"}, "type": "desc"}, {"attributes": {}, "type": "return", "children": [{"attributes": {"text": "<p>The storage.</p>"}, "type": "desc"}, {"attributes": {}, "type": "types", "children": [{"attributes": {"type": "Map"}, "type": "entry"}]}]}]}, {"attributes": {"line": 124, "name": "removeItem"}, "type": "method", "children": [{"attributes": {}, "type": "params", "children": [{"attributes": {"name": "key"}, "type": "param", "children": [{"attributes": {"text": "<p>The identifier.</p>"}, "type": "desc"}, {"attributes": {}, "type": "types", "children": [{"attributes": {"type": "String"}, "type": "entry"}]}]}]}, {"attributes": {"text": "<p>Removes an item form the storage.</p>"}, "type": "desc"}]}, {"attributes": {"line": 98, "name": "setItem"}, "type": "method", "children": [{"attributes": {}, "type": "params", "children": [{"attributes": {"name": "key"}, "type": "param", "children": [{"attributes": {"text": "<p>The identifier key.</p>"}, "type": "desc"}, {"attributes": {}, "type": "types", "children": [{"attributes": {"type": "String"}, "type": "entry"}]}]}, {"attributes": {"name": "value"}, "type": "param", "children": [{"attributes": {"text": "<p>The data, which will be stored as <span class=\"caps\">JSON</span>.</p>"}, "type": "desc"}, {"attributes": {}, "type": "types", "children": [{"attributes": {"type": "var"}, "type": "entry"}]}]}]}, {"attributes": {"text": "<p>Store an item in the storage.</p>"}, "type": "desc"}]}]}]}