{"attributes": {"isStatic": true, "name": "CssTransition", "isInternal": true, "packageName": "qx.bom.client", "access": "internal", "fullName": "qx.bom.client.CssTransition", "type": "bootstrap"}, "type": "class", "children": [{"attributes": {"text": "<p><span class=\"caps\">CSS</span> Transition support checks.</p>\n\n<p>Spec: <a href=\"http://www.w3.org/TR/css3-transitions/\">http://www.w3.org/TR/css3-transitions/</a></p>"}, "type": "desc"}, {"attributes": {}, "type": "methods-static", "children": [{"attributes": {"access": "internal", "isInternal": true, "line": 54, "isStatic": true, "name": "getSupport"}, "type": "method", "children": [{"attributes": {"text": "<p>Main check method which returns an object if <span class=\"caps\">CSS</span> transitions are\nsupported. The object contains the following keys:\n<ul>\n <li><code>name</code> The name of the <span class=\"caps\">CSS</span> transition property</li>\n <li><code>end-event</code> The name of the end event</li>\n</ul></p>"}, "type": "desc"}, {"attributes": {}, "type": "return", "children": [{"attributes": {"text": "<p>The described object or <code>null</code> if transitions are not supported.</p>"}, "type": "desc"}, {"attributes": {}, "type": "types", "children": [{"attributes": {"type": "Object"}, "type": "entry"}, {"attributes": {"type": "null"}, "type": "entry"}]}]}]}, {"attributes": {"access": "internal", "isInternal": true, "line": 36, "isStatic": true, "name": "getTransitionName"}, "type": "method", "children": [{"attributes": {"text": "<p>Returns the (possibly vendor-prefixed) name of the <span class=\"caps\">CSS</span> transition property</p>"}, "type": "desc"}, {"attributes": {}, "type": "return", "children": [{"attributes": {"text": "<p>transition property name or <code>null</code> if not supported</p>"}, "type": "desc"}, {"attributes": {}, "type": "types", "children": [{"attributes": {"type": "String"}, "type": "entry"}, {"attributes": {"type": "null"}, "type": "entry"}]}]}]}]}]}