{"attributes": {"fullName": "qx.bom.Input", "packageName": "qx.bom", "isStatic": true, "type": "bootstrap", "name": "Input"}, "type": "class", "children": [{"attributes": {"text": "<p>Cross browser abstractions to work with input elements.</p>"}, "type": "desc"}, {"attributes": {}, "type": "methods-static", "children": [{"attributes": {"line": 84, "isStatic": true, "name": "create"}, "type": "method", "children": [{"attributes": {}, "type": "params", "children": [{"attributes": {"name": "type"}, "type": "param", "children": [{"attributes": {"text": "<p>Any valid type for <span class=\"caps\">HTML</span>, <code>select</code> and <code>textarea</code></p>"}, "type": "desc"}, {"attributes": {}, "type": "types", "children": [{"attributes": {"type": "String"}, "type": "entry"}]}]}, {"attributes": {"name": "attributes"}, "type": "param", "children": [{"attributes": {"text": "<p>Map of attributes to apply</p>"}, "type": "desc"}, {"attributes": {}, "type": "types", "children": [{"attributes": {"type": "Map"}, "type": "entry"}]}]}, {"attributes": {"name": "win"}, "type": "param", "children": [{"attributes": {"text": "<p>Window to create the element for</p>"}, "type": "desc"}, {"attributes": {}, "type": "types", "children": [{"attributes": {"type": "Window"}, "type": "entry"}]}]}]}, {"attributes": {"text": "<p>Creates an <span class=\"caps\">DOM</span> input/textarea/select element.</p>\n\n<p>Attributes may be given directly with this call. This is critical\nfor some attributes e.g. name, type, ... in many clients.</p>\n\n<p>Note: <code>select</code> and <code>textarea</code> elements are created\nusing the identically named <code>type</code>.</p>"}, "type": "desc"}, {"attributes": {}, "type": "return", "children": [{"attributes": {"text": "<p>The created input node</p>"}, "type": "desc"}, {"attributes": {}, "type": "types", "children": [{"attributes": {"type": "Element"}, "type": "entry"}]}]}]}, {"attributes": {"line": 193, "isStatic": true, "name": "getValue"}, "type": "method", "children": [{"attributes": {}, "type": "params", "children": [{"attributes": {"name": "element"}, "type": "param", "children": [{"attributes": {"text": "<p><span class=\"caps\">DOM</span> element to query</p>"}, "type": "desc"}, {"attributes": {}, "type": "types", "children": [{"attributes": {"type": "Element"}, "type": "entry"}]}]}]}, {"attributes": {"text": "<p>Returns the currently configured value.</p>\n\n<p>Works with simple input fields as well as with\nselect boxes or option elements.</p>\n\n<p>Returns an array in cases of multi-selection in\nselect boxes but in all other cases a string.</p>"}, "type": "desc"}, {"attributes": {}, "type": "return", "children": [{"attributes": {"text": "<p>The value of the given element</p>"}, "type": "desc"}, {"attributes": {}, "type": "types", "children": [{"attributes": {"type": "String"}, "type": "entry"}, {"attributes": {"type": "Array"}, "type": "entry"}]}]}]}, {"attributes": {"line": 125, "isStatic": true, "name": "setValue"}, "type": "method", "children": [{"attributes": {}, "type": "params", "children": [{"attributes": {"name": "element"}, "type": "param", "children": [{"attributes": {"text": "<p>element to update</p>"}, "type": "desc"}, {"attributes": {}, "type": "types", "children": [{"attributes": {"type": "Element"}, "type": "entry"}]}]}, {"attributes": {"name": "value"}, "type": "param", "children": [{"attributes": {"text": "<p>the value to apply</p>"}, "type": "desc"}, {"attributes": {}, "type": "types", "children": [{"attributes": {"type": "String"}, "type": "entry"}, {"attributes": {"type": "Number"}, "type": "entry"}, {"attributes": {"type": "Array"}, "type": "entry"}]}]}]}, {"attributes": {"text": "<p>Applies the given value to the element.</p>\n\n<p>Normally the value is given as a string/number value and applied\nto the field content (textfield, textarea) or used to\ndetect whether the field is checked (checkbox, radiobutton).</p>\n\n<p>Supports array values for selectboxes (multiple-selection)\nand checkboxes or radiobuttons (for convenience).</p>\n\n<p>Please note: To modify the value attribute of a checkbox or\nradiobutton use {@link qx.bom.element.Attribute#set} instead.</p>"}, "type": "desc"}]}, {"attributes": {"line": 1, "isStatic": true, "name": "setWrap"}, "type": "method", "children": [{"attributes": {}, "type": "params", "children": [{"attributes": {"name": "element"}, "type": "param", "children": [{"attributes": {"text": "<p><span class=\"caps\">DOM</span> element to modify</p>"}, "type": "desc"}, {"attributes": {}, "type": "types", "children": [{"attributes": {"type": "Element"}, "type": "entry"}]}]}, {"attributes": {"name": "wrap"}, "type": "param", "children": [{"attributes": {"text": "<p>Whether to turn text wrap on or off.</p>"}, "type": "desc"}, {"attributes": {}, "type": "types", "children": [{"attributes": {"type": "Boolean"}, "type": "entry"}]}]}]}, {"attributes": {"text": "<p>Sets the text wrap behaviour of a text area element.\nThis property uses the attribute &#8220;wrap&#8221; respectively\nthe style property &#8220;whiteSpace&#8221;</p>"}, "type": "desc"}]}]}, {"attributes": {}, "type": "constants", "children": [{"attributes": {"access": "private", "name": "__types"}, "type": "constant", "children": [{"attributes": {"text": "<p>Internal data structures with all supported input types</p>"}, "type": "desc"}, {"attributes": {}, "type": "types", "children": [{"attributes": {"type": "Map"}, "type": "entry"}]}]}]}]}