{"attributes": {"fullName": "qx.core.MAssert", "packageName": "qx.core", "type": "mixin", "name": "MAssert", "includer": "qx.core.Object"}, "type": "class", "children": [{"attributes": {"text": "<p>This mixin includes all assertions from {@link qx.core.Assert} to conveniently\ncall assertions. It is included into {@link qx.core.Object} if debugging code\nis enabled. It is further included into all unit tests\n{@link qx.dev.unit.TestCase}.</p>"}, "type": "desc"}, {"attributes": {}, "type": "methods", "children": [{"attributes": {"line": 39, "isMixin": true, "name": "assert"}, "type": "method", "children": [{"attributes": {}, "type": "params", "children": [{"attributes": {"name": "condition"}, "type": "param", "children": [{"attributes": {"text": "<p>Condition to check for. Must evaluate to <code>true</code>.</p>"}, "type": "desc"}, {"attributes": {}, "type": "types", "children": [{"attributes": {"type": "var"}, "type": "entry"}]}]}, {"attributes": {"name": "msg"}, "type": "param", "children": [{"attributes": {"text": "<p>Message to be shown if the assertion fails.</p>"}, "type": "desc"}, {"attributes": {}, "type": "types", "children": [{"attributes": {"type": "String"}, "type": "entry"}]}]}]}, {"attributes": {"text": "<p>Assert that the condition evaluates to <code>true</code>.</p>"}, "type": "desc"}]}, {"attributes": {"line": 206, "isMixin": true, "name": "assertArgumentsCount"}, "type": "method", "children": [{"attributes": {}, "type": "params", "children": [{"attributes": {"name": "args"}, "type": "param", "children": [{"attributes": {"text": "<p>The <code>arguments<code> variable of a function</p>"}, "type": "desc"}, {"attributes": {}, "type": "types", "children": [{"attributes": {"type": "arguments"}, "type": "entry"}]}]}, {"attributes": {"name": "minCount"}, "type": "param", "children": [{"attributes": {"text": "<p>Minimal number of arguments</p>"}, "type": "desc"}, {"attributes": {}, "type": "types", "children": [{"attributes": {"type": "Integer"}, "type": "entry"}]}]}, {"attributes": {"name": "maxCount"}, "type": "param", "children": [{"attributes": {"text": "<p>Maximum number of arguments</p>"}, "type": "desc"}, {"attributes": {}, "type": "types", "children": [{"attributes": {"type": "Integer"}, "type": "entry"}]}]}, {"attributes": {"name": "msg"}, "type": "param", "children": [{"attributes": {"text": "<p>Message to be shown if the assertion fails.</p>"}, "type": "desc"}, {"attributes": {}, "type": "types", "children": [{"attributes": {"type": "String"}, "type": "entry"}]}]}]}, {"attributes": {"text": "<p>Assert that the number of arguments is within the given range</p>"}, "type": "desc"}]}, {"attributes": {"line": 400, "isMixin": true, "name": "assertArray"}, "type": "method", "children": [{"attributes": {}, "type": "params", "children": [{"attributes": {"name": "value"}, "type": "param", "children": [{"attributes": {"text": "<p>Value to check</p>"}, "type": "desc"}, {"attributes": {}, "type": "types", "children": [{"attributes": {"type": "var"}, "type": "entry"}]}]}, {"attributes": {"name": "msg"}, "type": "param", "children": [{"attributes": {"text": "<p>Message to be shown if the assertion fails.</p>"}, "type": "desc"}, {"attributes": {}, "type": "types", "children": [{"attributes": {"type": "String"}, "type": "entry"}]}]}]}, {"attributes": {"text": "<p>Assert that the value is an array.</p>"}, "type": "desc"}]}, {"attributes": {"line": 276, "isMixin": true, "name": "assertArrayEquals"}, "type": "method", "children": [{"attributes": {}, "type": "params", "children": [{"attributes": {"name": "expected"}, "type": "param", "children": [{"attributes": {"text": "<p>The expected array</p>"}, "type": "desc"}, {"attributes": {}, "type": "types", "children": [{"attributes": {"type": "Array"}, "type": "entry"}]}]}, {"attributes": {"name": "found"}, "type": "param", "children": [{"attributes": {"text": "<p>The found array</p>"}, "type": "desc"}, {"attributes": {}, "type": "types", "children": [{"attributes": {"type": "Array"}, "type": "entry"}]}]}, {"attributes": {"name": "msg"}, "type": "param", "children": [{"attributes": {"text": "<p>Message to be shown if the assertion fails.</p>"}, "type": "desc"}, {"attributes": {}, "type": "types", "children": [{"attributes": {"type": "String"}, "type": "entry"}]}]}]}, {"attributes": {"text": "<p>Assert that both array have identical array items.</p>"}, "type": "desc"}]}, {"attributes": {"line": 321, "isMixin": true, "name": "assertBoolean"}, "type": "method", "children": [{"attributes": {}, "type": "params", "children": [{"attributes": {"name": "value"}, "type": "param", "children": [{"attributes": {"text": "<p>Value to check</p>"}, "type": "desc"}, {"attributes": {}, "type": "types", "children": [{"attributes": {"type": "var"}, "type": "entry"}]}]}, {"attributes": {"name": "msg"}, "type": "param", "children": [{"attributes": {"text": "<p>Message to be shown if the assertion fails.</p>"}, "type": "desc"}, {"attributes": {}, "type": "types", "children": [{"attributes": {"type": "String"}, "type": "entry"}]}]}]}, {"attributes": {"text": "<p>Assert that the value is a boolean.</p>"}, "type": "desc"}]}, {"attributes": {"line": 476, "isMixin": true, "name": "assertCssColor"}, "type": "method", "children": [{"attributes": {}, "type": "params", "children": [{"attributes": {"name": "expected"}, "type": "param", "children": [{"attributes": {"text": "<p>The expected color</p>"}, "type": "desc"}, {"attributes": {}, "type": "types", "children": [{"attributes": {"type": "String"}, "type": "entry"}]}]}, {"attributes": {"name": "value"}, "type": "param", "children": [{"attributes": {"text": "<p>The value to check</p>"}, "type": "desc"}, {"attributes": {}, "type": "types", "children": [{"attributes": {"type": "String"}, "type": "entry"}]}]}, {"attributes": {"name": "msg"}, "type": "param", "children": [{"attributes": {"text": "<p>Message to be shown if the assertion fails.</p>"}, "type": "desc"}, {"attributes": {}, "type": "types", "children": [{"attributes": {"type": "String"}, "type": "entry"}]}]}]}, {"attributes": {"text": "<p>Assert that the value represents the given <span class=\"caps\">CSS</span> color value. This method\nparses the color strings and compares the <span class=\"caps\">RGB</span> values. It is able to\nparse values supported by {@link qx.util.ColorUtil#stringToRgb}.</p>"}, "type": "desc"}]}, {"attributes": {"line": 487, "isMixin": true, "name": "assertElement"}, "type": "method", "children": [{"attributes": {}, "type": "params", "children": [{"attributes": {"name": "value"}, "type": "param", "children": [{"attributes": {"text": "<p>Value to check</p>"}, "type": "desc"}, {"attributes": {}, "type": "types", "children": [{"attributes": {"type": "var"}, "type": "entry"}]}]}, {"attributes": {"name": "msg"}, "type": "param", "children": [{"attributes": {"text": "<p>Message to be shown if the assertion fails.</p>"}, "type": "desc"}, {"attributes": {}, "type": "types", "children": [{"attributes": {"type": "String"}, "type": "entry"}]}]}]}, {"attributes": {"text": "<p>Assert that the value is a <span class=\"caps\">DOM</span> element.</p>"}, "type": "desc"}]}, {"attributes": {"line": 87, "isMixin": true, "name": "assertEquals"}, "type": "method", "children": [{"attributes": {}, "type": "params", "children": [{"attributes": {"name": "expected"}, "type": "param", "children": [{"attributes": {"text": "<p>Reference value</p>"}, "type": "desc"}, {"attributes": {}, "type": "types", "children": [{"attributes": {"type": "var"}, "type": "entry"}]}]}, {"attributes": {"name": "found"}, "type": "param", "children": [{"attributes": {"text": "<p>found value</p>"}, "type": "desc"}, {"attributes": {}, "type": "types", "children": [{"attributes": {"type": "var"}, "type": "entry"}]}]}, {"attributes": {"name": "msg"}, "type": "param", "children": [{"attributes": {"text": "<p>Message to be shown if the assertion fails.</p>"}, "type": "desc"}, {"attributes": {}, "type": "types", "children": [{"attributes": {"type": "String"}, "type": "entry"}]}]}]}, {"attributes": {"text": "<p>Assert that both values are equal. (Uses the equality operator\n<code>==</code>.)</p>"}, "type": "desc"}]}, {"attributes": {"line": 222, "isMixin": true, "name": "assertEventFired"}, "type": "method", "children": [{"attributes": {}, "type": "params", "children": [{"attributes": {"name": "obj"}, "type": "param", "children": [{"attributes": {"text": "<p>The object on which the event should be fired.</p>"}, "type": "desc"}, {"attributes": {}, "type": "types", "children": [{"attributes": {"type": "Object"}, "type": "entry"}]}]}, {"attributes": {"name": "event"}, "type": "param", "children": [{"attributes": {"text": "<p>The event which should be fired.</p>"}, "type": "desc"}, {"attributes": {}, "type": "types", "children": [{"attributes": {"type": "String"}, "type": "entry"}]}]}, {"attributes": {"name": "invokeFunc"}, "type": "param", "children": [{"attributes": {"text": "<p>The function which will be invoked and which fires the event.</p>"}, "type": "desc"}, {"attributes": {}, "type": "types", "children": [{"attributes": {"type": "Function"}, "type": "entry"}]}]}, {"attributes": {"defaultValue": "null", "optional": true, "name": "listener"}, "type": "param", "children": [{"attributes": {"text": "<p>The function which will be invoked in the listener. The function has one parameter called e which is the event.</p>"}, "type": "desc"}, {"attributes": {}, "type": "types", "children": [{"attributes": {"type": "Function"}, "type": "entry"}]}]}, {"attributes": {"defaultValue": "\"\"", "optional": true, "name": "msg"}, "type": "param", "children": [{"attributes": {"text": "<p>Message to be shows if the assertion fails.</p>"}, "type": "desc"}, {"attributes": {}, "type": "types", "children": [{"attributes": {"type": "String"}, "type": "entry"}]}]}]}, {"attributes": {"text": "<p>Assert that an event is fired.</p>"}, "type": "desc"}]}, {"attributes": {"line": 236, "isMixin": true, "name": "assertEventNotFired"}, "type": "method", "children": [{"attributes": {}, "type": "params", "children": [{"attributes": {"name": "obj"}, "type": "param", "children": [{"attributes": {"text": "<p>The object on which the event should be fired.</p>"}, "type": "desc"}, {"attributes": {}, "type": "types", "children": [{"attributes": {"type": "Object"}, "type": "entry"}]}]}, {"attributes": {"name": "event"}, "type": "param", "children": [{"attributes": {"text": "<p>The event which should be fired.</p>"}, "type": "desc"}, {"attributes": {}, "type": "types", "children": [{"attributes": {"type": "String"}, "type": "entry"}]}]}, {"attributes": {"name": "invokeFunc"}, "type": "param", "children": [{"attributes": {"text": "<p>The function which will be invoked and which should not fire the event.</p>"}, "type": "desc"}, {"attributes": {}, "type": "types", "children": [{"attributes": {"type": "Function"}, "type": "entry"}]}]}, {"attributes": {"name": "msg"}, "type": "param", "children": [{"attributes": {"text": "<p>Message to be shows if the assertion fails.</p>"}, "type": "desc"}, {"attributes": {}, "type": "types", "children": [{"attributes": {"type": "String"}, "type": "entry"}]}]}]}, {"attributes": {"text": "<p>Assert that an event is not fired.</p>"}, "type": "desc"}]}, {"attributes": {"line": 252, "isMixin": true, "name": "assertException"}, "type": "method", "children": [{"attributes": {}, "type": "params", "children": [{"attributes": {"name": "callback"}, "type": "param", "children": [{"attributes": {"text": "<p>function to check</p>"}, "type": "desc"}, {"attributes": {}, "type": "types", "children": [{"attributes": {"type": "Function"}, "type": "entry"}]}]}, {"attributes": {"defaultValue": "Error", "optional": true, "name": "exception"}, "type": "param", "children": [{"attributes": {"text": "<p>Expected constructor of the exception. The assertion fails if the raised exception is not an instance of the parameter.</p>"}, "type": "desc"}, {"attributes": {}, "type": "types", "children": [{"attributes": {"type": "Error"}, "type": "entry"}]}]}, {"attributes": {"name": "re"}, "type": "param", "children": [{"attributes": {"text": "<p>The assertion fails if the error message does not match this parameter</p>"}, "type": "desc"}, {"attributes": {}, "type": "types", "children": [{"attributes": {"type": "String"}, "type": "entry"}, {"attributes": {"type": "RegExp"}, "type": "entry"}]}]}, {"attributes": {"name": "msg"}, "type": "param", "children": [{"attributes": {"text": "<p>Message to be shown if the assertion fails.</p>"}, "type": "desc"}, {"attributes": {}, "type": "types", "children": [{"attributes": {"type": "String"}, "type": "entry"}]}]}]}, {"attributes": {"text": "<p>Asserts that the callback raises a matching exception.</p>"}, "type": "desc"}]}, {"attributes": {"line": 74, "isMixin": true, "name": "assertFalse"}, "type": "method", "children": [{"attributes": {}, "type": "params", "children": [{"attributes": {"name": "value"}, "type": "param", "children": [{"attributes": {"text": "<p>Condition to check for. Must be identical to <code>false</code>.</p>"}, "type": "desc"}, {"attributes": {}, "type": "types", "children": [{"attributes": {"type": "Boolean"}, "type": "entry"}]}]}, {"attributes": {"name": "msg"}, "type": "param", "children": [{"attributes": {"text": "<p>Message to be shown if the assertion fails.</p>"}, "type": "desc"}, {"attributes": {}, "type": "types", "children": [{"attributes": {"type": "String"}, "type": "entry"}]}]}]}, {"attributes": {"text": "<p>Assert that the value is <code>false</code> (Identity check).</p>"}, "type": "desc"}]}, {"attributes": {"line": 299, "isMixin": true, "name": "assertFunction"}, "type": "method", "children": [{"attributes": {}, "type": "params", "children": [{"attributes": {"name": "value"}, "type": "param", "children": [{"attributes": {"text": "<p>Value to check</p>"}, "type": "desc"}, {"attributes": {}, "type": "types", "children": [{"attributes": {"type": "var"}, "type": "entry"}]}]}, {"attributes": {"name": "msg"}, "type": "param", "children": [{"attributes": {"text": "<p>Message to be shown if the assertion fails.</p>"}, "type": "desc"}, {"attributes": {}, "type": "types", "children": [{"attributes": {"type": "String"}, "type": "entry"}]}]}]}, {"attributes": {"text": "<p>Assert that the value is a function.</p>"}, "type": "desc"}]}, {"attributes": {"line": 111, "isMixin": true, "name": "assertIdentical"}, "type": "method", "children": [{"attributes": {}, "type": "params", "children": [{"attributes": {"name": "expected"}, "type": "param", "children": [{"attributes": {"text": "<p>Reference value</p>"}, "type": "desc"}, {"attributes": {}, "type": "types", "children": [{"attributes": {"type": "var"}, "type": "entry"}]}]}, {"attributes": {"name": "found"}, "type": "param", "children": [{"attributes": {"text": "<p>found value</p>"}, "type": "desc"}, {"attributes": {}, "type": "types", "children": [{"attributes": {"type": "var"}, "type": "entry"}]}]}, {"attributes": {"name": "msg"}, "type": "param", "children": [{"attributes": {"text": "<p>Message to be shown if the assertion fails.</p>"}, "type": "desc"}, {"attributes": {}, "type": "types", "children": [{"attributes": {"type": "String"}, "type": "entry"}]}]}]}, {"attributes": {"text": "<p>Assert that both values are identical. (Uses the identity operator\n<code>===</code>.)</p>"}, "type": "desc"}]}, {"attributes": {"line": 264, "isMixin": true, "name": "assertInArray"}, "type": "method", "children": [{"attributes": {}, "type": "params", "children": [{"attributes": {"name": "value"}, "type": "param", "children": [{"attributes": {"text": "<p>Value to check</p>"}, "type": "desc"}, {"attributes": {}, "type": "types", "children": [{"attributes": {"type": "var"}, "type": "entry"}]}]}, {"attributes": {"name": "array"}, "type": "param", "children": [{"attributes": {"text": "<p>List of valid values</p>"}, "type": "desc"}, {"attributes": {}, "type": "types", "children": [{"attributes": {"type": "Array"}, "type": "entry"}]}]}, {"attributes": {"name": "msg"}, "type": "param", "children": [{"attributes": {"text": "<p>Message to be shown if the assertion fails.</p>"}, "type": "desc"}, {"attributes": {}, "type": "types", "children": [{"attributes": {"type": "String"}, "type": "entry"}]}]}]}, {"attributes": {"text": "<p>Assert that the value is an item in the given array.</p>"}, "type": "desc"}]}, {"attributes": {"line": 378, "isMixin": true, "name": "assertInRange"}, "type": "method", "children": [{"attributes": {}, "type": "params", "children": [{"attributes": {"name": "value"}, "type": "param", "children": [{"attributes": {"text": "<p>Value to check</p>"}, "type": "desc"}, {"attributes": {}, "type": "types", "children": [{"attributes": {"type": "var"}, "type": "entry"}]}]}, {"attributes": {"name": "min"}, "type": "param", "children": [{"attributes": {"text": "<p>lower bound</p>"}, "type": "desc"}, {"attributes": {}, "type": "types", "children": [{"attributes": {"type": "Number"}, "type": "entry"}]}]}, {"attributes": {"name": "max"}, "type": "param", "children": [{"attributes": {"text": "<p>upper bound</p>"}, "type": "desc"}, {"attributes": {}, "type": "types", "children": [{"attributes": {"type": "Number"}, "type": "entry"}]}]}, {"attributes": {"name": "msg"}, "type": "param", "children": [{"attributes": {"text": "<p>Message to be shown if the assertion fails.</p>"}, "type": "desc"}, {"attributes": {}, "type": "types", "children": [{"attributes": {"type": "String"}, "type": "entry"}]}]}]}, {"attributes": {"text": "<p>Assert that the value is inside the given range.</p>"}, "type": "desc"}]}, {"attributes": {"line": 450, "isMixin": true, "name": "assertInstance"}, "type": "method", "children": [{"attributes": {}, "type": "params", "children": [{"attributes": {"name": "value"}, "type": "param", "children": [{"attributes": {"text": "<p>Value to check</p>"}, "type": "desc"}, {"attributes": {}, "type": "types", "children": [{"attributes": {"type": "var"}, "type": "entry"}]}]}, {"attributes": {"name": "clazz"}, "type": "param", "children": [{"attributes": {"text": "<p>The value must be an instance of this class</p>"}, "type": "desc"}, {"attributes": {}, "type": "types", "children": [{"attributes": {"type": "Class"}, "type": "entry"}]}]}, {"attributes": {"name": "msg"}, "type": "param", "children": [{"attributes": {"text": "<p>Message to be shown if the assertion fails.</p>"}, "type": "desc"}, {"attributes": {}, "type": "types", "children": [{"attributes": {"type": "String"}, "type": "entry"}]}]}]}, {"attributes": {"text": "<p>Assert that the value is an instance of the given class.</p>"}, "type": "desc"}]}, {"attributes": {"line": 354, "isMixin": true, "name": "assertInteger"}, "type": "method", "children": [{"attributes": {}, "type": "params", "children": [{"attributes": {"name": "value"}, "type": "param", "children": [{"attributes": {"text": "<p>Value to check</p>"}, "type": "desc"}, {"attributes": {}, "type": "types", "children": [{"attributes": {"type": "var"}, "type": "entry"}]}]}, {"attributes": {"name": "msg"}, "type": "param", "children": [{"attributes": {"text": "<p>Message to be shown if the assertion fails.</p>"}, "type": "desc"}, {"attributes": {}, "type": "types", "children": [{"attributes": {"type": "String"}, "type": "entry"}]}]}]}, {"attributes": {"text": "<p>Assert that the value is an integer.</p>"}, "type": "desc"}]}, {"attributes": {"line": 462, "isMixin": true, "name": "assertInterface"}, "type": "method", "children": [{"attributes": {}, "type": "params", "children": [{"attributes": {"name": "value"}, "type": "param", "children": [{"attributes": {"text": "<p>Value to check</p>"}, "type": "desc"}, {"attributes": {}, "type": "types", "children": [{"attributes": {"type": "var"}, "type": "entry"}]}]}, {"attributes": {"name": "iface"}, "type": "param", "children": [{"attributes": {"text": "<p>The value must implement this interface</p>"}, "type": "desc"}, {"attributes": {}, "type": "types", "children": [{"attributes": {"type": "Class"}, "type": "entry"}]}]}, {"attributes": {"name": "msg"}, "type": "param", "children": [{"attributes": {"text": "<p>Message to be shown if the assertion fails.</p>"}, "type": "desc"}, {"attributes": {}, "type": "types", "children": [{"attributes": {"type": "String"}, "type": "entry"}]}]}]}, {"attributes": {"text": "<p>Assert that the value implements the given interface.</p>"}, "type": "desc"}]}, {"attributes": {"line": 181, "isMixin": true, "name": "assertJsonEquals"}, "type": "method", "children": [{"attributes": {}, "type": "params", "children": [{"attributes": {"name": "expected"}, "type": "param", "children": [{"attributes": {"text": "<p>The expected value</p>"}, "type": "desc"}, {"attributes": {}, "type": "types", "children": [{"attributes": {"type": "var"}, "type": "entry"}]}]}, {"attributes": {"name": "found"}, "type": "param", "children": [{"attributes": {"text": "<p>The found value</p>"}, "type": "desc"}, {"attributes": {}, "type": "types", "children": [{"attributes": {"type": "var"}, "type": "entry"}]}]}, {"attributes": {"name": "msg"}, "type": "param", "children": [{"attributes": {"text": "<p>Message to be shown if the assertion fails.</p>"}, "type": "desc"}, {"attributes": {}, "type": "types", "children": [{"attributes": {"type": "String"}, "type": "entry"}]}]}]}, {"attributes": {"text": "<p>Assert that the first two arguments are equal, when serialized into\n<span class=\"caps\">JSON</span>.</p>"}, "type": "desc"}]}, {"attributes": {"line": 288, "isMixin": true, "name": "assertKeyInMap"}, "type": "method", "children": [{"attributes": {}, "type": "params", "children": [{"attributes": {"name": "value"}, "type": "param", "children": [{"attributes": {"text": "<p>Value to check</p>"}, "type": "desc"}, {"attributes": {}, "type": "types", "children": [{"attributes": {"type": "var"}, "type": "entry"}]}]}, {"attributes": {"name": "map"}, "type": "param", "children": [{"attributes": {"text": "<p>Map, where the keys represent the valid values</p>"}, "type": "desc"}, {"attributes": {}, "type": "types", "children": [{"attributes": {"type": "Map"}, "type": "entry"}]}]}, {"attributes": {"name": "msg"}, "type": "param", "children": [{"attributes": {"text": "<p>Message to be shown if the assertion fails.</p>"}, "type": "desc"}, {"attributes": {}, "type": "types", "children": [{"attributes": {"type": "String"}, "type": "entry"}]}]}]}, {"attributes": {"text": "<p>Assert that the value is a key in the given map.</p>"}, "type": "desc"}]}, {"attributes": {"line": 412, "isMixin": true, "name": "assertMap"}, "type": "method", "children": [{"attributes": {}, "type": "params", "children": [{"attributes": {"name": "value"}, "type": "param", "children": [{"attributes": {"text": "<p>Value to check</p>"}, "type": "desc"}, {"attributes": {}, "type": "types", "children": [{"attributes": {"type": "var"}, "type": "entry"}]}]}, {"attributes": {"name": "msg"}, "type": "param", "children": [{"attributes": {"text": "<p>Message to be shown if the assertion fails.</p>"}, "type": "desc"}, {"attributes": {}, "type": "types", "children": [{"attributes": {"type": "String"}, "type": "entry"}]}]}]}, {"attributes": {"text": "<p>Assert that the value is a map either created using <code>new Object</code>\nor by using the object literal notation <code>{ ... }</code>.</p>"}, "type": "desc"}]}, {"attributes": {"line": 193, "isMixin": true, "name": "assertMatch"}, "type": "method", "children": [{"attributes": {}, "type": "params", "children": [{"attributes": {"name": "str"}, "type": "param", "children": [{"attributes": {"text": "<p>String, which should match the regular expression</p>"}, "type": "desc"}, {"attributes": {}, "type": "types", "children": [{"attributes": {"type": "String"}, "type": "entry"}]}]}, {"attributes": {"name": "re"}, "type": "param", "children": [{"attributes": {"text": "<p>Regular expression to match</p>"}, "type": "desc"}, {"attributes": {}, "type": "types", "children": [{"attributes": {"type": "RegExp"}, "type": "entry"}]}]}, {"attributes": {"name": "msg"}, "type": "param", "children": [{"attributes": {"text": "<p>Message to be shown if the assertion fails.</p>"}, "type": "desc"}, {"attributes": {}, "type": "types", "children": [{"attributes": {"type": "String"}, "type": "entry"}]}]}]}, {"attributes": {"text": "<p>Assert that the given string matches the regular expression</p>"}, "type": "desc"}]}, {"attributes": {"line": 99, "isMixin": true, "name": "assertNotEquals"}, "type": "method", "children": [{"attributes": {}, "type": "params", "children": [{"attributes": {"name": "expected"}, "type": "param", "children": [{"attributes": {"text": "<p>Reference value</p>"}, "type": "desc"}, {"attributes": {}, "type": "types", "children": [{"attributes": {"type": "var"}, "type": "entry"}]}]}, {"attributes": {"name": "found"}, "type": "param", "children": [{"attributes": {"text": "<p>found value</p>"}, "type": "desc"}, {"attributes": {}, "type": "types", "children": [{"attributes": {"type": "var"}, "type": "entry"}]}]}, {"attributes": {"name": "msg"}, "type": "param", "children": [{"attributes": {"text": "<p>Message to be shown if the assertion fails.</p>"}, "type": "desc"}, {"attributes": {}, "type": "types", "children": [{"attributes": {"type": "String"}, "type": "entry"}]}]}]}, {"attributes": {"text": "<p>Assert that both values are not equal. (Uses the not equality operator\n<code>!=</code>.)</p>"}, "type": "desc"}]}, {"attributes": {"line": 124, "isMixin": true, "name": "assertNotIdentical"}, "type": "method", "children": [{"attributes": {}, "type": "params", "children": [{"attributes": {"name": "expected"}, "type": "param", "children": [{"attributes": {"text": "<p>Reference value</p>"}, "type": "desc"}, {"attributes": {}, "type": "types", "children": [{"attributes": {"type": "var"}, "type": "entry"}]}]}, {"attributes": {"name": "found"}, "type": "param", "children": [{"attributes": {"text": "<p>found value</p>"}, "type": "desc"}, {"attributes": {}, "type": "types", "children": [{"attributes": {"type": "var"}, "type": "entry"}]}]}, {"attributes": {"name": "msg"}, "type": "param", "children": [{"attributes": {"text": "<p>Message to be shown if the assertion fails.</p>"}, "type": "desc"}, {"attributes": {}, "type": "types", "children": [{"attributes": {"type": "String"}, "type": "entry"}]}]}]}, {"attributes": {"text": "<p>Assert that both values are not identical. (Uses the not identity operator\n<code>!==</code>.)</p>"}, "type": "desc"}]}, {"attributes": {"line": 157, "isMixin": true, "name": "assertNotNull"}, "type": "method", "children": [{"attributes": {}, "type": "params", "children": [{"attributes": {"name": "value"}, "type": "param", "children": [{"attributes": {"text": "<p>Value to check</p>"}, "type": "desc"}, {"attributes": {}, "type": "types", "children": [{"attributes": {"type": "var"}, "type": "entry"}]}]}, {"attributes": {"name": "msg"}, "type": "param", "children": [{"attributes": {"text": "<p>Message to be shown if the assertion fails.</p>"}, "type": "desc"}, {"attributes": {}, "type": "types", "children": [{"attributes": {"type": "String"}, "type": "entry"}]}]}]}, {"attributes": {"text": "<p>Assert that the value is not <code>null</code>.</p>"}, "type": "desc"}]}, {"attributes": {"line": 135, "isMixin": true, "name": "assertNotUndefined"}, "type": "method", "children": [{"attributes": {}, "type": "params", "children": [{"attributes": {"name": "value"}, "type": "param", "children": [{"attributes": {"text": "<p>Value to check</p>"}, "type": "desc"}, {"attributes": {}, "type": "types", "children": [{"attributes": {"type": "var"}, "type": "entry"}]}]}, {"attributes": {"name": "msg"}, "type": "param", "children": [{"attributes": {"text": "<p>Message to be shown if the assertion fails.</p>"}, "type": "desc"}, {"attributes": {}, "type": "types", "children": [{"attributes": {"type": "String"}, "type": "entry"}]}]}]}, {"attributes": {"text": "<p>Assert that the value is not <code>undefined</code>.</p>"}, "type": "desc"}]}, {"attributes": {"line": 168, "isMixin": true, "name": "assertNull"}, "type": "method", "children": [{"attributes": {}, "type": "params", "children": [{"attributes": {"name": "value"}, "type": "param", "children": [{"attributes": {"text": "<p>Value to check</p>"}, "type": "desc"}, {"attributes": {}, "type": "types", "children": [{"attributes": {"type": "var"}, "type": "entry"}]}]}, {"attributes": {"name": "msg"}, "type": "param", "children": [{"attributes": {"text": "<p>Message to be shown if the assertion fails.</p>"}, "type": "desc"}, {"attributes": {}, "type": "types", "children": [{"attributes": {"type": "String"}, "type": "entry"}]}]}]}, {"attributes": {"text": "<p>Assert that the value is <code>null</code>.</p>"}, "type": "desc"}]}, {"attributes": {"line": 332, "isMixin": true, "name": "assertNumber"}, "type": "method", "children": [{"attributes": {}, "type": "params", "children": [{"attributes": {"name": "value"}, "type": "param", "children": [{"attributes": {"text": "<p>Value to check</p>"}, "type": "desc"}, {"attributes": {}, "type": "types", "children": [{"attributes": {"type": "var"}, "type": "entry"}]}]}, {"attributes": {"name": "msg"}, "type": "param", "children": [{"attributes": {"text": "<p>Message to be shown if the assertion fails.</p>"}, "type": "desc"}, {"attributes": {}, "type": "types", "children": [{"attributes": {"type": "String"}, "type": "entry"}]}]}]}, {"attributes": {"text": "<p>Assert that the value is a number.</p>"}, "type": "desc"}]}, {"attributes": {"line": 389, "isMixin": true, "name": "assertObject"}, "type": "method", "children": [{"attributes": {}, "type": "params", "children": [{"attributes": {"name": "value"}, "type": "param", "children": [{"attributes": {"text": "<p>Value to check</p>"}, "type": "desc"}, {"attributes": {}, "type": "types", "children": [{"attributes": {"type": "var"}, "type": "entry"}]}]}, {"attributes": {"name": "msg"}, "type": "param", "children": [{"attributes": {"text": "<p>Message to be shown if the assertion fails.</p>"}, "type": "desc"}, {"attributes": {}, "type": "types", "children": [{"attributes": {"type": "String"}, "type": "entry"}]}]}]}, {"attributes": {"text": "<p>Assert that the value is an object.</p>"}, "type": "desc"}]}, {"attributes": {"line": 365, "isMixin": true, "name": "assertPositiveInteger"}, "type": "method", "children": [{"attributes": {}, "type": "params", "children": [{"attributes": {"name": "value"}, "type": "param", "children": [{"attributes": {"text": "<p>Value to check</p>"}, "type": "desc"}, {"attributes": {}, "type": "types", "children": [{"attributes": {"type": "var"}, "type": "entry"}]}]}, {"attributes": {"name": "msg"}, "type": "param", "children": [{"attributes": {"text": "<p>Message to be shown if the assertion fails.</p>"}, "type": "desc"}, {"attributes": {}, "type": "types", "children": [{"attributes": {"type": "String"}, "type": "entry"}]}]}]}, {"attributes": {"text": "<p>Assert that the value is an integer >= 0.</p>"}, "type": "desc"}]}, {"attributes": {"line": 343, "isMixin": true, "name": "assertPositiveNumber"}, "type": "method", "children": [{"attributes": {}, "type": "params", "children": [{"attributes": {"name": "value"}, "type": "param", "children": [{"attributes": {"text": "<p>Value to check</p>"}, "type": "desc"}, {"attributes": {}, "type": "types", "children": [{"attributes": {"type": "var"}, "type": "entry"}]}]}, {"attributes": {"name": "msg"}, "type": "param", "children": [{"attributes": {"text": "<p>Message to be shown if the assertion fails.</p>"}, "type": "desc"}, {"attributes": {}, "type": "types", "children": [{"attributes": {"type": "String"}, "type": "entry"}]}]}]}, {"attributes": {"text": "<p>Assert that the value is a number >= 0.</p>"}, "type": "desc"}]}, {"attributes": {"line": 498, "isMixin": true, "name": "assertQxObject"}, "type": "method", "children": [{"attributes": {}, "type": "params", "children": [{"attributes": {"name": "value"}, "type": "param", "children": [{"attributes": {"text": "<p>Value to check</p>"}, "type": "desc"}, {"attributes": {}, "type": "types", "children": [{"attributes": {"type": "var"}, "type": "entry"}]}]}, {"attributes": {"name": "msg"}, "type": "param", "children": [{"attributes": {"text": "<p>Message to be shown if the assertion fails.</p>"}, "type": "desc"}, {"attributes": {}, "type": "types", "children": [{"attributes": {"type": "String"}, "type": "entry"}]}]}]}, {"attributes": {"text": "<p>Assert that the value is an instance of {@link qx.core.Object}.</p>"}, "type": "desc"}]}, {"attributes": {"line": 509, "isMixin": true, "name": "assertQxWidget"}, "type": "method", "children": [{"attributes": {}, "type": "params", "children": [{"attributes": {"name": "value"}, "type": "param", "children": [{"attributes": {"text": "<p>Value to check</p>"}, "type": "desc"}, {"attributes": {}, "type": "types", "children": [{"attributes": {"type": "var"}, "type": "entry"}]}]}, {"attributes": {"name": "msg"}, "type": "param", "children": [{"attributes": {"text": "<p>Message to be shown if the assertion fails.</p>"}, "type": "desc"}, {"attributes": {}, "type": "types", "children": [{"attributes": {"type": "String"}, "type": "entry"}]}]}]}, {"attributes": {"text": "<p>Assert that the value is an instance of {@link qx.ui.core.Widget}.</p>"}, "type": "desc"}]}, {"attributes": {"line": 423, "isMixin": true, "name": "assertRegExp"}, "type": "method", "children": [{"attributes": {}, "type": "params", "children": [{"attributes": {"name": "value"}, "type": "param", "children": [{"attributes": {"text": "<p>Value to check</p>"}, "type": "desc"}, {"attributes": {}, "type": "types", "children": [{"attributes": {"type": "var"}, "type": "entry"}]}]}, {"attributes": {"name": "msg"}, "type": "param", "children": [{"attributes": {"text": "<p>Message to be shown if the assertion fails.</p>"}, "type": "desc"}, {"attributes": {}, "type": "types", "children": [{"attributes": {"type": "String"}, "type": "entry"}]}]}]}, {"attributes": {"text": "<p>Assert that the value is a regular expression.</p>"}, "type": "desc"}]}, {"attributes": {"line": 310, "isMixin": true, "name": "assertString"}, "type": "method", "children": [{"attributes": {}, "type": "params", "children": [{"attributes": {"name": "value"}, "type": "param", "children": [{"attributes": {"text": "<p>Value to check</p>"}, "type": "desc"}, {"attributes": {}, "type": "types", "children": [{"attributes": {"type": "var"}, "type": "entry"}]}]}, {"attributes": {"name": "msg"}, "type": "param", "children": [{"attributes": {"text": "<p>Message to be shown if the assertion fails.</p>"}, "type": "desc"}, {"attributes": {}, "type": "types", "children": [{"attributes": {"type": "String"}, "type": "entry"}]}]}]}, {"attributes": {"text": "<p>Assert that the value is a string.</p>"}, "type": "desc"}]}, {"attributes": {"line": 62, "isMixin": true, "name": "assertTrue"}, "type": "method", "children": [{"attributes": {}, "type": "params", "children": [{"attributes": {"name": "value"}, "type": "param", "children": [{"attributes": {"text": "<p>Condition to check for. Must be identical to <code>true</code>.</p>"}, "type": "desc"}, {"attributes": {}, "type": "types", "children": [{"attributes": {"type": "Boolean"}, "type": "entry"}]}]}, {"attributes": {"name": "msg"}, "type": "param", "children": [{"attributes": {"text": "<p>Message to be shown if the assertion fails.</p>"}, "type": "desc"}, {"attributes": {}, "type": "types", "children": [{"attributes": {"type": "String"}, "type": "entry"}]}]}]}, {"attributes": {"text": "<p>Assert that the value is <code>true</code> (Identity check).</p>"}, "type": "desc"}]}, {"attributes": {"line": 438, "isMixin": true, "name": "assertType"}, "type": "method", "children": [{"attributes": {}, "type": "params", "children": [{"attributes": {"name": "value"}, "type": "param", "children": [{"attributes": {"text": "<p>Value to check</p>"}, "type": "desc"}, {"attributes": {}, "type": "types", "children": [{"attributes": {"type": "var"}, "type": "entry"}]}]}, {"attributes": {"name": "type"}, "type": "param", "children": [{"attributes": {"text": "<p>expected type of the value</p>"}, "type": "desc"}, {"attributes": {}, "type": "types", "children": [{"attributes": {"type": "String"}, "type": "entry"}]}]}, {"attributes": {"name": "msg"}, "type": "param", "children": [{"attributes": {"text": "<p>Message to be shown if the assertion fails.</p>"}, "type": "desc"}, {"attributes": {}, "type": "types", "children": [{"attributes": {"type": "String"}, "type": "entry"}]}]}]}, {"attributes": {"text": "<p>Assert that the value has the given type using the <code>typeof</code>\noperator. Because the type is not always what it is supposed to be it is\nbetter to use more explicit checks like {@link #assertString} or\n{@link #assertArray}.</p>"}, "type": "desc"}]}, {"attributes": {"line": 146, "isMixin": true, "name": "assertUndefined"}, "type": "method", "children": [{"attributes": {}, "type": "params", "children": [{"attributes": {"name": "value"}, "type": "param", "children": [{"attributes": {"text": "<p>Value to check</p>"}, "type": "desc"}, {"attributes": {}, "type": "types", "children": [{"attributes": {"type": "var"}, "type": "entry"}]}]}, {"attributes": {"name": "msg"}, "type": "param", "children": [{"attributes": {"text": "<p>Message to be shown if the assertion fails.</p>"}, "type": "desc"}, {"attributes": {}, "type": "types", "children": [{"attributes": {"type": "String"}, "type": "entry"}]}]}]}, {"attributes": {"text": "<p>Assert that the value is <code>undefined</code>.</p>"}, "type": "desc"}]}, {"attributes": {"line": 50, "isMixin": true, "name": "fail"}, "type": "method", "children": [{"attributes": {}, "type": "params", "children": [{"attributes": {"name": "msg"}, "type": "param", "children": [{"attributes": {"text": "<p>Message to be shown if the assertion fails.</p>"}, "type": "desc"}, {"attributes": {}, "type": "types", "children": [{"attributes": {"type": "String"}, "type": "entry"}]}]}, {"attributes": {"name": "compact"}, "type": "param", "children": [{"attributes": {"text": "<p>Show less verbose message. Default: false.</p>"}, "type": "desc"}, {"attributes": {}, "type": "types", "children": [{"attributes": {"type": "Boolean"}, "type": "entry"}]}]}]}, {"attributes": {"text": "<p>Raise an {@link AssertionError}</p>"}, "type": "desc"}]}]}]}