{"attributes": {"fullName": "qx.core.ObjectRegistry", "packageName": "qx.core", "isStatic": true, "type": "bootstrap", "name": "ObjectRegistry"}, "type": "class", "children": [{"attributes": {"text": "<p>Registration for all instances of qooxdoo classes. Mainly\nused to manage them for the final shutdown sequence and to\nuse weak references when connecting widgets to <span class=\"caps\">DOM</span> nodes etc.</p>"}, "type": "desc"}, {"attributes": {}, "type": "methods-static", "children": [{"attributes": {"line": 180, "isStatic": true, "name": "clearHashCode"}, "type": "method", "children": [{"attributes": {}, "type": "params", "children": [{"attributes": {"name": "obj"}, "type": "param", "children": [{"attributes": {"text": "<p>the object to clear the hashcode for</p>"}, "type": "desc"}, {"attributes": {}, "type": "types", "children": [{"attributes": {"type": "Object"}, "type": "entry"}]}]}]}, {"attributes": {"text": "<p>Clears the unique identifier on the given object.</p>"}, "type": "desc"}]}, {"attributes": {"line": 219, "isStatic": true, "name": "fromHashCode"}, "type": "method", "children": [{"attributes": {}, "type": "params", "children": [{"attributes": {"name": "hash"}, "type": "param", "children": [{"attributes": {"text": "<p>The object&#8217;s hash code.</p>"}, "type": "desc"}, {"attributes": {}, "type": "types", "children": [{"attributes": {"type": "String"}, "type": "entry"}]}]}]}, {"attributes": {"text": "<p>Get an object instance by its hash code as returned by {@link #toHashCode}.\nIf the object is already disposed or the hashCode is invalid,\n<code>null</code> is returned.</p>"}, "type": "desc"}, {"attributes": {}, "type": "return", "children": [{"attributes": {"text": "<p>The corresponding object or <code>null</code>.</p>"}, "type": "desc"}, {"attributes": {}, "type": "types", "children": [{"attributes": {"type": "qx.core.Object"}, "type": "entry"}]}]}]}, {"attributes": {"access": "internal", "isInternal": true, "line": 297, "isStatic": true, "name": "getNextHash"}, "type": "method", "children": [{"attributes": {"text": "<p>Returns the next hash code that will be used</p>"}, "type": "desc"}, {"attributes": {}, "type": "return", "children": [{"attributes": {"text": "<p>The next hash code</p>"}, "type": "desc"}, {"attributes": {}, "type": "types", "children": [{"attributes": {"type": "Integer"}, "type": "entry"}]}]}]}, {"attributes": {"access": "internal", "isInternal": true, "line": 308, "isStatic": true, "name": "getPostId"}, "type": "method", "children": [{"attributes": {"text": "<p>Returns the postfix that identifies the current iframe</p>"}, "type": "desc"}, {"attributes": {}, "type": "return", "children": [{"attributes": {"text": "<p>The next hash code</p>"}, "type": "desc"}, {"attributes": {}, "type": "types", "children": [{"attributes": {"type": "Integer"}, "type": "entry"}]}]}]}, {"attributes": {"line": 286, "isStatic": true, "name": "getRegistry"}, "type": "method", "children": [{"attributes": {"text": "<p>Returns the object registry.</p>"}, "type": "desc"}, {"attributes": {}, "type": "return", "children": [{"attributes": {"text": "<p>The registry</p>"}, "type": "desc"}, {"attributes": {}, "type": "types", "children": [{"attributes": {"type": "Object"}, "type": "entry"}]}]}]}, {"attributes": {"access": "internal", "isInternal": true, "line": 319, "isStatic": true, "name": "getStackTraces"}, "type": "method", "children": [{"attributes": {"text": "<p>Returns the map of stack traces recorded when objects are registered\n(for dispose profiling)</p>"}, "type": "desc"}, {"attributes": {}, "type": "return", "children": [{"attributes": {"text": "<p>Map: object hash codes to stack traces</p>"}, "type": "desc"}, {"attributes": {}, "type": "types", "children": [{"attributes": {"type": "Map"}, "type": "entry"}]}]}]}, {"attributes": {"line": 67, "isStatic": true, "name": "register"}, "type": "method", "children": [{"attributes": {}, "type": "params", "children": [{"attributes": {"name": "obj"}, "type": "param", "children": [{"attributes": {"text": "<p>Any object with a dispose() method</p>"}, "type": "desc"}, {"attributes": {}, "type": "types", "children": [{"attributes": {"type": "Object"}, "type": "entry"}]}]}]}, {"attributes": {"text": "<p>Registers an object into the database. This adds a hashcode\nto the object (if not already done before) and stores it under\nthis hashcode. You can access this object later using the hashcode\nby calling {@link #fromHashCode}.</p>\n\n<p>All registered objects are automatically disposed on application\nshutdown. Each registered object must at least have a method\ncalled <code>dispose</code>.</p>"}, "type": "desc"}]}, {"attributes": {"line": 229, "isStatic": true, "name": "shutdown"}, "type": "method", "children": [{"attributes": {"text": "<p>Disposing all registered object and cleaning up registry. This is\nautomatically executed at application shutdown.</p>"}, "type": "desc"}]}, {"attributes": {"line": 148, "isStatic": true, "name": "toHashCode"}, "type": "method", "children": [{"attributes": {}, "type": "params", "children": [{"attributes": {"name": "obj"}, "type": "param", "children": [{"attributes": {"text": "<p>the object to get the hashcode for</p>"}, "type": "desc"}, {"attributes": {}, "type": "types", "children": [{"attributes": {"type": "Object"}, "type": "entry"}]}]}]}, {"attributes": {"text": "<p>Returns an unique identifier for the given object. If such an identifier\ndoes not yet exist, create it.</p>"}, "type": "desc"}, {"attributes": {}, "type": "return", "children": [{"attributes": {"text": "<p>unique identifier for the given object</p>"}, "type": "desc"}, {"attributes": {}, "type": "types", "children": [{"attributes": {"type": "String"}, "type": "entry"}]}]}]}, {"attributes": {"line": 111, "isStatic": true, "name": "unregister"}, "type": "method", "children": [{"attributes": {}, "type": "params", "children": [{"attributes": {"name": "obj"}, "type": "param", "children": [{"attributes": {"text": "<p>Any previously registered object</p>"}, "type": "desc"}, {"attributes": {}, "type": "types", "children": [{"attributes": {"type": "Object"}, "type": "entry"}]}]}]}, {"attributes": {"text": "<p>Removes the given object from the database.</p>"}, "type": "desc"}]}]}, {"attributes": {}, "type": "constants", "children": [{"attributes": {"access": "private", "type": "Number", "name": "__nextHash", "value": "0"}, "type": "constant", "children": [{"attributes": {"text": "<p>Next new hash code.</p>"}, "type": "desc"}, {"attributes": {}, "type": "types", "children": [{"attributes": {"type": "Integer"}, "type": "entry"}]}]}, {"attributes": {"access": "private", "name": "__stackTraces"}, "type": "constant", "children": [{"attributes": {"text": "<p>Object hashes to stack traces (for dispose profiling only)</p>"}, "type": "desc"}, {"attributes": {}, "type": "types", "children": [{"attributes": {"type": "Map"}, "type": "entry"}]}]}, {"attributes": {"type": "Boolean", "name": "inShutDown", "value": "false"}, "type": "constant", "children": [{"attributes": {"text": "<p>Whether the application is in the shutdown phase</p>"}, "type": "desc"}, {"attributes": {}, "type": "types", "children": [{"attributes": {"type": "Boolean"}, "type": "entry"}]}]}, {"attributes": {"access": "private", "name": "__registry"}, "type": "constant", "children": [{"attributes": {"text": "<p>Internal data structure to store objects</p>"}, "type": "desc"}, {"attributes": {}, "type": "types", "children": [{"attributes": {"type": "Map"}, "type": "entry"}]}]}, {"attributes": {"access": "private", "type": "Array", "name": "__freeHashes", "value": "[]"}, "type": "constant", "children": [{"attributes": {"text": "<p>List of all free hash codes</p>"}, "type": "desc"}, {"attributes": {}, "type": "types", "children": [{"attributes": {"type": "Array"}, "type": "entry"}]}]}, {"attributes": {"access": "private", "type": "String", "name": "__postId", "value": ""}, "type": "constant", "children": [{"attributes": {"text": "<p>Post id for hash code creation.</p>"}, "type": "desc"}, {"attributes": {}, "type": "types", "children": [{"attributes": {"type": "String"}, "type": "entry"}]}]}]}]}