{"attributes": {"fullName": "qx.core.WindowError", "packageName": "qx.core", "type": "bootstrap", "name": "WindowError", "superClass": "Error"}, "type": "class", "children": [{"attributes": {"text": "<p>This exception is thrown by the {@link qx.event.GlobalError} handler if a\n<code>window.onerror</code> event occurs in the browser.</p>"}, "type": "desc"}, {"attributes": {}, "type": "constructor", "children": [{"attributes": {"line": 42, "isCtor": true, "name": "ctor"}, "type": "method", "children": [{"attributes": {}, "type": "params", "children": [{"attributes": {"name": "failMessage"}, "type": "param", "children": [{"attributes": {"text": "<p>The error message</p>"}, "type": "desc"}, {"attributes": {}, "type": "types", "children": [{"attributes": {"type": "String"}, "type": "entry"}]}]}, {"attributes": {"name": "uri"}, "type": "param", "children": [{"attributes": {"text": "<p><span class=\"caps\">URI</span> where error was raised</p>"}, "type": "desc"}, {"attributes": {}, "type": "types", "children": [{"attributes": {"type": "String"}, "type": "entry"}]}]}, {"attributes": {"name": "lineNumber"}, "type": "param", "children": [{"attributes": {"text": "<p>The line number where the error was raised</p>"}, "type": "desc"}, {"attributes": {}, "type": "types", "children": [{"attributes": {"type": "Integer"}, "type": "entry"}]}]}]}, {"attributes": {"text": ""}, "type": "desc"}]}]}, {"attributes": {}, "type": "methods", "children": [{"attributes": {"line": 98, "name": "getLineNumber"}, "type": "method", "children": [{"attributes": {"text": "<p>Get the line number where the error was raised</p>"}, "type": "desc"}, {"attributes": {}, "type": "return", "children": [{"attributes": {"text": "<p>The line number where the error was raised</p>"}, "type": "desc"}, {"attributes": {}, "type": "types", "children": [{"attributes": {"type": "Integer"}, "type": "entry"}]}]}]}, {"attributes": {"line": 88, "name": "getUri"}, "type": "method", "children": [{"attributes": {"text": "<p>Get the <span class=\"caps\">URI</span> where error was raised</p>"}, "type": "desc"}, {"attributes": {}, "type": "return", "children": [{"attributes": {"text": "<p><span class=\"caps\">URI</span> where error was raised</p>"}, "type": "desc"}, {"attributes": {}, "type": "types", "children": [{"attributes": {"type": "String"}, "type": "entry"}]}]}]}, {"attributes": {"line": 78, "name": "toString"}, "type": "method", "children": [{"attributes": {"text": "<p>Returns the error message.</p>"}, "type": "desc"}, {"attributes": {}, "type": "return", "children": [{"attributes": {"text": "<p>error message</p>"}, "type": "desc"}, {"attributes": {}, "type": "types", "children": [{"attributes": {"type": "String"}, "type": "entry"}]}]}]}]}]}