{"attributes": {"name": "Object", "packageName": "qx.core", "mixins": "qx.core.MEvent,qx.core.MAssert,qx.core.MProperty,qx.core.MLogging,qx.data.MBinding", "superClass": "Object", "childClasses": "qx.event.dispatch.Direct,qx.event.handler.Object,qx.event.type.Event,qx.util.ObjectPool", "fullName": "qx.core.Object", "type": "class"}, "type": "class", "children": [{"attributes": {"text": "<p>The qooxdoo root class. All other classes are direct or indirect subclasses of this one.</p>\n\n<p>This class contains methods for:</p>\n\n<ul>\n<li>object management (creation and destruction)</li>\n<li>interfaces for event system</li>\n<li>generic setter/getter support</li>\n<li>interfaces for logging console</li>\n<li>user friendly OO interfaces like {@link #self} or {@link #base}</li>\n</ul>"}, "type": "desc"}, {"attributes": {}, "type": "constructor", "children": [{"attributes": {"line": 56, "isCtor": true, "name": "ctor"}, "type": "method", "children": [{"attributes": {"text": "<p>Create a new instance</p>"}, "type": "desc"}]}]}, {"attributes": {}, "type": "methods", "children": [{"attributes": {"access": "protected", "line": 377, "name": "_disposeArray"}, "type": "method", "children": [{"attributes": {}, "type": "params", "children": [{"attributes": {"name": "field"}, "type": "param", "children": [{"attributes": {"text": "<p>Name of the field which refers to the array</p>"}, "type": "desc"}, {"attributes": {}, "type": "types", "children": [{"attributes": {"type": "String"}, "type": "entry"}]}]}]}, {"attributes": {"text": "<p>Disposes all members of the given array and deletes\nthe field which refers to the array afterwards.</p>"}, "type": "desc"}]}, {"attributes": {"access": "protected", "line": 388, "name": "_disposeMap"}, "type": "method", "children": [{"attributes": {}, "type": "params", "children": [{"attributes": {"name": "field"}, "type": "param", "children": [{"attributes": {"text": "<p>Name of the field which refers to the map</p>"}, "type": "desc"}, {"attributes": {}, "type": "types", "children": [{"attributes": {"type": "String"}, "type": "entry"}]}]}]}, {"attributes": {"text": "<p>Disposes all members of the given map and deletes\nthe field which refers to the map afterwards.</p>"}, "type": "desc"}]}, {"attributes": {"access": "protected", "line": 355, "name": "_disposeObjects"}, "type": "method", "children": [{"attributes": {}, "type": "params", "children": [{"attributes": {"name": "varargs"}, "type": "param", "children": [{"attributes": {"text": "<p>Names of fields (which store objects) to dispose</p>"}, "type": "desc"}, {"attributes": {}, "type": "types", "children": [{"attributes": {"type": "arguments"}, "type": "entry"}]}]}]}, {"attributes": {"text": "<p>Disconnects and disposes given objects from instance.\nOnly works with qx.core.Object based objects e.g. Widgets.</p>"}, "type": "desc"}]}, {"attributes": {"access": "protected", "line": 366, "name": "_disposeSingletonObjects"}, "type": "method", "children": [{"attributes": {}, "type": "params", "children": [{"attributes": {"name": "varargs"}, "type": "param", "children": [{"attributes": {"text": "<p>Names of fields (which store objects) to dispose</p>"}, "type": "desc"}, {"attributes": {}, "type": "types", "children": [{"attributes": {"type": "arguments"}, "type": "entry"}]}]}]}, {"attributes": {"text": "<p>Disconnects and disposes given singleton objects from instance.\nOnly works with qx.core.Object based objects e.g. Widgets.</p>"}, "type": "desc"}]}, {"attributes": {"line": 124, "name": "base"}, "type": "method", "children": [{"attributes": {}, "type": "params", "children": [{"attributes": {"name": "args"}, "type": "param", "children": [{"attributes": {"text": "<p>the arguments variable of the calling method</p>"}, "type": "desc"}, {"attributes": {}, "type": "types", "children": [{"attributes": {"type": "arguments"}, "type": "entry"}]}]}, {"attributes": {"name": "varargs"}, "type": "param", "children": [{"attributes": {"text": "<p>variable number of arguments passed to the overwritten function</p>"}, "type": "desc"}, {"attributes": {}, "type": "types", "children": [{"attributes": {"type": "var"}, "type": "entry"}]}]}]}, {"attributes": {"text": "<p>Call the same method of the super class.</p>"}, "type": "desc"}, {"attributes": {}, "type": "return", "children": [{"attributes": {"text": "<p>the return value of the method of the base class.</p>"}, "type": "desc"}, {"attributes": {}, "type": "types", "children": [{"attributes": {"type": "var"}, "type": "entry"}]}]}]}, {"attributes": {"line": 173, "name": "clone"}, "type": "method", "children": [{"attributes": {"text": "<p><span class=\"caps\">EXPERIMENTAL</span> &#8211; <span class=\"caps\">NOT</span> <span class=\"caps\">READY</span> <span class=\"caps\">FOR</span> <span class=\"caps\">PRODUCTION</span></p>\n\n<p>Returns a clone of this object. Copies over all user configured\nproperty values. Do not configure a parent nor apply the appearance\nstyles directly.</p>"}, "type": "desc"}, {"attributes": {}, "type": "return", "children": [{"attributes": {"text": "<p>The clone</p>"}, "type": "desc"}, {"attributes": {}, "type": "types", "children": [{"attributes": {"type": "qx.core.Object"}, "type": "entry"}]}]}]}, {"attributes": {"line": 263, "name": "dispose"}, "type": "method", "children": [{"attributes": {"text": "<p>Dispose this object</p>"}, "type": "desc"}]}, {"attributes": {"line": 232, "name": "getUserData"}, "type": "method", "children": [{"attributes": {}, "type": "params", "children": [{"attributes": {"name": "key"}, "type": "param", "children": [{"attributes": {"text": "<p>the key</p>"}, "type": "desc"}, {"attributes": {}, "type": "types", "children": [{"attributes": {"type": "String"}, "type": "entry"}]}]}]}, {"attributes": {"text": "<p>Load user defined data from the object</p>"}, "type": "desc"}, {"attributes": {}, "type": "return", "children": [{"attributes": {"text": "<p>the user data</p>"}, "type": "desc"}, {"attributes": {}, "type": "types", "children": [{"attributes": {"type": "Object"}, "type": "entry"}]}]}]}, {"attributes": {"line": 254, "name": "isDisposed"}, "type": "method", "children": [{"attributes": {"text": "<p>Returns true if the object is disposed.</p>"}, "type": "desc"}, {"attributes": {}, "type": "return", "children": [{"attributes": {"text": "<p>Whether the object has been disposed</p>"}, "type": "desc"}, {"attributes": {}, "type": "types", "children": [{"attributes": {"type": "Boolean"}, "type": "entry"}]}]}]}, {"attributes": {"line": 150, "name": "self"}, "type": "method", "children": [{"attributes": {}, "type": "params", "children": [{"attributes": {"name": "args"}, "type": "param", "children": [{"attributes": {"text": "<p>the arguments variable of the calling method</p>"}, "type": "desc"}, {"attributes": {}, "type": "types", "children": [{"attributes": {"type": "arguments"}, "type": "entry"}]}]}]}, {"attributes": {"text": "<p>Returns the static class (to access static members of this class)</p>"}, "type": "desc"}, {"attributes": {}, "type": "return", "children": [{"attributes": {"text": "<p>the return value of the method of the base class.</p>"}, "type": "desc"}, {"attributes": {}, "type": "types", "children": [{"attributes": {"type": "var"}, "type": "entry"}]}]}]}, {"attributes": {"line": 216, "name": "setUserData"}, "type": "method", "children": [{"attributes": {}, "type": "params", "children": [{"attributes": {"name": "key"}, "type": "param", "children": [{"attributes": {"text": "<p>the key</p>"}, "type": "desc"}, {"attributes": {}, "type": "types", "children": [{"attributes": {"type": "String"}, "type": "entry"}]}]}, {"attributes": {"name": "value"}, "type": "param", "children": [{"attributes": {"text": "<p>the value of the user data</p>"}, "type": "desc"}, {"attributes": {}, "type": "types", "children": [{"attributes": {"type": "Object"}, "type": "entry"}]}]}]}, {"attributes": {"text": "<p>Store user defined data inside the object.</p>"}, "type": "desc"}]}, {"attributes": {"line": 102, "name": "toHashCode"}, "type": "method", "children": [{"attributes": {"text": "<p>Return unique hash code of object</p>"}, "type": "desc"}, {"attributes": {}, "type": "return", "children": [{"attributes": {"text": "<p>unique hash code of the object</p>"}, "type": "desc"}, {"attributes": {}, "type": "types", "children": [{"attributes": {"type": "Integer"}, "type": "entry"}]}]}]}, {"attributes": {"line": 112, "name": "toString"}, "type": "method", "children": [{"attributes": {"text": "<p>Returns a string representation of the qooxdoo object.</p>"}, "type": "desc"}, {"attributes": {}, "type": "return", "children": [{"attributes": {"text": "<p>string representation of the object</p>"}, "type": "desc"}, {"attributes": {}, "type": "types", "children": [{"attributes": {"type": "String"}, "type": "entry"}]}]}]}]}]}