{"attributes": {"fullName": "qx.core.GlobalError", "packageName": "qx.core", "type": "bootstrap", "name": "GlobalError", "superClass": "Error"}, "type": "class", "children": [{"attributes": {"text": "<p>This exception is thrown by the {@link qx.event.GlobalError} handler if a\nobserved method throws an exception.</p>"}, "type": "desc"}, {"attributes": {}, "type": "constructor", "children": [{"attributes": {"line": 33, "isCtor": true, "name": "ctor"}, "type": "method", "children": [{"attributes": {}, "type": "params", "children": [{"attributes": {"name": "exc"}, "type": "param", "children": [{"attributes": {"text": "<p>source exception</p>"}, "type": "desc"}, {"attributes": {}, "type": "types", "children": [{"attributes": {"type": "Error"}, "type": "entry"}]}]}, {"attributes": {"name": "args"}, "type": "param", "children": [{"attributes": {"text": "<p>arguments</p>"}, "type": "desc"}, {"attributes": {}, "type": "types", "children": [{"attributes": {"type": "Array"}, "type": "entry"}]}]}]}, {"attributes": {"text": ""}, "type": "desc"}]}]}, {"attributes": {}, "type": "methods", "children": [{"attributes": {"line": 79, "name": "getArguments"}, "type": "method", "children": [{"attributes": {"text": "<p>Returns the arguments which are</p>"}, "type": "desc"}, {"attributes": {}, "type": "return", "children": [{"attributes": {"text": "<p>arguments</p>"}, "type": "desc"}, {"attributes": {}, "type": "types", "children": [{"attributes": {"type": "Object"}, "type": "entry"}]}]}]}, {"attributes": {"line": 89, "name": "getSourceException"}, "type": "method", "children": [{"attributes": {"text": "<p>Get the source exception</p>"}, "type": "desc"}, {"attributes": {}, "type": "return", "children": [{"attributes": {"text": "<p>source exception</p>"}, "type": "desc"}, {"attributes": {}, "type": "types", "children": [{"attributes": {"type": "Error"}, "type": "entry"}]}]}]}, {"attributes": {"line": 69, "name": "toString"}, "type": "method", "children": [{"attributes": {"text": "<p>Returns the error message.</p>"}, "type": "desc"}, {"attributes": {}, "type": "return", "children": [{"attributes": {"text": "<p>error message</p>"}, "type": "desc"}, {"attributes": {}, "type": "types", "children": [{"attributes": {"type": "String"}, "type": "entry"}]}]}]}]}]}