{"attributes": {"fullName": "qx.Class", "packageName": "qx", "isStatic": true, "type": "bootstrap", "name": "Class"}, "type": "class", "children": [{"attributes": {"text": "<p>This class is one of the most important parts of qooxdoo&#8217;s\nobject-oriented features.</p>\n\n<p>Its {@link #define} method is used to create qooxdoo classes.</p>\n\n<p>Each instance of a class defined by {@link #define} has\nthe following keys attached to the constructor and the prototype:</p>\n\n<table>\n<tr><th><code>classname</code></th><td>The fully-qualified name of the class (e.g. <code>\"qx.ui.core.Widget\"</code>).</td></tr>\n<tr><th><code>basename</code></th><td>The namespace part of the class name (e.g. <code>\"qx.ui.core\"</code>).</td></tr>\n<tr><th><code>constructor</code></th><td>A reference to the constructor of the class.</td></tr>\n<tr><th><code>superclass</code></th><td>A reference to the constructor of the super class.</td></tr>\n</table>\n\n<p>Each method may access static members of the same class by using\n<code>this.self(arguments)</code> ({@link qx.core.Object#self}):</p>\n\n<pre class=\"javascript\">\nstatics : { FOO : \"bar\" },\nmembers: {\n  baz: function(x) {\n    this.self(arguments).FOO;\n    ...\n  }\n}\n</pre>\n\n<p>Each overriding method may call the overridden method by using\n<code>this.base(arguments [, ...])</code> ({@link qx.core.Object#base}). This is also true for calling\nthe constructor of the superclass.</p>\n\n<pre class=\"javascript\">\nmembers: {\n  foo: function(x) {\n    this.base(arguments, x);\n    ...\n  }\n}\n</pre>\n\n<p>By using <code>qx.Class</code> within an app, the native JS data types are\nconveniently polyfilled according to {@link qx.lang.normalize}.</p>"}, "type": "desc"}, {"attributes": {}, "type": "methods-static", "children": [{"attributes": {"access": "private", "line": 1055, "isStatic": true, "name": "__addEvents"}, "type": "method", "children": [{"attributes": {}, "type": "params", "children": [{"attributes": {"name": "clazz"}, "type": "param", "children": [{"attributes": {"text": "<p>class to add the events to</p>"}, "type": "desc"}, {"attributes": {}, "type": "types", "children": [{"attributes": {"type": "Class"}, "type": "entry"}]}]}, {"attributes": {"name": "events"}, "type": "param", "children": [{"attributes": {"text": "<p>map of event names the class fires.</p>"}, "type": "desc"}, {"attributes": {}, "type": "types", "children": [{"attributes": {"type": "Map"}, "type": "entry"}]}]}, {"attributes": {"defaultValue": "false", "optional": true, "name": "patch"}, "type": "param", "children": [{"attributes": {"text": "<p>Enable redefinition of event type?</p>"}, "type": "desc"}, {"attributes": {}, "type": "types", "children": [{"attributes": {"type": "Boolean"}, "type": "entry"}]}]}]}, {"attributes": {"text": "<p>Attach events to the class</p>"}, "type": "desc"}]}, {"attributes": {"access": "private", "line": 1366, "isStatic": true, "name": "__addInterface"}, "type": "method", "children": [{"attributes": {}, "type": "params", "children": [{"attributes": {"name": "clazz"}, "type": "param", "children": [{"attributes": {"text": "<p>class to add interface to</p>"}, "type": "desc"}, {"attributes": {}, "type": "types", "children": [{"attributes": {"type": "Class"}, "type": "entry"}]}]}, {"attributes": {"name": "iface"}, "type": "param", "children": [{"attributes": {"text": "<p>the Interface to add</p>"}, "type": "desc"}, {"attributes": {}, "type": "types", "children": [{"attributes": {"type": "Interface"}, "type": "entry"}]}]}]}, {"attributes": {"text": "<p>Add a single interface to a class</p>"}, "type": "desc"}]}, {"attributes": {"access": "private", "line": 1274, "isStatic": true, "name": "__addMembers"}, "type": "method", "children": [{"attributes": {}, "type": "params", "children": [{"attributes": {"name": "clazz"}, "type": "param", "children": [{"attributes": {"text": "<p>clazz to add members to</p>"}, "type": "desc"}, {"attributes": {}, "type": "types", "children": [{"attributes": {"type": "Class"}, "type": "entry"}]}]}, {"attributes": {"name": "members"}, "type": "param", "children": [{"attributes": {"text": "<p>The map of members to attach</p>"}, "type": "desc"}, {"attributes": {}, "type": "types", "children": [{"attributes": {"type": "Map"}, "type": "entry"}]}]}, {"attributes": {"defaultValue": "false", "optional": true, "name": "patch"}, "type": "param", "children": [{"attributes": {"text": "<p>Enable patching of</p>"}, "type": "desc"}, {"attributes": {}, "type": "types", "children": [{"attributes": {"type": "Boolean"}, "type": "entry"}]}]}, {"attributes": {"defaultValue": "true", "optional": true, "name": "base"}, "type": "param", "children": [{"attributes": {"text": "<p>Attach base flag to mark function as members of this class</p>"}, "type": "desc"}, {"attributes": {}, "type": "types", "children": [{"attributes": {"type": "Boolean"}, "type": "entry"}]}]}, {"attributes": {"defaultValue": "false", "optional": true, "name": "wrap"}, "type": "param", "children": [{"attributes": {"text": "<p>Whether the member method should be wrapped. this is needed to allow base calls in patched mixin members.</p>"}, "type": "desc"}, {"attributes": {}, "type": "types", "children": [{"attributes": {"type": "Boolean"}, "type": "entry"}]}]}]}, {"attributes": {"text": "<p>Attach members to a class</p>"}, "type": "desc"}]}, {"attributes": {"access": "private", "line": 1478, "isStatic": true, "name": "__addMixin"}, "type": "method", "children": [{"attributes": {}, "type": "params", "children": [{"attributes": {"name": "clazz"}, "type": "param", "children": [{"attributes": {"text": "<p>The class onto which the mixin should be attached.</p>"}, "type": "desc"}, {"attributes": {}, "type": "types", "children": [{"attributes": {"type": "Class"}, "type": "entry"}]}]}, {"attributes": {"name": "mixin"}, "type": "param", "children": [{"attributes": {"text": "<p>Include all features of this mixin</p>"}, "type": "desc"}, {"attributes": {}, "type": "types", "children": [{"attributes": {"type": "Mixin"}, "type": "entry"}]}]}, {"attributes": {"name": "patch"}, "type": "param", "children": [{"attributes": {"text": "<p>Overwrite existing fields, functions and properties</p>"}, "type": "desc"}, {"attributes": {}, "type": "types", "children": [{"attributes": {"type": "Boolean"}, "type": "entry"}]}]}]}, {"attributes": {"text": "<p>Include all features of the mixin into the given class, recursively.</p>"}, "type": "desc"}]}, {"attributes": {"access": "private", "line": 1103, "isStatic": true, "name": "__addProperties"}, "type": "method", "children": [{"attributes": {}, "type": "params", "children": [{"attributes": {"name": "clazz"}, "type": "param", "children": [{"attributes": {"text": "<p>class to add the properties to</p>"}, "type": "desc"}, {"attributes": {}, "type": "types", "children": [{"attributes": {"type": "Class"}, "type": "entry"}]}]}, {"attributes": {"name": "properties"}, "type": "param", "children": [{"attributes": {"text": "<p>map of properties</p>"}, "type": "desc"}, {"attributes": {}, "type": "types", "children": [{"attributes": {"type": "Map"}, "type": "entry"}]}]}, {"attributes": {"defaultValue": "false", "optional": true, "name": "patch"}, "type": "param", "children": [{"attributes": {"text": "<p>Overwrite property with the limitations of a property which means you are able to refine but not to replace (esp. for new properties)</p>"}, "type": "desc"}, {"attributes": {}, "type": "types", "children": [{"attributes": {"type": "Boolean"}, "type": "entry"}]}]}]}, {"attributes": {"text": "<p>Attach properties to classes</p>"}, "type": "desc"}]}, {"attributes": {"access": "private", "line": 932, "isStatic": true, "name": "__createClass"}, "type": "method", "children": [{"attributes": {}, "type": "params", "children": [{"attributes": {"name": "name"}, "type": "param", "children": [{"attributes": {"text": "<p>Full name of the class</p>"}, "type": "desc"}, {"attributes": {}, "type": "types", "children": [{"attributes": {"type": "String"}, "type": "entry"}]}]}, {"attributes": {"name": "type"}, "type": "param", "children": [{"attributes": {"text": "<p>type of the class, i.e. &#8220;static&#8221;, &#8220;abstract&#8221; or &#8220;singleton&#8221;</p>"}, "type": "desc"}, {"attributes": {}, "type": "types", "children": [{"attributes": {"type": "String"}, "type": "entry"}]}]}, {"attributes": {"name": "extend"}, "type": "param", "children": [{"attributes": {"text": "<p>Superclass to inherit from</p>"}, "type": "desc"}, {"attributes": {}, "type": "types", "children": [{"attributes": {"type": "Class"}, "type": "entry"}]}]}, {"attributes": {"name": "statics"}, "type": "param", "children": [{"attributes": {"text": "<p>Static methods or fields</p>"}, "type": "desc"}, {"attributes": {}, "type": "types", "children": [{"attributes": {"type": "Map"}, "type": "entry"}]}]}, {"attributes": {"name": "construct"}, "type": "param", "children": [{"attributes": {"text": "<p>Constructor of the class</p>"}, "type": "desc"}, {"attributes": {}, "type": "types", "children": [{"attributes": {"type": "Function"}, "type": "entry"}]}]}, {"attributes": {"name": "destruct"}, "type": "param", "children": [{"attributes": {"text": "<p>Destructor of the class</p>"}, "type": "desc"}, {"attributes": {}, "type": "types", "children": [{"attributes": {"type": "Function"}, "type": "entry"}]}]}, {"attributes": {"name": "mixins"}, "type": "param", "children": [{"attributes": {"text": "<p>array of mixins of the class</p>"}, "type": "desc"}, {"attributes": {}, "type": "types", "children": [{"attributes": {"type": "Mixin", "dimensions": 1}, "type": "entry"}]}]}]}, {"attributes": {"text": "<p>Creates a class by type. Supports modern inheritance etc.</p>"}, "type": "desc"}, {"attributes": {}, "type": "return", "children": [{"attributes": {"text": "<p>The generated class</p>"}, "type": "desc"}, {"attributes": {}, "type": "types", "children": [{"attributes": {"type": "Class"}, "type": "entry"}]}]}]}, {"attributes": {"access": "private", "line": 1549, "isStatic": true, "name": "__createDefaultConstructor"}, "type": "method", "children": [{"attributes": {"text": "<p>Returns the default constructor.\nThis constructor just calls the constructor of the base class.</p>"}, "type": "desc"}, {"attributes": {}, "type": "return", "children": [{"attributes": {"text": "<p>The default constructor.</p>"}, "type": "desc"}, {"attributes": {}, "type": "types", "children": [{"attributes": {"type": "Function"}, "type": "entry"}]}]}]}, {"attributes": {"access": "private", "line": 1564, "isStatic": true, "name": "__createEmptyFunction"}, "type": "method", "children": [{"attributes": {"text": "<p>Returns an empty function. This is needed to get an empty function with an empty closure.</p>"}, "type": "desc"}, {"attributes": {}, "type": "return", "children": [{"attributes": {"text": "<p>empty function</p>"}, "type": "desc"}, {"attributes": {}, "type": "types", "children": [{"attributes": {"type": "Function"}, "type": "entry"}]}]}]}, {"attributes": {"access": "private", "line": 1340, "isStatic": true, "name": "__mixinMemberWrapper"}, "type": "method", "children": [{"attributes": {}, "type": "params", "children": [{"attributes": {"name": "member"}, "type": "param", "children": [{"attributes": {"text": "<p>The mixin method to wrap</p>"}, "type": "desc"}, {"attributes": {}, "type": "types", "children": [{"attributes": {"type": "Function"}, "type": "entry"}]}]}, {"attributes": {"name": "base"}, "type": "param", "children": [{"attributes": {"text": "<p>The overwritten method</p>"}, "type": "desc"}, {"attributes": {}, "type": "types", "children": [{"attributes": {"type": "Function"}, "type": "entry"}]}]}]}, {"attributes": {"text": "<p>Wraps a member function of a mixin, which is included using &#8220;patch&#8221;. This\nallows &#8220;base&#8221; calls in the mixin member function.</p>"}, "type": "desc"}, {"attributes": {}, "type": "return", "children": [{"attributes": {"text": "<p>the wrapped mixin member</p>"}, "type": "desc"}, {"attributes": {}, "type": "types", "children": [{"attributes": {"type": "Function"}, "type": "entry"}]}]}]}, {"attributes": {"access": "private", "line": 1576, "isStatic": true, "name": "__needsConstructorWrapper"}, "type": "method", "children": [{"attributes": {}, "type": "params", "children": [{"attributes": {"name": "base"}, "type": "param", "children": [{"attributes": {"text": "<p>The base class.</p>"}, "type": "desc"}, {"attributes": {}, "type": "types", "children": [{"attributes": {"type": "Class"}, "type": "entry"}]}]}, {"attributes": {"name": "mixins"}, "type": "param", "children": [{"attributes": {"text": "<p>All mixins which should be included.</p>"}, "type": "desc"}, {"attributes": {}, "type": "types", "children": [{"attributes": {"type": "Mixin", "dimensions": 1}, "type": "entry"}]}]}]}, {"attributes": {"text": "<p>Checks if the constructor needs to be wrapped.</p>"}, "type": "desc"}, {"attributes": {}, "type": "return", "children": [{"attributes": {"text": "<p>true, if the constructor needs to be wrapped.</p>"}, "type": "desc"}, {"attributes": {}, "type": "types", "children": [{"attributes": {"type": "Boolean"}, "type": "entry"}]}]}]}, {"attributes": {"access": "private", "line": 1410, "isStatic": true, "name": "__retrospectWrapConstruct"}, "type": "method", "children": [{"attributes": {}, "type": "params", "children": [{"attributes": {"name": "clazz"}, "type": "param", "children": [{"attributes": {"text": "<p>The class to wrap</p>"}, "type": "desc"}, {"attributes": {}, "type": "types", "children": [{"attributes": {"type": "Class"}, "type": "entry"}]}]}]}, {"attributes": {"text": "<p>Wrap the constructor of an already existing clazz. This function will\nreplace all references to the existing constructor with the new wrapped\nconstructor.</p>"}, "type": "desc"}, {"attributes": {}, "type": "return", "children": [{"attributes": {"text": "<p>The wrapped class</p>"}, "type": "desc"}, {"attributes": {}, "type": "types", "children": [{"attributes": {"type": "Class"}, "type": "entry"}]}]}]}, {"attributes": {"access": "private", "line": 1, "isStatic": true, "name": "__validateAbstractInterfaces"}, "type": "method", "children": [{"attributes": {}, "type": "params", "children": [{"attributes": {"name": "clazz"}, "type": "param", "children": [{"attributes": {"text": "<p>The configured class.</p>"}, "type": "desc"}, {"attributes": {}, "type": "types", "children": [{"attributes": {"type": "Class"}, "type": "entry"}]}]}]}, {"attributes": {"text": "<p>Validates the interfaces required by abstract base classes</p>"}, "type": "desc"}]}, {"attributes": {"access": "private", "line": 1, "isStatic": true, "name": "__validateConfig"}, "type": "method", "children": [{"attributes": {}, "type": "params", "children": [{"attributes": {"name": "name"}, "type": "param", "children": [{"attributes": {"text": "<p>The name of the class</p>"}, "type": "desc"}, {"attributes": {}, "type": "types", "children": [{"attributes": {"type": "String"}, "type": "entry"}]}]}, {"attributes": {"name": "config"}, "type": "param", "children": [{"attributes": {"text": "<p>Configuration map</p>"}, "type": "desc"}, {"attributes": {}, "type": "types", "children": [{"attributes": {"type": "Map"}, "type": "entry"}]}]}]}, {"attributes": {"text": "<p>Validates an incoming configuration and checks for proper keys and values</p>"}, "type": "desc"}]}, {"attributes": {"access": "private", "line": 1, "isStatic": true, "name": "__validateProperty"}, "type": "method", "children": [{"attributes": {}, "type": "params", "children": [{"attributes": {"name": "clazz"}, "type": "param", "children": [{"attributes": {"text": "<p>class to add property to</p>"}, "type": "desc"}, {"attributes": {}, "type": "types", "children": [{"attributes": {"type": "Class"}, "type": "entry"}]}]}, {"attributes": {"name": "name"}, "type": "param", "children": [{"attributes": {"text": "<p>name of the property</p>"}, "type": "desc"}, {"attributes": {}, "type": "types", "children": [{"attributes": {"type": "String"}, "type": "entry"}]}]}, {"attributes": {"name": "config"}, "type": "param", "children": [{"attributes": {"text": "<p>configuration map</p>"}, "type": "desc"}, {"attributes": {}, "type": "types", "children": [{"attributes": {"type": "Map"}, "type": "entry"}]}]}, {"attributes": {"defaultValue": "false", "optional": true, "name": "patch"}, "type": "param", "children": [{"attributes": {"text": "<p>enable refine/patch?</p>"}, "type": "desc"}, {"attributes": {}, "type": "types", "children": [{"attributes": {"type": "Boolean"}, "type": "entry"}]}]}]}, {"attributes": {"text": "<p>Validates the given property</p>"}, "type": "desc"}]}, {"attributes": {"access": "private", "line": 1619, "isStatic": true, "name": "__wrapConstructor"}, "type": "method", "children": [{"attributes": {}, "type": "params", "children": [{"attributes": {"name": "construct"}, "type": "param", "children": [{"attributes": {"text": "<p>the original constructor</p>"}, "type": "desc"}, {"attributes": {}, "type": "types", "children": [{"attributes": {"type": "Function"}, "type": "entry"}]}]}, {"attributes": {"name": "name"}, "type": "param", "children": [{"attributes": {"text": "<p>name of the class</p>"}, "type": "desc"}, {"attributes": {}, "type": "types", "children": [{"attributes": {"type": "String"}, "type": "entry"}]}]}, {"attributes": {"name": "type"}, "type": "param", "children": [{"attributes": {"text": "<p>the user specified class type</p>"}, "type": "desc"}, {"attributes": {}, "type": "types", "children": [{"attributes": {"type": "String"}, "type": "entry"}]}]}]}, {"attributes": {"text": "<p>Generate a wrapper of the original class constructor in order to enable\nsome of the advanced OO features (e.g. abstract class, singleton, mixins)</p>"}, "type": "desc"}, {"attributes": {}, "type": "return", "children": [{"attributes": {"text": "<p>The wrapped constructor</p>"}, "type": "desc"}, {"attributes": {}, "type": "types", "children": [{"attributes": {"type": "Function"}, "type": "entry"}]}]}]}, {"attributes": {"line": 157, "isStatic": true, "name": "define"}, "type": "method", "children": [{"attributes": {}, "type": "params", "children": [{"attributes": {"defaultValue": "null", "optional": true, "name": "name"}, "type": "param", "children": [{"attributes": {"text": "<p>Name of the class. If <code>null</code>, the class will not be added to any namespace which could be handy for testing.</p>"}, "type": "desc"}, {"attributes": {}, "type": "types", "children": [{"attributes": {"type": "String"}, "type": "entry"}]}]}, {"attributes": {"defaultValue": "null", "optional": true, "name": "config"}, "type": "param", "children": [{"attributes": {"text": "<p>Class definition structure. The configuration map has the following keys: <table> <tr><th>Name</th><th>Type</th><th>Description</th></tr> <tr><th>type</th><td>String</td><td> Type of the class. Valid types are &#8220;abstract&#8221;, &#8220;static&#8221; and &#8220;singleton&#8221;. If unset it defaults to a regular non-static class. </td></tr> <tr><th>extend</th><td>Class</td><td>The super class the current class inherits from.</td></tr> <tr><th>implement</th><td>Interface | Interface[]</td><td>Single interface or array of interfaces the class implements.</td></tr> <tr><th>include</th><td>Mixin | Mixin[]</td><td>Single mixin or array of mixins, which will be merged into the class.</td></tr> <tr><th>construct</th><td>Function</td><td>The constructor of the class.</td></tr> <tr><th>statics</th><td>Map</td><td>Map of static members of the class.</td></tr> <tr><th>properties</th><td>Map</td><td>Map of property definitions. For a description of the format of a property definition see {@link qx.core.Property}.</td></tr> <tr><th>members</th><td>Map</td><td>Map of instance members of the class.</td></tr> <tr><th>environment</th><td>Map</td><td>Map of environment settings for this class. For a description of the format of a setting see {@link qx.core.Environment}.</td></tr> <tr><th>events</th><td>Map</td><td> Map of events the class fires. The keys are the names of the events and the values are the corresponding event type class names. </td></tr> <tr><th>defer</th><td>Function</td><td>Function that is called at the end of processing the class declaration. It allows access to the declared statics, members and properties.</td></tr> <tr><th>destruct</th><td>Function</td><td>The destructor of the class.</td></tr> </table></p>"}, "type": "desc"}, {"attributes": {}, "type": "types", "children": [{"attributes": {"type": "Map"}, "type": "entry"}]}]}]}, {"attributes": {"text": "<p>Define a new class using the qooxdoo class system. This sets up the\nnamespace for the class and generates the class from the definition map.</p>\n\n<p>Example:</p>\n\n<pre class=\"javascript\">\nqx.Class.define(\"name\",\n{\n  extend : Object, // superclass\n  implement : [Interfaces],\n  include : [Mixins],\n\n  statics:\n  {\n    CONSTANT : 3.141,\n\n    publicMethod: function() {},\n    _protectedMethod: function() {},\n    __privateMethod: function() {}\n  },\n\n  properties:\n  {\n    \"tabIndex\": { check: \"Number\", init : -1 }\n  },\n\n  members:\n  {\n    publicField: \"foo\",\n    publicMethod: function() {},\n\n    _protectedField: \"bar\",\n    _protectedMethod: function() {},\n\n    __privateField: \"baz\",\n    __privateMethod: function() {}\n  }\n});\n</pre>"}, "type": "desc"}, {"attributes": {}, "type": "return", "children": [{"attributes": {"text": "<p>The defined class</p>"}, "type": "desc"}, {"attributes": {}, "type": "types", "children": [{"attributes": {"type": "Class"}, "type": "entry"}]}]}]}, {"attributes": {"access": "internal", "isInternal": true, "line": 704, "isStatic": true, "name": "genericToString"}, "type": "method", "children": [{"attributes": {"text": "<p>This method will be attached to all classes to return\na nice identifier for them.</p>"}, "type": "desc"}, {"attributes": {}, "type": "return", "children": [{"attributes": {"text": "<p>The class identifier</p>"}, "type": "desc"}, {"attributes": {}, "type": "types", "children": [{"attributes": {"type": "String"}, "type": "entry"}]}]}]}, {"attributes": {"line": 1, "isStatic": true, "name": "getByInterface"}, "type": "method", "children": [{"attributes": {}, "type": "params", "children": [{"attributes": {"name": "clazz"}, "type": "param", "children": [{"attributes": {"text": "<p>class to look for the interface</p>"}, "type": "desc"}, {"attributes": {}, "type": "types", "children": [{"attributes": {"type": "Class"}, "type": "entry"}]}]}, {"attributes": {"name": "iface"}, "type": "param", "children": [{"attributes": {"text": "<p>interface to look for</p>"}, "type": "desc"}, {"attributes": {}, "type": "types", "children": [{"attributes": {"type": "Interface"}, "type": "entry"}]}]}]}, {"attributes": {"text": "<p>Returns the class or one of its super classes which contains the\ndeclaration of the given interface. Returns null if the interface is not\nspecified anywhere.</p>"}, "type": "desc"}, {"attributes": {}, "type": "return", "children": [{"attributes": {"text": "<p>the class which directly implements the given interface</p>"}, "type": "desc"}, {"attributes": {}, "type": "types", "children": [{"attributes": {"type": "Class"}, "type": "entry"}, {"attributes": {"type": "null"}, "type": "entry"}]}]}]}, {"attributes": {"line": 523, "isStatic": true, "name": "getByMixin"}, "type": "method", "children": [{"attributes": {}, "type": "params", "children": [{"attributes": {"name": "clazz"}, "type": "param", "children": [{"attributes": {"text": "<p>class to look for the mixin</p>"}, "type": "desc"}, {"attributes": {}, "type": "types", "children": [{"attributes": {"type": "Class"}, "type": "entry"}]}]}, {"attributes": {"name": "mixin"}, "type": "param", "children": [{"attributes": {"text": "<p>mixin to look for</p>"}, "type": "desc"}, {"attributes": {}, "type": "types", "children": [{"attributes": {"type": "Mixin"}, "type": "entry"}]}]}]}, {"attributes": {"text": "<p>Returns the class or one of its superclasses which contains the\ndeclaration for the given mixin. Returns null if the mixin is not\nspecified anywhere.</p>"}, "type": "desc"}, {"attributes": {}, "type": "return", "children": [{"attributes": {"text": "<p>The class which directly includes the given mixin</p>"}, "type": "desc"}, {"attributes": {}, "type": "types", "children": [{"attributes": {"type": "Class"}, "type": "entry"}, {"attributes": {"type": "null"}, "type": "entry"}]}]}]}, {"attributes": {"line": 1, "isStatic": true, "name": "getByName"}, "type": "method", "children": [{"attributes": {}, "type": "params", "children": [{"attributes": {"name": "name"}, "type": "param", "children": [{"attributes": {"text": "<p>class name to resolve</p>"}, "type": "desc"}, {"attributes": {}, "type": "types", "children": [{"attributes": {"type": "String"}, "type": "entry"}]}]}]}, {"attributes": {"text": "<p>Find a class by its name</p>"}, "type": "desc"}, {"attributes": {}, "type": "return", "children": [{"attributes": {"text": "<p>the class</p>"}, "type": "desc"}, {"attributes": {}, "type": "types", "children": [{"attributes": {"type": "Class"}, "type": "entry"}]}]}]}, {"attributes": {"line": 453, "isStatic": true, "name": "getByProperty"}, "type": "method", "children": [{"attributes": {}, "type": "params", "children": [{"attributes": {"name": "clazz"}, "type": "param", "children": [{"attributes": {"text": "<p>class to look for the property</p>"}, "type": "desc"}, {"attributes": {}, "type": "types", "children": [{"attributes": {"type": "Class"}, "type": "entry"}]}]}, {"attributes": {"name": "name"}, "type": "param", "children": [{"attributes": {"text": "<p>name of the property</p>"}, "type": "desc"}, {"attributes": {}, "type": "types", "children": [{"attributes": {"type": "String"}, "type": "entry"}]}]}]}, {"attributes": {"text": "<p>Returns the class or one of its superclasses which contains the\ndeclaration for the given property in its class definition. Returns null\nif the property is not specified anywhere.</p>"}, "type": "desc"}, {"attributes": {}, "type": "return", "children": [{"attributes": {"text": "<p>The class which includes the property</p>"}, "type": "desc"}, {"attributes": {}, "type": "types", "children": [{"attributes": {"type": "Class"}, "type": "entry"}, {"attributes": {"type": "null"}, "type": "entry"}]}]}]}, {"attributes": {"line": 1, "isStatic": true, "name": "getEventType"}, "type": "method", "children": [{"attributes": {}, "type": "params", "children": [{"attributes": {"name": "clazz"}, "type": "param", "children": [{"attributes": {"text": "<p>class to check</p>"}, "type": "desc"}, {"attributes": {}, "type": "types", "children": [{"attributes": {"type": "Class"}, "type": "entry"}]}]}, {"attributes": {"name": "name"}, "type": "param", "children": [{"attributes": {"text": "<p>name of the event</p>"}, "type": "desc"}, {"attributes": {}, "type": "types", "children": [{"attributes": {"type": "String"}, "type": "entry"}]}]}]}, {"attributes": {"text": "<p>Returns the event type of the given event. Returns null if\nthe event does not exist.</p>"}, "type": "desc"}, {"attributes": {}, "type": "return", "children": [{"attributes": {"text": "<p>Event type of the given event.</p>"}, "type": "desc"}, {"attributes": {}, "type": "types", "children": [{"attributes": {"type": "String"}, "type": "entry"}, {"attributes": {"type": "null"}, "type": "entry"}]}]}]}, {"attributes": {"access": "internal", "isInternal": true, "line": 675, "isStatic": true, "name": "getInstance"}, "type": "method", "children": [{"attributes": {"text": "<p>Helper method to handle singletons</p>"}, "type": "desc"}, {"attributes": {}, "type": "return", "children": [{"attributes": {"text": "<p>The singleton instance</p>"}, "type": "desc"}, {"attributes": {}, "type": "types", "children": [{"attributes": {"type": "Object"}, "type": "entry"}]}]}]}, {"attributes": {"line": 605, "isStatic": true, "name": "getInterfaces"}, "type": "method", "children": [{"attributes": {}, "type": "params", "children": [{"attributes": {"name": "clazz"}, "type": "param", "children": [{"attributes": {"text": "<p>class which should be inspected</p>"}, "type": "desc"}, {"attributes": {}, "type": "types", "children": [{"attributes": {"type": "Class"}, "type": "entry"}]}]}]}, {"attributes": {"text": "<p>Returns a list of all interfaces a given class has to implement.</p>"}, "type": "desc"}, {"attributes": {}, "type": "return", "children": [{"attributes": {"text": "<p>array of interfaces this class implements</p>"}, "type": "desc"}, {"attributes": {}, "type": "types", "children": [{"attributes": {"type": "Interface", "dimensions": 1}, "type": "entry"}]}]}]}, {"attributes": {"line": 1, "isStatic": true, "name": "getMixins"}, "type": "method", "children": [{"attributes": {}, "type": "params", "children": [{"attributes": {"name": "clazz"}, "type": "param", "children": [{"attributes": {"text": "<p>class which should be inspected</p>"}, "type": "desc"}, {"attributes": {}, "type": "types", "children": [{"attributes": {"type": "Class"}, "type": "entry"}]}]}]}, {"attributes": {"text": "<p>Returns a list of all mixins available in a given class.</p>"}, "type": "desc"}, {"attributes": {}, "type": "return", "children": [{"attributes": {"text": "<p>array of mixins this class uses</p>"}, "type": "desc"}, {"attributes": {}, "type": "types", "children": [{"attributes": {"type": "Mixin", "dimensions": 1}, "type": "entry"}]}]}]}, {"attributes": {"line": 427, "isStatic": true, "name": "getProperties"}, "type": "method", "children": [{"attributes": {}, "type": "params", "children": [{"attributes": {"name": "clazz"}, "type": "param", "children": [{"attributes": {"text": "<p>Class to query</p>"}, "type": "desc"}, {"attributes": {}, "type": "types", "children": [{"attributes": {"type": "Class"}, "type": "entry"}]}]}]}, {"attributes": {"text": "<p>Returns a list of all properties supported by the given class</p>"}, "type": "desc"}, {"attributes": {}, "type": "return", "children": [{"attributes": {"text": "<p>List of all property names</p>"}, "type": "desc"}, {"attributes": {}, "type": "types", "children": [{"attributes": {"type": "String", "dimensions": 1}, "type": "entry"}]}]}]}, {"attributes": {"line": 1, "isStatic": true, "name": "getPropertyDefinition"}, "type": "method", "children": [{"attributes": {}, "type": "params", "children": [{"attributes": {"name": "clazz"}, "type": "param", "children": [{"attributes": {"text": "<p>class to check</p>"}, "type": "desc"}, {"attributes": {}, "type": "types", "children": [{"attributes": {"type": "Class"}, "type": "entry"}]}]}, {"attributes": {"name": "name"}, "type": "param", "children": [{"attributes": {"text": "<p>name of the class to check for</p>"}, "type": "desc"}, {"attributes": {}, "type": "types", "children": [{"attributes": {"type": "String"}, "type": "entry"}]}]}]}, {"attributes": {"text": "<p>Returns the definition of the given property. Returns null\nif the property does not exist.</p>"}, "type": "desc"}, {"attributes": {}, "type": "return", "children": [{"attributes": {"text": "<p>whether the object support the given event.</p>"}, "type": "desc"}, {"attributes": {}, "type": "types", "children": [{"attributes": {"type": "Map"}, "type": "entry"}, {"attributes": {"type": "null"}, "type": "entry"}]}]}]}, {"attributes": {"line": 317, "isStatic": true, "name": "getTotalNumber"}, "type": "method", "children": [{"attributes": {"text": "<p>Determine the total number of classes</p>"}, "type": "desc"}, {"attributes": {}, "type": "return", "children": [{"attributes": {"text": "<p>the total number of classes</p>"}, "type": "desc"}, {"attributes": {}, "type": "types", "children": [{"attributes": {"type": "Number"}, "type": "entry"}]}]}]}, {"attributes": {"line": 1, "isStatic": true, "name": "hasInterface"}, "type": "method", "children": [{"attributes": {}, "type": "params", "children": [{"attributes": {"name": "clazz"}, "type": "param", "children": [{"attributes": {"text": "<p>class to check</p>"}, "type": "desc"}, {"attributes": {}, "type": "types", "children": [{"attributes": {"type": "Class"}, "type": "entry"}]}]}, {"attributes": {"name": "iface"}, "type": "param", "children": [{"attributes": {"text": "<p>the interface to check for</p>"}, "type": "desc"}, {"attributes": {}, "type": "types", "children": [{"attributes": {"type": "Interface"}, "type": "entry"}]}]}]}, {"attributes": {"text": "<p>Whether a given class or any of its super classes includes a given interface.</p>\n\n<p>This function will return &#8220;true&#8221; if the interface was defined\nin the class declaration ({@link qx.Class#define}) of the class\nor any of its super classes using the &#8220;implement&#8221;\nkey.</p>"}, "type": "desc"}, {"attributes": {}, "type": "return", "children": [{"attributes": {"text": "<p>whether the class includes the interface.</p>"}, "type": "desc"}, {"attributes": {}, "type": "types", "children": [{"attributes": {"type": "Boolean"}, "type": "entry"}]}]}]}, {"attributes": {"line": 565, "isStatic": true, "name": "hasMixin"}, "type": "method", "children": [{"attributes": {}, "type": "params", "children": [{"attributes": {"name": "clazz"}, "type": "param", "children": [{"attributes": {"text": "<p>class to check</p>"}, "type": "desc"}, {"attributes": {}, "type": "types", "children": [{"attributes": {"type": "Class"}, "type": "entry"}]}]}, {"attributes": {"name": "mixin"}, "type": "param", "children": [{"attributes": {"text": "<p>the mixin to check for</p>"}, "type": "desc"}, {"attributes": {}, "type": "types", "children": [{"attributes": {"type": "Mixin"}, "type": "entry"}]}]}]}, {"attributes": {"text": "<p>Whether a given class or any of its superclasses includes a given mixin.</p>"}, "type": "desc"}, {"attributes": {}, "type": "return", "children": [{"attributes": {"text": "<p>whether the class includes the mixin.</p>"}, "type": "desc"}, {"attributes": {}, "type": "types", "children": [{"attributes": {"type": "Boolean"}, "type": "entry"}]}]}]}, {"attributes": {"line": 581, "isStatic": true, "name": "hasOwnInterface"}, "type": "method", "children": [{"attributes": {}, "type": "params", "children": [{"attributes": {"name": "clazz"}, "type": "param", "children": [{"attributes": {"text": "<p>class or instance to check</p>"}, "type": "desc"}, {"attributes": {}, "type": "types", "children": [{"attributes": {"type": "Class"}, "type": "entry"}]}]}, {"attributes": {"name": "iface"}, "type": "param", "children": [{"attributes": {"text": "<p>the interface to check for</p>"}, "type": "desc"}, {"attributes": {}, "type": "types", "children": [{"attributes": {"type": "Interface"}, "type": "entry"}]}]}]}, {"attributes": {"text": "<p>Whether a given class directly includes an interface.</p>\n\n<p>This function will only return &#8220;true&#8221; if the interface was defined\nin the class declaration ({@link qx.Class#define}) using the &#8220;implement&#8221;\nkey.</p>"}, "type": "desc"}, {"attributes": {}, "type": "return", "children": [{"attributes": {"text": "<p>whether the class includes the mixin directly.</p>"}, "type": "desc"}, {"attributes": {}, "type": "types", "children": [{"attributes": {"type": "Boolean"}, "type": "entry"}]}]}]}, {"attributes": {"line": 509, "isStatic": true, "name": "hasOwnMixin"}, "type": "method", "children": [{"attributes": {}, "type": "params", "children": [{"attributes": {"name": "clazz"}, "type": "param", "children": [{"attributes": {"text": "<p>class to check</p>"}, "type": "desc"}, {"attributes": {}, "type": "types", "children": [{"attributes": {"type": "Class"}, "type": "entry"}]}]}, {"attributes": {"name": "mixin"}, "type": "param", "children": [{"attributes": {"text": "<p>the mixin to check for</p>"}, "type": "desc"}, {"attributes": {}, "type": "types", "children": [{"attributes": {"type": "Mixin"}, "type": "entry"}]}]}]}, {"attributes": {"text": "<p>Whether a class directly includes a mixin.</p>"}, "type": "desc"}, {"attributes": {}, "type": "return", "children": [{"attributes": {"text": "<p>whether the class includes the mixin directly.</p>"}, "type": "desc"}, {"attributes": {}, "type": "types", "children": [{"attributes": {"type": "Boolean"}, "type": "entry"}]}]}]}, {"attributes": {"line": 1, "isStatic": true, "name": "hasProperty"}, "type": "method", "children": [{"attributes": {}, "type": "params", "children": [{"attributes": {"name": "clazz"}, "type": "param", "children": [{"attributes": {"text": "<p>class to check</p>"}, "type": "desc"}, {"attributes": {}, "type": "types", "children": [{"attributes": {"type": "Class"}, "type": "entry"}]}]}, {"attributes": {"name": "name"}, "type": "param", "children": [{"attributes": {"text": "<p>name of the property to check for</p>"}, "type": "desc"}, {"attributes": {}, "type": "types", "children": [{"attributes": {"type": "String"}, "type": "entry"}]}]}]}, {"attributes": {"text": "<p>Whether a class has the given property</p>"}, "type": "desc"}, {"attributes": {}, "type": "return", "children": [{"attributes": {"text": "<p>whether the class includes the given property.</p>"}, "type": "desc"}, {"attributes": {}, "type": "types", "children": [{"attributes": {"type": "Boolean"}, "type": "entry"}]}]}]}, {"attributes": {"line": 649, "isStatic": true, "name": "implementsInterface"}, "type": "method", "children": [{"attributes": {}, "type": "params", "children": [{"attributes": {"name": "obj"}, "type": "param", "children": [{"attributes": {"text": "<p>class to check</p>"}, "type": "desc"}, {"attributes": {}, "type": "types", "children": [{"attributes": {"type": "Object"}, "type": "entry"}]}]}, {"attributes": {"name": "iface"}, "type": "param", "children": [{"attributes": {"text": "<p>the interface to check for</p>"}, "type": "desc"}, {"attributes": {}, "type": "types", "children": [{"attributes": {"type": "Interface"}, "type": "entry"}]}]}]}, {"attributes": {"text": "<p>Whether a given class complies to an interface.</p>\n\n<p>Checks whether all methods defined in the interface are\nimplemented. The class does not need to implement\nthe interface explicitly in the <code>extend</code> key.</p>"}, "type": "desc"}, {"attributes": {}, "type": "return", "children": [{"attributes": {"text": "<p>whether the class conforms to the interface.</p>"}, "type": "desc"}, {"attributes": {}, "type": "types", "children": [{"attributes": {"type": "Boolean"}, "type": "entry"}]}]}]}, {"attributes": {"line": 340, "isStatic": true, "name": "include"}, "type": "method", "children": [{"attributes": {}, "type": "params", "children": [{"attributes": {"name": "clazz"}, "type": "param", "children": [{"attributes": {"text": "<p>An existing class which should be augmented by including a mixin.</p>"}, "type": "desc"}, {"attributes": {}, "type": "types", "children": [{"attributes": {"type": "Class"}, "type": "entry"}]}]}, {"attributes": {"name": "mixin"}, "type": "param", "children": [{"attributes": {"text": "<p>The mixin to be included.</p>"}, "type": "desc"}, {"attributes": {}, "type": "types", "children": [{"attributes": {"type": "Mixin"}, "type": "entry"}]}]}]}, {"attributes": {"text": "<p>Include all features of the given mixin into the class. The mixin must\nnot include any methods or properties that are already available in the\nclass. This would only be possible using the {@link #patch} method.</p>"}, "type": "desc"}]}, {"attributes": {"line": 1, "isStatic": true, "name": "isDefined"}, "type": "method", "children": [{"attributes": {}, "type": "params", "children": [{"attributes": {"name": "name"}, "type": "param", "children": [{"attributes": {"text": "<p>class name to check</p>"}, "type": "desc"}, {"attributes": {}, "type": "types", "children": [{"attributes": {"type": "String"}, "type": "entry"}]}]}]}, {"attributes": {"text": "<p>Whether the given class exists</p>"}, "type": "desc"}, {"attributes": {}, "type": "return", "children": [{"attributes": {"text": "<p>true if class exists</p>"}, "type": "desc"}, {"attributes": {}, "type": "types", "children": [{"attributes": {"type": "Boolean"}, "type": "entry"}]}]}]}, {"attributes": {"line": 391, "isStatic": true, "name": "isSubClassOf"}, "type": "method", "children": [{"attributes": {}, "type": "params", "children": [{"attributes": {"name": "clazz"}, "type": "param", "children": [{"attributes": {"text": "<p>the class to check.</p>"}, "type": "desc"}, {"attributes": {}, "type": "types", "children": [{"attributes": {"type": "Class"}, "type": "entry"}]}]}, {"attributes": {"name": "superClass"}, "type": "param", "children": [{"attributes": {"text": "<p>the potential super class</p>"}, "type": "desc"}, {"attributes": {}, "type": "types", "children": [{"attributes": {"type": "Class"}, "type": "entry"}]}]}]}, {"attributes": {"text": "<p>Whether a class is a direct or indirect sub class of another class,\nor both classes coincide.</p>"}, "type": "desc"}, {"attributes": {}, "type": "return", "children": [{"attributes": {"text": "<p>whether clazz is a sub class of superClass.</p>"}, "type": "desc"}, {"attributes": {}, "type": "types", "children": [{"attributes": {"type": "Boolean"}, "type": "entry"}]}]}]}, {"attributes": {"line": 368, "isStatic": true, "name": "patch"}, "type": "method", "children": [{"attributes": {}, "type": "params", "children": [{"attributes": {"name": "clazz"}, "type": "param", "children": [{"attributes": {"text": "<p>An existing class which should be modified by including a mixin.</p>"}, "type": "desc"}, {"attributes": {}, "type": "types", "children": [{"attributes": {"type": "Class"}, "type": "entry"}]}]}, {"attributes": {"name": "mixin"}, "type": "param", "children": [{"attributes": {"text": "<p>The mixin to be included.</p>"}, "type": "desc"}, {"attributes": {}, "type": "types", "children": [{"attributes": {"type": "Mixin"}, "type": "entry"}]}]}]}, {"attributes": {"text": "<p>Include all features of the given mixin into the class. The mixin may\ninclude features, which are already defined in the target class. Existing\nfeatures of equal name will be overwritten.\nPlease keep in mind that this functionality is not intended for regular\nuse, but as a formalized way (and a last resort) in order to patch\nexisting classes.</p>\n\n<b>WARNING</b>: You may break working classes and features."}, "type": "desc"}]}, {"attributes": {"line": 1, "isStatic": true, "name": "supportsEvent"}, "type": "method", "children": [{"attributes": {}, "type": "params", "children": [{"attributes": {"name": "clazz"}, "type": "param", "children": [{"attributes": {"text": "<p>class to check</p>"}, "type": "desc"}, {"attributes": {}, "type": "types", "children": [{"attributes": {"type": "Class"}, "type": "entry"}]}]}, {"attributes": {"name": "name"}, "type": "param", "children": [{"attributes": {"text": "<p>name of the event to check for</p>"}, "type": "desc"}, {"attributes": {}, "type": "types", "children": [{"attributes": {"type": "String"}, "type": "entry"}]}]}]}, {"attributes": {"text": "<p>Whether a class supports the given event type</p>"}, "type": "desc"}, {"attributes": {}, "type": "return", "children": [{"attributes": {"text": "<p>whether the class supports the given event.</p>"}, "type": "desc"}, {"attributes": {}, "type": "types", "children": [{"attributes": {"type": "Boolean"}, "type": "entry"}]}]}]}, {"attributes": {"line": 277, "isStatic": true, "name": "undefine"}, "type": "method", "children": [{"attributes": {}, "type": "params", "children": [{"attributes": {"name": "name"}, "type": "param", "children": [{"attributes": {"text": "<p>Name of the class</p>"}, "type": "desc"}, {"attributes": {}, "type": "types", "children": [{"attributes": {"type": "String"}, "type": "entry"}]}]}]}, {"attributes": {"text": "<p>Removes a class from qooxdoo defined by {@link #define}</p>"}, "type": "desc"}]}]}, {"attributes": {}, "type": "constants", "children": [{"attributes": {"access": "private", "name": "__Property"}, "type": "constant", "children": [{"attributes": {"text": "<p>A static reference to the property implementation in the case it\nshould be included.</p>"}, "type": "desc"}]}, {"attributes": {"access": "private", "name": "__staticAllowedKeys"}, "type": "constant", "children": [{"attributes": {"text": "<p>allowed keys in static class definition</p>"}, "type": "desc"}, {"attributes": {}, "type": "types", "children": [{"attributes": {"type": "Map"}, "type": "entry"}]}]}, {"attributes": {"access": "private", "name": "__allowedKeys"}, "type": "constant", "children": [{"attributes": {"text": "<p>allowed keys in non-static class definition</p>"}, "type": "desc"}, {"attributes": {}, "type": "types", "children": [{"attributes": {"type": "Map"}, "type": "entry"}]}]}]}]}