{"attributes": {"fullName": "qx.dom.Element", "packageName": "qx.dom", "isStatic": true, "type": "bootstrap", "name": "Element"}, "type": "class", "children": [{"attributes": {"text": "<p>Manages children structures of an element. Easy and convenient APIs\nto insert, remove and replace children.</p>"}, "type": "desc"}, {"attributes": {}, "type": "methods-static", "children": [{"attributes": {"line": 377, "isStatic": true, "name": "create"}, "type": "method", "children": [{"attributes": {}, "type": "params", "children": [{"attributes": {"name": "name"}, "type": "param", "children": [{"attributes": {"text": "<p>Tag name of the element</p>"}, "type": "desc"}, {"attributes": {}, "type": "types", "children": [{"attributes": {"type": "String"}, "type": "entry"}]}]}, {"attributes": {"optional": true, "name": "attributes"}, "type": "param", "children": [{"attributes": {"text": "<p>Map of attributes to apply</p>"}, "type": "desc"}, {"attributes": {}, "type": "types", "children": [{"attributes": {"type": "Map"}, "type": "entry"}]}]}, {"attributes": {"optional": true, "name": "win"}, "type": "param", "children": [{"attributes": {"text": "<p>Window to create the element for</p>"}, "type": "desc"}, {"attributes": {}, "type": "types", "children": [{"attributes": {"type": "Window"}, "type": "entry"}]}]}]}, {"attributes": {"text": "<p>Creates a <span class=\"caps\">DOM</span> element.</p>"}, "type": "desc"}, {"attributes": {}, "type": "return", "children": [{"attributes": {"text": "<p>The created element node</p>"}, "type": "desc"}, {"attributes": {}, "type": "types", "children": [{"attributes": {"type": "Element"}, "type": "entry"}]}]}]}, {"attributes": {"line": 404, "isStatic": true, "name": "empty"}, "type": "method", "children": [{"attributes": {}, "type": "params", "children": [{"attributes": {"name": "element"}, "type": "param", "children": [{"attributes": {"text": "<p>element to clean</p>"}, "type": "desc"}, {"attributes": {}, "type": "types", "children": [{"attributes": {"type": "Element"}, "type": "entry"}]}]}]}, {"attributes": {"text": "<p>Removes all content from the given element</p>"}, "type": "desc"}, {"attributes": {}, "type": "return", "children": [{"attributes": {"text": "<p>empty string (new <span class=\"caps\">HTML</span> content)</p>"}, "type": "desc"}, {"attributes": {}, "type": "types", "children": [{"attributes": {"type": "String"}, "type": "entry"}]}]}]}, {"attributes": {"line": 343, "isStatic": true, "name": "getHelperElement"}, "type": "method", "children": [{"attributes": {}, "type": "params", "children": [{"attributes": {"optional": true, "name": "win"}, "type": "param", "children": [{"attributes": {"text": "<p>Window to create the element for</p>"}, "type": "desc"}, {"attributes": {}, "type": "types", "children": [{"attributes": {"type": "Window"}, "type": "entry"}]}]}]}, {"attributes": {"text": "<p>Creates and returns a <span class=\"caps\">DOM</span> helper element.</p>"}, "type": "desc"}, {"attributes": {}, "type": "return", "children": [{"attributes": {"text": "<p>The created element node</p>"}, "type": "desc"}, {"attributes": {}, "type": "types", "children": [{"attributes": {"type": "Element"}, "type": "entry"}]}]}]}, {"attributes": {"line": 80, "isStatic": true, "name": "getParentElement"}, "type": "method", "children": [{"attributes": {}, "type": "params", "children": [{"attributes": {"name": "element"}, "type": "param", "children": [{"attributes": {"text": "<p>Element to find the parent for</p>"}, "type": "desc"}, {"attributes": {}, "type": "types", "children": [{"attributes": {"type": "Element"}, "type": "entry"}]}]}]}, {"attributes": {"text": "<p>Returns the parent element of the given element.</p>"}, "type": "desc"}, {"attributes": {}, "type": "return", "children": [{"attributes": {"text": "<p>The parent element</p>"}, "type": "desc"}, {"attributes": {}, "type": "types", "children": [{"attributes": {"type": "Element"}, "type": "entry"}]}]}]}, {"attributes": {"line": 35, "isStatic": true, "name": "hasChild"}, "type": "method", "children": [{"attributes": {}, "type": "params", "children": [{"attributes": {"name": "parent"}, "type": "param", "children": [{"attributes": {"text": "<p>parent element</p>"}, "type": "desc"}, {"attributes": {}, "type": "types", "children": [{"attributes": {"type": "Element"}, "type": "entry"}]}]}, {"attributes": {"name": "child"}, "type": "param", "children": [{"attributes": {"text": "<p>child node</p>"}, "type": "desc"}, {"attributes": {}, "type": "types", "children": [{"attributes": {"type": "Node"}, "type": "entry"}]}]}]}, {"attributes": {"text": "<p>Whether the given <code>child</code> is a child of <code>parent</code></p>"}, "type": "desc"}, {"attributes": {}, "type": "return", "children": [{"attributes": {"text": "<p>true when the given <code>child</code> is a child of <code>parent</code></p>"}, "type": "desc"}, {"attributes": {}, "type": "types", "children": [{"attributes": {"type": "Boolean"}, "type": "entry"}]}]}]}, {"attributes": {"line": 57, "isStatic": true, "name": "hasChildElements"}, "type": "method", "children": [{"attributes": {}, "type": "params", "children": [{"attributes": {"name": "element"}, "type": "param", "children": [{"attributes": {"text": "<p>element to test</p>"}, "type": "desc"}, {"attributes": {}, "type": "types", "children": [{"attributes": {"type": "Element"}, "type": "entry"}]}]}]}, {"attributes": {"text": "<p>Whether the given <code>element</code> has any child elements.</p>"}, "type": "desc"}, {"attributes": {}, "type": "return", "children": [{"attributes": {"text": "<p>true when the given <code>element</code> has at least one child element</p>"}, "type": "desc"}, {"attributes": {}, "type": "types", "children": [{"attributes": {"type": "Boolean"}, "type": "entry"}]}]}]}, {"attributes": {"line": 46, "isStatic": true, "name": "hasChildren"}, "type": "method", "children": [{"attributes": {}, "type": "params", "children": [{"attributes": {"name": "element"}, "type": "param", "children": [{"attributes": {"text": "<p>element to test</p>"}, "type": "desc"}, {"attributes": {}, "type": "types", "children": [{"attributes": {"type": "Element"}, "type": "entry"}]}]}]}, {"attributes": {"text": "<p>Whether the given <code>element</code> has children.</p>"}, "type": "desc"}, {"attributes": {}, "type": "return", "children": [{"attributes": {"text": "<p>true when the given <code>element</code> has at least one child node</p>"}, "type": "desc"}, {"attributes": {}, "type": "types", "children": [{"attributes": {"type": "Boolean"}, "type": "entry"}]}]}]}, {"attributes": {"line": 196, "isStatic": true, "name": "insertAfter"}, "type": "method", "children": [{"attributes": {}, "type": "params", "children": [{"attributes": {"name": "node"}, "type": "param", "children": [{"attributes": {"text": "<p>Node to insert</p>"}, "type": "desc"}, {"attributes": {}, "type": "types", "children": [{"attributes": {"type": "Node"}, "type": "entry"}]}]}, {"attributes": {"name": "ref"}, "type": "param", "children": [{"attributes": {"text": "<p>Node which will be used as reference for insertion</p>"}, "type": "desc"}, {"attributes": {}, "type": "types", "children": [{"attributes": {"type": "Node"}, "type": "entry"}]}]}]}, {"attributes": {"text": "<p>Inserts <code>node</code> after <code>ref</code> in the same parent.</p>"}, "type": "desc"}, {"attributes": {}, "type": "return", "children": [{"attributes": {"text": "<p>returns true (successful)</p>"}, "type": "desc"}, {"attributes": {}, "type": "types", "children": [{"attributes": {"type": "Boolean"}, "type": "entry"}]}]}]}, {"attributes": {"line": 129, "isStatic": true, "name": "insertAt"}, "type": "method", "children": [{"attributes": {}, "type": "params", "children": [{"attributes": {"name": "node"}, "type": "param", "children": [{"attributes": {"text": "<p>node to insert</p>"}, "type": "desc"}, {"attributes": {}, "type": "types", "children": [{"attributes": {"type": "Node"}, "type": "entry"}]}]}, {"attributes": {"name": "parent"}, "type": "param", "children": [{"attributes": {"text": "<p>parent element node</p>"}, "type": "desc"}, {"attributes": {}, "type": "types", "children": [{"attributes": {"type": "Element"}, "type": "entry"}]}]}, {"attributes": {"name": "index"}, "type": "param", "children": [{"attributes": {"text": "<p>where to insert</p>"}, "type": "desc"}, {"attributes": {}, "type": "types", "children": [{"attributes": {"type": "Integer"}, "type": "entry"}]}]}]}, {"attributes": {"text": "<p>Inserts <code>node</code> at the given <code>index</code>\ninside <code>parent</code>.</p>"}, "type": "desc"}, {"attributes": {}, "type": "return", "children": [{"attributes": {"text": "<p>returns true (successful)</p>"}, "type": "desc"}, {"attributes": {}, "type": "types", "children": [{"attributes": {"type": "Boolean"}, "type": "entry"}]}]}]}, {"attributes": {"line": 182, "isStatic": true, "name": "insertBefore"}, "type": "method", "children": [{"attributes": {}, "type": "params", "children": [{"attributes": {"name": "node"}, "type": "param", "children": [{"attributes": {"text": "<p>Node to insert</p>"}, "type": "desc"}, {"attributes": {}, "type": "types", "children": [{"attributes": {"type": "Node"}, "type": "entry"}]}]}, {"attributes": {"name": "ref"}, "type": "param", "children": [{"attributes": {"text": "<p>Node which will be used as reference for insertion</p>"}, "type": "desc"}, {"attributes": {}, "type": "types", "children": [{"attributes": {"type": "Node"}, "type": "entry"}]}]}]}, {"attributes": {"text": "<p>Inserts <code>node</code> before <code>ref</code> in the same parent.</p>"}, "type": "desc"}, {"attributes": {}, "type": "return", "children": [{"attributes": {"text": "<p>returns true (successful)</p>"}, "type": "desc"}, {"attributes": {}, "type": "types", "children": [{"attributes": {"type": "Boolean"}, "type": "entry"}]}]}]}, {"attributes": {"line": 151, "isStatic": true, "name": "insertBegin"}, "type": "method", "children": [{"attributes": {}, "type": "params", "children": [{"attributes": {"name": "node"}, "type": "param", "children": [{"attributes": {"text": "<p>Node to insert</p>"}, "type": "desc"}, {"attributes": {}, "type": "types", "children": [{"attributes": {"type": "Node"}, "type": "entry"}]}]}, {"attributes": {"name": "parent"}, "type": "param", "children": [{"attributes": {"text": "<p>parent element node</p>"}, "type": "desc"}, {"attributes": {}, "type": "types", "children": [{"attributes": {"type": "Element"}, "type": "entry"}]}]}]}, {"attributes": {"text": "<p>Insert <code>node</code> into <code>parent</code> as first child.\nIndexes of other children will be incremented by one.</p>"}, "type": "desc"}, {"attributes": {}, "type": "return", "children": [{"attributes": {"text": "<p>returns true (successful)</p>"}, "type": "desc"}, {"attributes": {}, "type": "types", "children": [{"attributes": {"type": "Boolean"}, "type": "entry"}]}]}]}, {"attributes": {"line": 169, "isStatic": true, "name": "insertEnd"}, "type": "method", "children": [{"attributes": {}, "type": "params", "children": [{"attributes": {"name": "node"}, "type": "param", "children": [{"attributes": {"text": "<p>Node to insert</p>"}, "type": "desc"}, {"attributes": {}, "type": "types", "children": [{"attributes": {"type": "Node"}, "type": "entry"}]}]}, {"attributes": {"name": "parent"}, "type": "param", "children": [{"attributes": {"text": "<p>parent element node</p>"}, "type": "desc"}, {"attributes": {}, "type": "types", "children": [{"attributes": {"type": "Element"}, "type": "entry"}]}]}]}, {"attributes": {"text": "<p>Insert <code>node</code> into <code>parent</code> as last child.</p>"}, "type": "desc"}, {"attributes": {}, "type": "return", "children": [{"attributes": {"text": "<p>returns true (successful)</p>"}, "type": "desc"}, {"attributes": {}, "type": "types", "children": [{"attributes": {"type": "Boolean"}, "type": "entry"}]}]}]}, {"attributes": {"line": 94, "isStatic": true, "name": "isInDom"}, "type": "method", "children": [{"attributes": {}, "type": "params", "children": [{"attributes": {"name": "element"}, "type": "param", "children": [{"attributes": {"text": "<p>The <span class=\"caps\">DOM</span> element to check.</p>"}, "type": "desc"}, {"attributes": {}, "type": "types", "children": [{"attributes": {"type": "Element"}, "type": "entry"}]}]}, {"attributes": {"name": "win"}, "type": "param", "children": [{"attributes": {"text": "<p>The window to check for.</p>"}, "type": "desc"}, {"attributes": {}, "type": "types", "children": [{"attributes": {"type": "Window"}, "type": "entry"}]}]}]}, {"attributes": {"text": "<p>Checks if the <code>element</code> is in the <span class=\"caps\">DOM</span>, but note that\nthe method is very expensive!</p>"}, "type": "desc"}, {"attributes": {}, "type": "return", "children": [{"attributes": {"text": "<code>true</code> if the <code>element</code> is in the DOM, <code>false</code> otherwise."}, "type": "desc"}, {"attributes": {}, "type": "types", "children": [{"attributes": {"type": "Boolean"}, "type": "entry"}]}]}]}, {"attributes": {"line": 226, "isStatic": true, "name": "remove"}, "type": "method", "children": [{"attributes": {}, "type": "params", "children": [{"attributes": {"name": "node"}, "type": "param", "children": [{"attributes": {"text": "<p>Node to remove</p>"}, "type": "desc"}, {"attributes": {}, "type": "types", "children": [{"attributes": {"type": "Node"}, "type": "entry"}]}]}]}, {"attributes": {"text": "<p>Removes the given <code>node</code> from its parent element.</p>"}, "type": "desc"}, {"attributes": {}, "type": "return", "children": [{"attributes": {"text": "<code>true</code> when node was successfully removed, otherwise <code>false</code>"}, "type": "desc"}, {"attributes": {}, "type": "types", "children": [{"attributes": {"type": "Boolean"}, "type": "entry"}]}]}]}, {"attributes": {"line": 245, "isStatic": true, "name": "removeChild"}, "type": "method", "children": [{"attributes": {}, "type": "params", "children": [{"attributes": {"name": "node"}, "type": "param", "children": [{"attributes": {"text": "<p>Node to remove</p>"}, "type": "desc"}, {"attributes": {}, "type": "types", "children": [{"attributes": {"type": "Node"}, "type": "entry"}]}]}, {"attributes": {"name": "parent"}, "type": "param", "children": [{"attributes": {"text": "<p>parent element which contains the <code>node</code></p>"}, "type": "desc"}, {"attributes": {}, "type": "types", "children": [{"attributes": {"type": "Element"}, "type": "entry"}]}]}]}, {"attributes": {"text": "<p>Removes the given <code>node</code> from the <code>parent</code>.</p>"}, "type": "desc"}, {"attributes": {}, "type": "return", "children": [{"attributes": {"text": "<code>true</code> when node was successfully removed, otherwise <code>false</code>"}, "type": "desc"}, {"attributes": {}, "type": "types", "children": [{"attributes": {"type": "Boolean"}, "type": "entry"}]}]}]}, {"attributes": {"line": 265, "isStatic": true, "name": "removeChildAt"}, "type": "method", "children": [{"attributes": {}, "type": "params", "children": [{"attributes": {"name": "index"}, "type": "param", "children": [{"attributes": {"text": "<p>position of the node which should be removed</p>"}, "type": "desc"}, {"attributes": {}, "type": "types", "children": [{"attributes": {"type": "Integer"}, "type": "entry"}]}]}, {"attributes": {"name": "parent"}, "type": "param", "children": [{"attributes": {"text": "<p>parent <span class=\"caps\">DOM</span> element</p>"}, "type": "desc"}, {"attributes": {}, "type": "types", "children": [{"attributes": {"type": "Element"}, "type": "entry"}]}]}]}, {"attributes": {"text": "<p>Removes the node at the given <code>index</code>\nfrom the <code>parent</code>.</p>"}, "type": "desc"}, {"attributes": {}, "type": "return", "children": [{"attributes": {"text": "<code>true</code> when node was successfully removed, otherwise <code>false</code>"}, "type": "desc"}, {"attributes": {}, "type": "types", "children": [{"attributes": {"type": "Boolean"}, "type": "entry"}]}]}]}, {"attributes": {"line": 315, "isStatic": true, "name": "replaceAt"}, "type": "method", "children": [{"attributes": {}, "type": "params", "children": [{"attributes": {"name": "newNode"}, "type": "param", "children": [{"attributes": {"text": "<p><span class=\"caps\">DOM</span> node to insert</p>"}, "type": "desc"}, {"attributes": {}, "type": "types", "children": [{"attributes": {"type": "Node"}, "type": "entry"}]}]}, {"attributes": {"name": "index"}, "type": "param", "children": [{"attributes": {"text": "<p>position of old <span class=\"caps\">DOM</span> node</p>"}, "type": "desc"}, {"attributes": {}, "type": "types", "children": [{"attributes": {"type": "Integer"}, "type": "entry"}]}]}, {"attributes": {"name": "parent"}, "type": "param", "children": [{"attributes": {"text": "<p>parent <span class=\"caps\">DOM</span> element</p>"}, "type": "desc"}, {"attributes": {}, "type": "types", "children": [{"attributes": {"type": "Element"}, "type": "entry"}]}]}]}, {"attributes": {"text": "<p>Replaces the node at <code>index</code> with <code>newNode</code> in\nthe given parent.</p>"}, "type": "desc"}, {"attributes": {}, "type": "return", "children": [{"attributes": {"text": "<code>true</code> when node was successfully replaced"}, "type": "desc"}, {"attributes": {}, "type": "types", "children": [{"attributes": {"type": "Boolean"}, "type": "entry"}]}]}]}, {"attributes": {"line": 295, "isStatic": true, "name": "replaceChild"}, "type": "method", "children": [{"attributes": {}, "type": "params", "children": [{"attributes": {"name": "newNode"}, "type": "param", "children": [{"attributes": {"text": "<p><span class=\"caps\">DOM</span> node to insert</p>"}, "type": "desc"}, {"attributes": {}, "type": "types", "children": [{"attributes": {"type": "Node"}, "type": "entry"}]}]}, {"attributes": {"name": "oldNode"}, "type": "param", "children": [{"attributes": {"text": "<p><span class=\"caps\">DOM</span> node to remove</p>"}, "type": "desc"}, {"attributes": {}, "type": "types", "children": [{"attributes": {"type": "Node"}, "type": "entry"}]}]}]}, {"attributes": {"text": "<p>Replaces <code>oldNode</code> with <code>newNode</code> in the current\nparent of <code>oldNode</code>.</p>"}, "type": "desc"}, {"attributes": {}, "type": "return", "children": [{"attributes": {"text": "<code>true</code> when node was successfully replaced"}, "type": "desc"}, {"attributes": {}, "type": "types", "children": [{"attributes": {"type": "Boolean"}, "type": "entry"}]}]}]}]}, {"attributes": {}, "type": "constants", "children": [{"attributes": {"access": "internal", "isInternal": true, "name": "__helperElement"}, "type": "constant", "children": [{"attributes": {"text": "<p>Stores helper element for element creation in WebKit</p>"}, "type": "desc"}]}]}]}