{"attributes": {"packageName": "qx.data", "type": "interface", "fullName": "qx.data.IListData", "name": "IListData"}, "type": "class", "children": [{"attributes": {"text": "<p>This interface defines a data structure compatible with the data binding\ncontrollers.\nIt defines a minimum of functionality which the controller need to work.</p>"}, "type": "desc"}, {"attributes": {}, "type": "events", "children": [{"attributes": {"name": "change"}, "type": "event", "children": [{"attributes": {"text": "<p>The change event which will be fired if there is a change in the data\nstructure.The data should contain a map with three key value pairs:\n<li>start: The start index of the change.</li>\n<li>end: The end index of the change.</li>\n<li>type: The type of the change as a String. This can be &#8216;add&#8217;,\n&#8216;remove&#8217; or &#8216;order&#8217;</li>\n<li>item: The item which has been changed.</li></p>"}, "type": "desc"}, {"attributes": {}, "type": "types", "children": [{"attributes": {"type": "qx.event.type.Data"}, "type": "entry"}]}]}, {"attributes": {"name": "changeLength"}, "type": "event", "children": [{"attributes": {"text": "<p>The changeLength event will be fired every time the length of the\ndata structure changes.</p>"}, "type": "desc"}, {"attributes": {}, "type": "types", "children": [{"attributes": {"type": "qx.event.type.Event"}, "type": "entry"}]}]}]}, {"attributes": {}, "type": "methods", "children": [{"attributes": {"line": 90, "name": "contains"}, "type": "method", "children": [{"attributes": {}, "type": "params", "children": [{"attributes": {"name": "item"}, "type": "param", "children": [{"attributes": {"text": "<p>The item which is possibly in the data structure.</p>"}, "type": "desc"}, {"attributes": {}, "type": "types", "children": [{"attributes": {"type": "var"}, "type": "entry"}]}]}]}, {"attributes": {"text": "<p>Check if the given item is in the current data structure.</p>"}, "type": "desc"}, {"attributes": {}, "type": "return", "children": [{"attributes": {"text": "<p>true, if the array contains the given item.</p>"}, "type": "desc"}, {"attributes": {}, "type": "types", "children": [{"attributes": {"type": "Boolean"}, "type": "entry"}]}]}]}, {"attributes": {"line": 57, "name": "getItem"}, "type": "method", "children": [{"attributes": {}, "type": "params", "children": [{"attributes": {"name": "index"}, "type": "param", "children": [{"attributes": {"text": "<p>The index requested of the data element.</p>"}, "type": "desc"}, {"attributes": {}, "type": "types", "children": [{"attributes": {"type": "Number"}, "type": "entry"}]}]}]}, {"attributes": {"text": "<p>Returns the item at the given index</p>"}, "type": "desc"}, {"attributes": {}, "type": "return", "children": [{"attributes": {"text": "<p>The element at the given index.</p>"}, "type": "desc"}, {"attributes": {}, "type": "types", "children": [{"attributes": {"type": "var"}, "type": "entry"}]}]}]}, {"attributes": {"line": 98, "name": "getLength"}, "type": "method", "children": [{"attributes": {"text": "<p>Returns the current length of the data structure.</p>"}, "type": "desc"}, {"attributes": {}, "type": "return", "children": [{"attributes": {"text": "<p>The current length of the data structure.</p>"}, "type": "desc"}, {"attributes": {}, "type": "types", "children": [{"attributes": {"type": "Number"}, "type": "entry"}]}]}]}, {"attributes": {"line": 67, "name": "setItem"}, "type": "method", "children": [{"attributes": {}, "type": "params", "children": [{"attributes": {"name": "index"}, "type": "param", "children": [{"attributes": {"text": "<p>The index of the data element.</p>"}, "type": "desc"}, {"attributes": {}, "type": "types", "children": [{"attributes": {"type": "Number"}, "type": "entry"}]}]}, {"attributes": {"name": "item"}, "type": "param", "children": [{"attributes": {"text": "<p>The new item to set.</p>"}, "type": "desc"}, {"attributes": {}, "type": "types", "children": [{"attributes": {"type": "var"}, "type": "entry"}]}]}]}, {"attributes": {"text": "<p>Sets the given item at the given position in the data structure. A\nchange event has to be fired.</p>"}, "type": "desc"}]}, {"attributes": {"line": 81, "name": "splice"}, "type": "method", "children": [{"attributes": {}, "type": "params", "children": [{"attributes": {"name": "startIndex"}, "type": "param", "children": [{"attributes": {"text": "<p>The index where the splice should start</p>"}, "type": "desc"}, {"attributes": {}, "type": "types", "children": [{"attributes": {"type": "Integer"}, "type": "entry"}]}]}, {"attributes": {"name": "amount"}, "type": "param", "children": [{"attributes": {"text": "<p>Defines number of element which will be removed at the given position.</p>"}, "type": "desc"}, {"attributes": {}, "type": "types", "children": [{"attributes": {"type": "Integer"}, "type": "entry"}]}]}, {"attributes": {"name": "varargs"}, "type": "param", "children": [{"attributes": {"text": "<p>All following parameters will be added at the given position to the array.</p>"}, "type": "desc"}, {"attributes": {}, "type": "types", "children": [{"attributes": {"type": "var"}, "type": "entry"}]}]}]}, {"attributes": {"text": "<p>Method to remove and add new element to the data. For every remove or\nadd a change event should be fired.</p>"}, "type": "desc"}, {"attributes": {}, "type": "return", "children": [{"attributes": {"text": "<p>An array containing the removed elements.</p>"}, "type": "desc"}, {"attributes": {}, "type": "types", "children": [{"attributes": {"type": "qx.data.Array"}, "type": "entry"}]}]}]}, {"attributes": {"line": 106, "name": "toArray"}, "type": "method", "children": [{"attributes": {"text": "<p>Returns the list data as native array.</p>"}, "type": "desc"}, {"attributes": {}, "type": "return", "children": [{"attributes": {"text": "<p>The native array.</p>"}, "type": "desc"}, {"attributes": {}, "type": "types", "children": [{"attributes": {"type": "Array"}, "type": "entry"}]}]}]}]}]}