{"attributes": {"fullName": "qx.event.type.dom.Pointer", "packageName": "qx.event.type.dom", "type": "bootstrap", "name": "Pointer", "superClass": "qx.event.type.dom.Custom"}, "type": "class", "children": [{"attributes": {"text": "<p>Synthetic pointer event</p>"}, "type": "desc"}, {"attributes": {}, "type": "methods-static", "children": [{"attributes": {"line": 124, "isStatic": true, "name": "getDocumentLeft"}, "type": "method", "children": [{"attributes": {"text": "<p>Get the horizontal position at which the event occurred relative to the\nleft of the document. This property takes into account any scrolling of\nthe page.</p>"}, "type": "desc"}, {"attributes": {}, "type": "return", "children": [{"attributes": {"text": "<p>The horizontal mouse position in the document.</p>"}, "type": "desc"}, {"attributes": {}, "type": "types", "children": [{"attributes": {"type": "Number"}, "type": "entry"}]}]}]}, {"attributes": {"line": 142, "isStatic": true, "name": "getDocumentTop"}, "type": "method", "children": [{"attributes": {"text": "<p>Get the vertical position at which the event occurred relative to the\ntop of the document. This property takes into account any scrolling of\nthe page.</p>"}, "type": "desc"}, {"attributes": {}, "type": "return", "children": [{"attributes": {"text": "<p>The vertical mouse position in the document.</p>"}, "type": "desc"}, {"attributes": {}, "type": "types", "children": [{"attributes": {"type": "Number"}, "type": "entry"}]}]}]}, {"attributes": {"line": 73, "isStatic": true, "name": "getPointerType"}, "type": "method", "children": [{"attributes": {"text": "<p>Returns the device type which the event triggered. This can be one\nof the following strings: <code>mouse</code>, <code>pen</code>\nor <code>touch</code>.</p>"}, "type": "desc"}, {"attributes": {}, "type": "return", "children": [{"attributes": {"text": "<p>The type of the pointer.</p>"}, "type": "desc"}, {"attributes": {}, "type": "types", "children": [{"attributes": {"type": "String"}, "type": "entry"}]}]}]}, {"attributes": {"line": 162, "isStatic": true, "name": "getScreenLeft"}, "type": "method", "children": [{"attributes": {"text": "<p>Get the horizontal coordinate at which the event occurred relative to\nthe origin of the screen coordinate system.</p>\n\n<p>Note: This value is usually not very useful unless you want to\nposition a native popup window at this coordinate.</p>"}, "type": "desc"}, {"attributes": {}, "type": "return", "children": [{"attributes": {"text": "<p>The horizontal mouse position on the screen.</p>"}, "type": "desc"}, {"attributes": {}, "type": "types", "children": [{"attributes": {"type": "Number"}, "type": "entry"}]}]}]}, {"attributes": {"line": 176, "isStatic": true, "name": "getScreenTop"}, "type": "method", "children": [{"attributes": {"text": "<p>Get the vertical coordinate at which the event occurred relative to\nthe origin of the screen coordinate system.</p>\n\n<p>Note: This value is usually not very useful unless you want to\nposition a native popup window at this coordinate.</p>"}, "type": "desc"}, {"attributes": {}, "type": "return", "children": [{"attributes": {"text": "<p>The vertical mouse position on the screen.</p>"}, "type": "desc"}, {"attributes": {}, "type": "types", "children": [{"attributes": {"type": "Number"}, "type": "entry"}]}]}]}, {"attributes": {"line": 100, "isStatic": true, "name": "getViewportLeft"}, "type": "method", "children": [{"attributes": {"text": "<p>Get the horizontal coordinate at which the event occurred relative\nto the viewport.</p>"}, "type": "desc"}, {"attributes": {}, "type": "return", "children": [{"attributes": {"text": "<p>The horizontal mouse position</p>"}, "type": "desc"}, {"attributes": {}, "type": "types", "children": [{"attributes": {"type": "Number"}, "type": "entry"}]}]}]}, {"attributes": {"line": 112, "isStatic": true, "name": "getViewportTop"}, "type": "method", "children": [{"attributes": {"text": "<p>Get the vertical coordinate at which the event occurred relative\nto the viewport.</p>"}, "type": "desc"}, {"attributes": {}, "type": "return", "children": [{"attributes": {"text": "<p>The vertical mouse position</p>"}, "type": "desc"}, {"attributes": {}, "type": "types", "children": [{"attributes": {"type": "Number"}, "type": "entry"}]}]}]}, {"attributes": {"line": 187, "isStatic": true, "name": "normalize"}, "type": "method", "children": [{"attributes": {}, "type": "params", "children": [{"attributes": {"name": "event"}, "type": "param", "children": [{"attributes": {"text": "<p>Native event object</p>"}, "type": "desc"}, {"attributes": {}, "type": "types", "children": [{"attributes": {"type": "Event"}, "type": "entry"}]}]}]}, {"attributes": {"text": "<p>Manipulates the event object, adding methods if they&#8217;re not\nalready present</p>"}, "type": "desc"}]}]}, {"attributes": {}, "type": "constants", "children": [{"attributes": {"name": "POINTER_PROPERTIES"}, "type": "constant"}, {"attributes": {"type": "Array", "name": "BIND_METHODS", "value": "[\"getPointerType\",\"getViewportLeft\",\"getViewportTop\",\"getDocumentLeft\",\"getDocumentTop\",\"getScreenLeft\",\"getScreenTop\"]"}, "type": "constant"}, {"attributes": {"type": "Array", "name": "MOUSE_PROPERTIES", "value": "[\"bubbles\",\"cancelable\",\"view\",\"detail\",\"screenX\",\"screenY\",\"clientX\",\"clientY\",\"pageX\",\"pageY\",\"ctrlKey\",\"altKey\",\"shiftKey\",\"metaKey\",\"button\",\"which\",\"relatedTarget\",\"fromElement\",\"toElement\"]"}, "type": "constant"}]}, {"attributes": {}, "type": "constructor", "children": [{"attributes": {"docFrom": "qx.event.type.dom.Custom", "line": 198, "isCtor": true, "overriddenFrom": "qx.event.type.dom.Custom", "name": "ctor"}, "type": "method", "children": [{"attributes": {}, "type": "params", "children": [{"attributes": {"name": "type"}, "type": "param"}, {"attributes": {"name": "domEvent"}, "type": "param"}, {"attributes": {"name": "customProps"}, "type": "param"}]}]}]}, {"attributes": {}, "type": "methods", "children": [{"attributes": {"access": "protected", "docFrom": "qx.event.type.dom.Custom", "line": 204, "overriddenFrom": "qx.event.type.dom.Custom", "name": "_createEvent"}, "type": "method"}, {"attributes": {"access": "protected", "docFrom": "qx.event.type.dom.Custom", "line": 222, "overriddenFrom": "qx.event.type.dom.Custom", "name": "_initEvent"}, "type": "method", "children": [{"attributes": {}, "type": "params", "children": [{"attributes": {"name": "domEvent"}, "type": "param"}, {"attributes": {"name": "customProps"}, "type": "param"}]}]}]}]}