{"attributes": {"fullName": "qx.event.handler.GestureCore", "packageName": "qx.event.handler", "type": "bootstrap", "name": "GestureCore", "superClass": "Object"}, "type": "class", "children": [{"attributes": {"text": "<p>Listens for (native or synthetic) pointer events and fires events\nfor gestures like &#8220;tap&#8221; or &#8220;swipe&#8221;</p>"}, "type": "desc"}, {"attributes": {}, "type": "constants", "children": [{"attributes": {"type": "Number", "name": "ROLL_FACTOR", "value": "18"}, "type": "constant", "children": [{"attributes": {"text": "<p>Factor which is used for adapting the delta of the mouse wheel event to the roll events,</p>"}, "type": "desc"}, {"attributes": {}, "type": "types", "children": [{"attributes": {"type": "Integer"}, "type": "entry"}]}]}, {"attributes": {"type": "Number", "name": "LONGTAP_TIME", "value": "500"}, "type": "constant", "children": [{"attributes": {"text": "<p>The time delta in milliseconds to fire a long tap event.</p>"}, "type": "desc"}, {"attributes": {}, "type": "types", "children": [{"attributes": {"type": "Integer"}, "type": "entry"}]}]}, {"attributes": {"type": "Array", "name": "GESTURE_EVENTS", "value": "[\"gesturebegin\",\"gesturefinish\",\"gesturemove\",\"gesturecancel\"]"}, "type": "constant"}, {"attributes": {"type": "Number", "name": "DOUBLETAP_TIME", "value": "500"}, "type": "constant", "children": [{"attributes": {"text": "<p>Maximum time between two tap events that will still trigger a dbltap event.</p>"}, "type": "desc"}, {"attributes": {}, "type": "types", "children": [{"attributes": {"type": "Integer"}, "type": "entry"}]}]}, {"attributes": {"type": "Array", "name": "TYPES", "value": "[\"tap\",\"swipe\",\"longtap\",\"dbltap\",\"track\",\"trackstart\",\"trackend\",\"rotate\",\"pinch\",\"roll\"]"}, "type": "constant"}, {"attributes": {"name": "SWIPE_DIRECTION"}, "type": "constant", "children": [{"attributes": {"text": "<p>The direction of a swipe relative to the axis</p>"}, "type": "desc"}, {"attributes": {}, "type": "types", "children": [{"attributes": {"type": "Map"}, "type": "entry"}]}]}, {"attributes": {"name": "TAP_MAX_DISTANCE"}, "type": "constant"}]}, {"attributes": {}, "type": "constructor", "children": [{"attributes": {"line": 66, "isCtor": true, "name": "ctor"}, "type": "method", "children": [{"attributes": {}, "type": "params", "children": [{"attributes": {"name": "target"}, "type": "param", "children": [{"attributes": {"text": "<p><span class=\"caps\">DOM</span> Element that should fire gesture events</p>"}, "type": "desc"}, {"attributes": {}, "type": "types", "children": [{"attributes": {"type": "Element"}, "type": "entry"}]}]}, {"attributes": {"optional": true, "name": "emitter"}, "type": "param", "children": [{"attributes": {"text": "<p>Event emitter (used if dispatchEvent is not supported, e.g. in IE8)</p>"}, "type": "desc"}, {"attributes": {}, "type": "types", "children": [{"attributes": {"type": "qx.event.Emitter"}, "type": "entry"}]}]}]}, {"attributes": {"text": ""}, "type": "desc"}]}]}, {"attributes": {}, "type": "methods", "children": [{"attributes": {"access": "private", "line": 710, "name": "__fireLongTap"}, "type": "method", "children": [{"attributes": {}, "type": "params", "children": [{"attributes": {"name": "domEvent"}, "type": "param", "children": [{"attributes": {"text": "<p><span class=\"caps\">DOM</span> event</p>"}, "type": "desc"}, {"attributes": {}, "type": "types", "children": [{"attributes": {"type": "Event"}, "type": "entry"}]}]}, {"attributes": {"name": "target"}, "type": "param", "children": [{"attributes": {"text": "<p>event target</p>"}, "type": "desc"}, {"attributes": {}, "type": "types", "children": [{"attributes": {"type": "Element"}, "type": "entry"}]}]}]}, {"attributes": {"text": "<p>Fires the long tap event.</p>"}, "type": "desc"}]}, {"attributes": {"access": "private", "line": 694, "name": "__firePinch"}, "type": "method", "children": [{"attributes": {}, "type": "params", "children": [{"attributes": {"name": "domEvent"}, "type": "param", "children": [{"attributes": {"text": "<p><span class=\"caps\">DOM</span> event</p>"}, "type": "desc"}, {"attributes": {}, "type": "types", "children": [{"attributes": {"type": "Event"}, "type": "entry"}]}]}, {"attributes": {"name": "target"}, "type": "param", "children": [{"attributes": {"text": "<p>event target</p>"}, "type": "desc"}, {"attributes": {}, "type": "types", "children": [{"attributes": {"type": "Element"}, "type": "entry"}]}]}]}, {"attributes": {"text": "<p>Fires a pinch event.</p>"}, "type": "desc"}]}, {"attributes": {"access": "private", "line": 679, "name": "__fireRotate"}, "type": "method", "children": [{"attributes": {}, "type": "params", "children": [{"attributes": {"name": "domEvent"}, "type": "param", "children": [{"attributes": {"text": "<p><span class=\"caps\">DOM</span> event</p>"}, "type": "desc"}, {"attributes": {}, "type": "types", "children": [{"attributes": {"type": "Event"}, "type": "entry"}]}]}, {"attributes": {"name": "target"}, "type": "param", "children": [{"attributes": {"text": "<p>event target</p>"}, "type": "desc"}, {"attributes": {}, "type": "types", "children": [{"attributes": {"type": "Element"}, "type": "entry"}]}]}]}, {"attributes": {"text": "<p>Fires a rotate event.</p>"}, "type": "desc"}]}, {"attributes": {"access": "private", "line": 639, "name": "__fireTrack"}, "type": "method", "children": [{"attributes": {}, "type": "params", "children": [{"attributes": {"name": "type"}, "type": "param", "children": [{"attributes": {"text": "<p>the track type</p>"}, "type": "desc"}, {"attributes": {}, "type": "types", "children": [{"attributes": {"type": "String"}, "type": "entry"}]}]}, {"attributes": {"name": "domEvent"}, "type": "param", "children": [{"attributes": {"text": "<p><span class=\"caps\">DOM</span> event</p>"}, "type": "desc"}, {"attributes": {}, "type": "types", "children": [{"attributes": {"type": "Event"}, "type": "entry"}]}]}, {"attributes": {"name": "target"}, "type": "param", "children": [{"attributes": {"text": "<p>event target</p>"}, "type": "desc"}, {"attributes": {}, "type": "types", "children": [{"attributes": {"type": "Element"}, "type": "entry"}]}]}]}, {"attributes": {"text": "<p>Fires a track event.</p>"}, "type": "desc"}]}, {"attributes": {"access": "private", "line": 605, "name": "__getSwipeGesture"}, "type": "method", "children": [{"attributes": {}, "type": "params", "children": [{"attributes": {"name": "domEvent"}, "type": "param", "children": [{"attributes": {"text": "<p><span class=\"caps\">DOM</span> event</p>"}, "type": "desc"}, {"attributes": {}, "type": "types", "children": [{"attributes": {"type": "Event"}, "type": "entry"}]}]}, {"attributes": {"name": "target"}, "type": "param", "children": [{"attributes": {"text": "<p>event target</p>"}, "type": "desc"}, {"attributes": {}, "type": "types", "children": [{"attributes": {"type": "Element"}, "type": "entry"}]}]}]}, {"attributes": {"text": "<p>Returns the swipe gesture when the user performed a swipe.</p>"}, "type": "desc"}, {"attributes": {}, "type": "return", "children": [{"attributes": {"text": "<p>returns the swipe data when the user performed a swipe, null if the gesture was no swipe.</p>"}, "type": "desc"}, {"attributes": {}, "type": "types", "children": [{"attributes": {"type": "Map"}, "type": "entry"}, {"attributes": {"type": "null"}, "type": "entry"}]}]}]}, {"attributes": {"access": "private", "line": 388, "name": "__handleRollImpulse"}, "type": "method", "children": [{"attributes": {}, "type": "params", "children": [{"attributes": {"name": "deltaX"}, "type": "param", "children": [{"attributes": {"text": "<p>The last offset in X direction</p>"}, "type": "desc"}, {"attributes": {}, "type": "types", "children": [{"attributes": {"type": "Number"}, "type": "entry"}]}]}, {"attributes": {"name": "deltaY"}, "type": "param", "children": [{"attributes": {"text": "<p>The last offset in Y direction</p>"}, "type": "desc"}, {"attributes": {}, "type": "types", "children": [{"attributes": {"type": "Number"}, "type": "entry"}]}]}, {"attributes": {"name": "domEvent"}, "type": "param", "children": [{"attributes": {"text": "<p>The original gesture event</p>"}, "type": "desc"}, {"attributes": {}, "type": "types", "children": [{"attributes": {"type": "Event"}, "type": "entry"}]}]}, {"attributes": {"name": "target"}, "type": "param", "children": [{"attributes": {"text": "<p>The target of the momentum roll events</p>"}, "type": "desc"}, {"attributes": {}, "type": "types", "children": [{"attributes": {"type": "Element"}, "type": "entry"}]}]}, {"attributes": {"optional": true, "name": "time"}, "type": "param", "children": [{"attributes": {"text": "<p>The time in ms between the last two calls</p>"}, "type": "desc"}, {"attributes": {}, "type": "types", "children": [{"attributes": {"type": "Number"}, "type": "entry"}]}]}]}, {"attributes": {"text": "<p>Method which will be called recursively to provide a momentum scrolling.</p>"}, "type": "desc"}]}, {"attributes": {"access": "private", "line": 506, "name": "__isBelowDoubleTapDistance"}, "type": "method", "children": [{"attributes": {}, "type": "params", "children": [{"attributes": {"name": "x1"}, "type": "param", "children": [{"attributes": {"text": "<p>The x position of point one.</p>"}, "type": "desc"}, {"attributes": {}, "type": "types", "children": [{"attributes": {"type": "Number"}, "type": "entry"}]}]}, {"attributes": {"name": "y1"}, "type": "param", "children": [{"attributes": {"text": "<p>The y position of point one.</p>"}, "type": "desc"}, {"attributes": {}, "type": "types", "children": [{"attributes": {"type": "Number"}, "type": "entry"}]}]}, {"attributes": {"name": "x2"}, "type": "param", "children": [{"attributes": {"text": "<p>The x position of point two.</p>"}, "type": "desc"}, {"attributes": {}, "type": "types", "children": [{"attributes": {"type": "Number"}, "type": "entry"}]}]}, {"attributes": {"name": "y2"}, "type": "param", "children": [{"attributes": {"text": "<p>The y position of point two.</p>"}, "type": "desc"}, {"attributes": {}, "type": "types", "children": [{"attributes": {"type": "Number"}, "type": "entry"}]}]}, {"attributes": {"name": "type"}, "type": "param", "children": [{"attributes": {"text": "<p>The pointer type e.g. &#8220;mouse&#8221;</p>"}, "type": "desc"}, {"attributes": {}, "type": "types", "children": [{"attributes": {"type": "String"}, "type": "entry"}]}]}]}, {"attributes": {"text": "<p>Checks if the distance between the x1/y1 and x2/y2 is\nbelow the TAP_MAX_DISTANCE and returns the result.</p>"}, "type": "desc"}, {"attributes": {}, "type": "return", "children": [{"attributes": {"text": "<code>true</code>, if points are in range"}, "type": "desc"}, {"attributes": {}, "type": "types", "children": [{"attributes": {"type": "Boolean"}, "type": "entry"}]}]}]}, {"attributes": {"access": "private", "line": 724, "name": "__stopLongTapTimer"}, "type": "method", "children": [{"attributes": {}, "type": "params", "children": [{"attributes": {"name": "gesture"}, "type": "param", "children": [{"attributes": {"text": "<p>Data may representing the gesture.</p>"}, "type": "desc"}, {"attributes": {}, "type": "types", "children": [{"attributes": {"type": "Map"}, "type": "entry"}]}]}]}, {"attributes": {"text": "<p>Stops the time for the long tap event.</p>"}, "type": "desc"}]}, {"attributes": {"access": "protected", "line": 434, "name": "_calcAngle"}, "type": "method", "children": [{"attributes": {"text": "<p>Calculates the angle of the primary and secondary pointer.</p>"}, "type": "desc"}, {"attributes": {}, "type": "return", "children": [{"attributes": {"text": "<p>the rotation angle of the 2 pointers.</p>"}, "type": "desc"}, {"attributes": {}, "type": "types", "children": [{"attributes": {"type": "Number"}, "type": "entry"}]}]}]}, {"attributes": {"access": "protected", "line": 458, "name": "_calcDistance"}, "type": "method", "children": [{"attributes": {"text": "<p>Calculates the scaling distance between two pointers.</p>"}, "type": "desc"}, {"attributes": {}, "type": "return", "children": [{"attributes": {"text": "<p>the calculated distance.</p>"}, "type": "desc"}, {"attributes": {}, "type": "types", "children": [{"attributes": {"type": "Number"}, "type": "entry"}]}]}]}, {"attributes": {"access": "protected", "line": 550, "name": "_fireEvent"}, "type": "method", "children": [{"attributes": {}, "type": "params", "children": [{"attributes": {"name": "domEvent"}, "type": "param", "children": [{"attributes": {"text": "<p><span class=\"caps\">DOM</span> event</p>"}, "type": "desc"}, {"attributes": {}, "type": "types", "children": [{"attributes": {"type": "Event"}, "type": "entry"}]}]}, {"attributes": {"name": "type"}, "type": "param", "children": [{"attributes": {"text": "<p>type of the event</p>"}, "type": "desc"}, {"attributes": {}, "type": "types", "children": [{"attributes": {"type": "String"}, "type": "entry"}]}]}, {"attributes": {"defaultValue": "null", "optional": true, "name": "target"}, "type": "param", "children": [{"attributes": {"text": "<p>event target</p>"}, "type": "desc"}, {"attributes": {}, "type": "types", "children": [{"attributes": {"type": "Element"}, "type": "entry"}]}]}]}, {"attributes": {"text": "<p>Fire a gesture event with the given parameters</p>"}, "type": "desc"}]}, {"attributes": {"access": "protected", "line": 652, "name": "_fireRoll"}, "type": "method", "children": [{"attributes": {}, "type": "params", "children": [{"attributes": {"name": "domEvent"}, "type": "param", "children": [{"attributes": {"text": "<p><span class=\"caps\">DOM</span> event</p>"}, "type": "desc"}, {"attributes": {}, "type": "types", "children": [{"attributes": {"type": "Event"}, "type": "entry"}]}]}, {"attributes": {"name": "type"}, "type": "param", "children": [{"attributes": {"text": "<p>The type of the dom event</p>"}, "type": "desc"}, {"attributes": {}, "type": "types", "children": [{"attributes": {"type": "String"}, "type": "entry"}]}]}, {"attributes": {"name": "target"}, "type": "param", "children": [{"attributes": {"text": "<p>event target</p>"}, "type": "desc"}, {"attributes": {}, "type": "types", "children": [{"attributes": {"type": "Element"}, "type": "entry"}]}]}]}, {"attributes": {"text": "<p>Fires a roll event.</p>"}, "type": "desc"}]}, {"attributes": {"access": "protected", "line": 521, "name": "_getDeltaCoordinates"}, "type": "method", "children": [{"attributes": {}, "type": "params", "children": [{"attributes": {"name": "domEvent"}, "type": "param", "children": [{"attributes": {"text": "<p>The <span class=\"caps\">DOM</span> event from the browser.</p>"}, "type": "desc"}, {"attributes": {}, "type": "types", "children": [{"attributes": {"type": "Event"}, "type": "entry"}]}]}]}, {"attributes": {"text": "<p>Calculates the delta coordinates in relation to the position on <code>pointerstart</code> event.</p>"}, "type": "desc"}, {"attributes": {}, "type": "return", "children": [{"attributes": {"text": "<p>containing the deltaX as x, and deltaY as y.</p>"}, "type": "desc"}, {"attributes": {}, "type": "types", "children": [{"attributes": {"type": "Map"}, "type": "entry"}]}]}]}, {"attributes": {"access": "protected", "line": 260, "name": "_hasIntermediaryHandler"}, "type": "method", "children": [{"attributes": {}, "type": "params", "children": [{"attributes": {"name": "target"}, "type": "param", "children": [{"attributes": {"text": "<p>The gesture event&#8217;s target</p>"}, "type": "desc"}, {"attributes": {}, "type": "types", "children": [{"attributes": {"type": "Element"}, "type": "entry"}]}]}]}, {"attributes": {"text": "<p>Checks if a <span class=\"caps\">DOM</span> element located between the target of a gesture\nevent and the element this handler is attached to has a gesture\nhandler of its own.</p>"}, "type": "desc"}, {"attributes": {}, "type": "return", "children": [{"attributes": {"text": ""}, "type": "desc"}, {"attributes": {}, "type": "types", "children": [{"attributes": {"type": "Boolean"}, "type": "entry"}]}]}]}, {"attributes": {"access": "protected", "line": 91, "name": "_initObserver"}, "type": "method", "children": [{"attributes": {"text": "<p>Register pointer event listeners</p>"}, "type": "desc"}]}, {"attributes": {"access": "protected", "line": 483, "name": "_isBelowTapMaxDistance"}, "type": "method", "children": [{"attributes": {}, "type": "params", "children": [{"attributes": {"name": "domEvent"}, "type": "param", "children": [{"attributes": {"text": "<p>The <span class=\"caps\">DOM</span> event from the browser.</p>"}, "type": "desc"}, {"attributes": {}, "type": "types", "children": [{"attributes": {"type": "Event"}, "type": "entry"}]}]}]}, {"attributes": {"text": "<p>Checks if the distance between the x/y coordinates of <span class=\"caps\">DOM</span> event\nexceeds TAP_MAX_DISTANCE and returns the result.</p>"}, "type": "desc"}, {"attributes": {}, "type": "return", "children": [{"attributes": {"text": "<p>true if distance is below TAP_MAX_DISTANCE.</p>"}, "type": "desc"}, {"attributes": {}, "type": "types", "children": [{"attributes": {"type": "Boolean"}, "type": "entry"}, {"attributes": {"type": "null"}, "type": "entry"}]}]}]}, {"attributes": {"access": "protected", "line": 591, "name": "_onDblClick"}, "type": "method", "children": [{"attributes": {}, "type": "params", "children": [{"attributes": {"name": "domEvent"}, "type": "param", "children": [{"attributes": {"text": "<p>dblclick event</p>"}, "type": "desc"}, {"attributes": {}, "type": "types", "children": [{"attributes": {"type": "Event"}, "type": "entry"}]}]}]}, {"attributes": {"text": "<p>Fire &#8220;tap&#8221; and &#8220;dbltap&#8221; events after a native &#8220;dblclick&#8221;\nevent to fix IE 8&#8217;s broken mouse event sequence.</p>"}, "type": "desc"}]}, {"attributes": {"access": "protected", "line": 120, "name": "_stopObserver"}, "type": "method", "children": [{"attributes": {"text": "<p>Remove native pointer event listeners.</p>"}, "type": "desc"}]}, {"attributes": {"line": 143, "name": "checkAndFireGesture"}, "type": "method", "children": [{"attributes": {}, "type": "params", "children": [{"attributes": {"name": "domEvent"}, "type": "param", "children": [{"attributes": {"text": "<p><span class=\"caps\">DOM</span> event</p>"}, "type": "desc"}, {"attributes": {}, "type": "types", "children": [{"attributes": {"type": "Event"}, "type": "entry"}]}]}, {"attributes": {"defaultValue": "null", "optional": true, "name": "type"}, "type": "param", "children": [{"attributes": {"text": "<p>type of the event</p>"}, "type": "desc"}, {"attributes": {}, "type": "types", "children": [{"attributes": {"type": "String"}, "type": "entry"}]}]}, {"attributes": {"defaultValue": "null", "optional": true, "name": "target"}, "type": "param", "children": [{"attributes": {"text": "<p>event target</p>"}, "type": "desc"}, {"attributes": {}, "type": "types", "children": [{"attributes": {"type": "Element"}, "type": "entry"}]}]}]}, {"attributes": {"text": "<p>Checks if a gesture was made and fires the gesture event.</p>"}, "type": "desc"}]}, {"attributes": {"line": 750, "name": "dispose"}, "type": "method", "children": [{"attributes": {"text": "<p>Dispose the current instance</p>"}, "type": "desc"}]}, {"attributes": {"line": 169, "name": "gestureBegin"}, "type": "method", "children": [{"attributes": {}, "type": "params", "children": [{"attributes": {"name": "domEvent"}, "type": "param", "children": [{"attributes": {"text": "<p><span class=\"caps\">DOM</span> event</p>"}, "type": "desc"}, {"attributes": {}, "type": "types", "children": [{"attributes": {"type": "Event"}, "type": "entry"}]}]}, {"attributes": {"name": "target"}, "type": "param", "children": [{"attributes": {"text": "<p>event target</p>"}, "type": "desc"}, {"attributes": {}, "type": "types", "children": [{"attributes": {"type": "Element"}, "type": "entry"}]}]}]}, {"attributes": {"text": "<p>Helper method for gesture start.</p>"}, "type": "desc"}]}, {"attributes": {"line": 359, "name": "gestureCancel"}, "type": "method", "children": [{"attributes": {}, "type": "params", "children": [{"attributes": {"name": "id"}, "type": "param", "children": [{"attributes": {"text": "<p>The pointer Id.</p>"}, "type": "desc"}, {"attributes": {}, "type": "types", "children": [{"attributes": {"type": "Number"}, "type": "entry"}]}]}]}, {"attributes": {"text": "<p>Cancels the gesture if running.</p>"}, "type": "desc"}]}, {"attributes": {"line": 277, "name": "gestureFinish"}, "type": "method", "children": [{"attributes": {}, "type": "params", "children": [{"attributes": {"name": "domEvent"}, "type": "param", "children": [{"attributes": {"text": "<p><span class=\"caps\">DOM</span> event</p>"}, "type": "desc"}, {"attributes": {}, "type": "types", "children": [{"attributes": {"type": "Event"}, "type": "entry"}]}]}, {"attributes": {"name": "target"}, "type": "param", "children": [{"attributes": {"text": "<p>event target</p>"}, "type": "desc"}, {"attributes": {}, "type": "types", "children": [{"attributes": {"type": "Element"}, "type": "entry"}]}]}]}, {"attributes": {"text": "<p>Helper method for gesture end.</p>"}, "type": "desc"}]}, {"attributes": {"line": 213, "name": "gestureMove"}, "type": "method", "children": [{"attributes": {}, "type": "params", "children": [{"attributes": {"name": "domEvent"}, "type": "param", "children": [{"attributes": {"text": "<p><span class=\"caps\">DOM</span> event</p>"}, "type": "desc"}, {"attributes": {}, "type": "types", "children": [{"attributes": {"type": "Event"}, "type": "entry"}]}]}, {"attributes": {"name": "target"}, "type": "param", "children": [{"attributes": {"text": "<p>event target</p>"}, "type": "desc"}, {"attributes": {}, "type": "types", "children": [{"attributes": {"type": "Element"}, "type": "entry"}]}]}]}, {"attributes": {"text": "<p>Helper method for gesture move.</p>"}, "type": "desc"}]}, {"attributes": {"line": 738, "name": "isBelowTapMaxDistance"}, "type": "method", "children": [{"attributes": {}, "type": "params", "children": [{"attributes": {"name": "event"}, "type": "param", "children": [{"attributes": {"text": "<p>The event from the browser.</p>"}, "type": "desc"}, {"attributes": {}, "type": "types", "children": [{"attributes": {"type": "Event"}, "type": "entry"}]}]}]}, {"attributes": {"text": "<p>Checks if the distance between the x/y coordinates of touchstart/mousedown and touchmove/mousemove event\nexceeds TAP_MAX_DISTANCE and returns the result.</p>"}, "type": "desc"}, {"attributes": {}, "type": "return", "children": [{"attributes": {"text": "<p>true if distance is below TAP_MAX_DISTANCE.</p>"}, "type": "desc"}, {"attributes": {}, "type": "types", "children": [{"attributes": {"type": "Boolean"}, "type": "entry"}]}]}]}, {"attributes": {"line": 350, "name": "stopMomentum"}, "type": "method", "children": [{"attributes": {}, "type": "params", "children": [{"attributes": {"name": "id"}, "type": "param", "children": [{"attributes": {"text": "<p>The timeoutId of a &#8216;roll&#8217; event</p>"}, "type": "desc"}, {"attributes": {}, "type": "types", "children": [{"attributes": {"type": "Integer"}, "type": "entry"}]}]}]}, {"attributes": {"text": "<p>Stops the momentum scrolling currently running.</p>"}, "type": "desc"}]}, {"attributes": {"access": "internal", "isInternal": true, "line": 375, "name": "updateGestureTarget"}, "type": "method", "children": [{"attributes": {}, "type": "params", "children": [{"attributes": {"name": "id"}, "type": "param", "children": [{"attributes": {"text": "<p>The pointer id.</p>"}, "type": "desc"}, {"attributes": {}, "type": "types", "children": [{"attributes": {"type": "String"}, "type": "entry"}]}]}, {"attributes": {"name": "target"}, "type": "param", "children": [{"attributes": {"text": "<p>The new target element.</p>"}, "type": "desc"}, {"attributes": {}, "type": "types", "children": [{"attributes": {"type": "Element"}, "type": "entry"}]}]}]}, {"attributes": {"text": "<p>Update the target of a running gesture. This is used in virtual widgets\nwhen the <span class=\"caps\">DOM</span> element changes.</p>"}, "type": "desc"}]}]}]}