{"attributes": {"fullName": "qx.event.GlobalError", "packageName": "qx.event", "isStatic": true, "type": "bootstrap", "name": "GlobalError"}, "type": "class", "children": [{"attributes": {"text": "<p>The GlobalError class stores a reference to a global error handler function.</p>\n\n<p>This function is called for each uncatched JavaScript exception. To enable\n global error handling the setting <code>qx.globalErrorHandling</code> must\n be enabled and an error handler must be registered.\n Further each JavaScript &#8220;entry point&#8221; must be wrapped with a call to\n {@link qx.event.GlobalError#observeMethod}.</p>"}, "type": "desc"}, {"attributes": {}, "type": "methods-static", "children": [{"attributes": {"access": "private", "line": 46, "isStatic": true, "name": "__isGlobaErrorHandlingEnabled"}, "type": "method", "children": [{"attributes": {"text": "<p>Little helper to check if the global error handling is enabled.</p>"}, "type": "desc"}, {"attributes": {}, "type": "return", "children": [{"attributes": {"text": "<code>true</code>, if it is enabled."}, "type": "desc"}, {"attributes": {}, "type": "types", "children": [{"attributes": {"type": "Boolean"}, "type": "entry"}]}]}]}, {"attributes": {"access": "private", "line": 108, "isStatic": true, "name": "__onErrorWindow"}, "type": "method", "children": [{"attributes": {}, "type": "params", "children": [{"attributes": {"name": "msg"}, "type": "param", "children": [{"attributes": {"text": "<p>browser error message</p>"}, "type": "desc"}, {"attributes": {}, "type": "types", "children": [{"attributes": {"type": "String"}, "type": "entry"}]}]}, {"attributes": {"name": "uri"}, "type": "param", "children": [{"attributes": {"text": "<p>uri to errornous script</p>"}, "type": "desc"}, {"attributes": {}, "type": "types", "children": [{"attributes": {"type": "String"}, "type": "entry"}]}]}, {"attributes": {"name": "lineNumber"}, "type": "param", "children": [{"attributes": {"text": "<p>line number of error</p>"}, "type": "desc"}, {"attributes": {}, "type": "types", "children": [{"attributes": {"type": "Integer"}, "type": "entry"}]}]}]}, {"attributes": {"text": "<p>Catches all errors of the <code>window.onerror</code> handler\nand passes an {@link qx.core.WindowError} object to the error\nhandling.</p>"}, "type": "desc"}]}, {"attributes": {"line": 154, "isStatic": true, "name": "handleError"}, "type": "method", "children": [{"attributes": {}, "type": "params", "children": [{"attributes": {"name": "ex"}, "type": "param", "children": [{"attributes": {"text": "<p>Exception to delegate</p>"}, "type": "desc"}, {"attributes": {}, "type": "types", "children": [{"attributes": {"type": "qx.core.WindowError"}, "type": "entry"}, {"attributes": {"type": "Error"}, "type": "entry"}]}]}]}, {"attributes": {"text": "<p>Delegates every given exception to the registered error handler</p>"}, "type": "desc"}]}, {"attributes": {"line": 124, "isStatic": true, "name": "observeMethod"}, "type": "method", "children": [{"attributes": {}, "type": "params", "children": [{"attributes": {"name": "method"}, "type": "param", "children": [{"attributes": {"text": "<p>method to wrap</p>"}, "type": "desc"}, {"attributes": {}, "type": "types", "children": [{"attributes": {"type": "Function"}, "type": "entry"}]}]}]}, {"attributes": {"text": "<p>Wraps a method with error handling code. Only methods, which are called\ndirectly by the browser (e.g. event handler) should be wrapped.</p>"}, "type": "desc"}, {"attributes": {}, "type": "return", "children": [{"attributes": {"text": "<p>The function wrapped with error handling code</p>"}, "type": "desc"}, {"attributes": {}, "type": "types", "children": [{"attributes": {"type": "Function"}, "type": "entry"}]}]}]}, {"attributes": {"line": 62, "isStatic": true, "name": "setErrorHandler"}, "type": "method", "children": [{"attributes": {}, "type": "params", "children": [{"attributes": {"name": "callback"}, "type": "param", "children": [{"attributes": {"text": "<p>The error handler. The first argument is the exception, which caused the error</p>"}, "type": "desc"}, {"attributes": {}, "type": "types", "children": [{"attributes": {"type": "Function"}, "type": "entry"}]}]}, {"attributes": {"name": "context"}, "type": "param", "children": [{"attributes": {"text": "<p>The &#8220;this&#8221; context of the callback function</p>"}, "type": "desc"}, {"attributes": {}, "type": "types", "children": [{"attributes": {"type": "Object"}, "type": "entry"}]}]}]}, {"attributes": {"text": "<p>Set the global fallback error handler</p>"}, "type": "desc"}]}]}, {"attributes": {}, "type": "constants", "children": [{"attributes": {"access": "private", "type": "Null", "name": "__callback", "value": "null"}, "type": "constant"}, {"attributes": {"access": "private", "type": "Null", "name": "__originalOnError", "value": "null"}, "type": "constant"}, {"attributes": {"access": "private", "type": "Null", "name": "__context", "value": "null"}, "type": "constant"}]}]}