{"attributes": {"name": "Pool", "packageName": "qx.event", "superClass": "qx.util.ObjectPool", "isSingleton": true, "fullName": "qx.event.Pool", "type": "class"}, "type": "class", "children": [{"attributes": {"text": "<p>Central instance pool for event objects. All event objects dispatched by the\nevent loader are pooled using this class.</p>"}, "type": "desc"}, {"attributes": {}, "type": "constructor", "children": [{"attributes": {"line": 41, "isCtor": true, "overriddenFrom": "qx.util.ObjectPool", "name": "ctor"}, "type": "method"}]}, {"attributes": {}, "type": "methods-static", "children": [{"attributes": {"line": 11, "isStatic": true, "name": "getInstance"}, "type": "method", "children": [{"attributes": {"text": "<p>Returns a singleton instance of this class. On the first call the class\nis instantiated by calling the constructor with no arguments. All following\ncalls will return this instance.</p>\n\n<p>This method has been added by setting the &#8220;type&#8221; key in the class definition\n({@link qx.Class#define}) to &#8220;singleton&#8221;.</p>"}, "type": "desc"}, {"attributes": {}, "type": "return", "children": [{"attributes": {"text": "<p>The singleton instance of this class.</p>"}, "type": "desc"}, {"attributes": {}, "type": "types", "children": [{"attributes": {"type": "qx.event.Pool"}, "type": "entry"}]}]}]}]}]}