{"attributes": {"fullName": "qx.event.handler.TouchCore", "packageName": "qx.event.handler", "type": "bootstrap", "name": "TouchCore", "superClass": "Object"}, "type": "class", "children": [{"attributes": {"text": "<p>Listens for native touch events and fires composite events like &#8220;tap&#8221; and\n&#8220;swipe&#8221;</p>"}, "type": "desc"}, {"attributes": {}, "type": "constants", "children": [{"attributes": {"name": "SWIPE_MIN_DISTANCE"}, "type": "constant", "children": [{"attributes": {"text": "<p>The minimum distance of a swipe. Only if the x or y distance of the performed swipe is greater as or equal the value of this constant, a swipe event is fired.</p>"}, "type": "desc"}, {"attributes": {}, "type": "types", "children": [{"attributes": {"type": "Integer"}, "type": "entry"}]}]}, {"attributes": {"type": "Number", "name": "LONGTAP_TIME", "value": "500"}, "type": "constant", "children": [{"attributes": {"text": "<p>The time delta in milliseconds to fire a long tap event.</p>"}, "type": "desc"}, {"attributes": {}, "type": "types", "children": [{"attributes": {"type": "Integer"}, "type": "entry"}]}]}, {"attributes": {"type": "Number", "name": "SWIPE_MIN_VELOCITY", "value": "0"}, "type": "constant", "children": [{"attributes": {"text": "<p>The minimum velocity of a swipe. Only if the velocity of the performed swipe is greater as or equal the value of this constant, a swipe event is fired.</p>"}, "type": "desc"}, {"attributes": {}, "type": "types", "children": [{"attributes": {"type": "Integer"}, "type": "entry"}]}]}, {"attributes": {"name": "TAP_MAX_DISTANCE"}, "type": "constant", "children": [{"attributes": {"text": "<p>The maximum distance of a tap. Only if the x or y distance of the performed tap is less or equal the value of this constant, a tap event is fired.</p>"}, "type": "desc"}, {"attributes": {}, "type": "types", "children": [{"attributes": {"type": "Integer"}, "type": "entry"}]}]}, {"attributes": {"name": "SWIPE_DIRECTION"}, "type": "constant", "children": [{"attributes": {"text": "<p>The direction of a swipe relative to the axis</p>"}, "type": "desc"}, {"attributes": {}, "type": "types", "children": [{"attributes": {"type": "Map"}, "type": "entry"}]}]}]}, {"attributes": {}, "type": "constructor", "children": [{"attributes": {"line": 76, "isCtor": true, "name": "ctor"}, "type": "method", "children": [{"attributes": {}, "type": "params", "children": [{"attributes": {"name": "target"}, "type": "param", "children": [{"attributes": {"text": "<p>element on which to listen for native touch events</p>"}, "type": "desc"}, {"attributes": {}, "type": "types", "children": [{"attributes": {"type": "Element"}, "type": "entry"}]}]}, {"attributes": {"name": "emitter"}, "type": "param", "children": [{"attributes": {"text": "<p>Event emitter object</p>"}, "type": "desc"}, {"attributes": {}, "type": "types", "children": [{"attributes": {"type": "qx.event.Emitter"}, "type": "entry"}]}]}]}, {"attributes": {"text": "<p>Create a new instance</p>"}, "type": "desc"}]}]}, {"attributes": {}, "type": "methods", "children": [{"attributes": {"access": "private", "line": 389, "name": "__evaluateTarget"}, "type": "method", "children": [{"attributes": {}, "type": "params", "children": [{"attributes": {"name": "domEvent"}, "type": "param", "children": [{"attributes": {"text": "<p><span class=\"caps\">DOM</span> event</p>"}, "type": "desc"}, {"attributes": {}, "type": "types", "children": [{"attributes": {"type": "Event"}, "type": "entry"}]}]}]}, {"attributes": {"text": "<p>This method fixes &#8220;pointer-events:none&#8221; for Internet Explorer 10.\nChecks which elements are placed to position x/y and traverses the array\ntill one element has no &#8220;pointer-events:none&#8221; inside its style attribute.</p>"}, "type": "desc"}, {"attributes": {}, "type": "return", "children": [{"attributes": {"text": "<p>Event target</p>"}, "type": "desc"}, {"attributes": {}, "type": "types", "children": [{"attributes": {"type": "Element"}, "type": "entry"}, {"attributes": {"type": "null"}, "type": "entry"}]}]}]}, {"attributes": {"access": "protected", "line": 218, "name": "_calcSingleTouchDelta"}, "type": "method", "children": [{"attributes": {}, "type": "params", "children": [{"attributes": {"name": "touch"}, "type": "param", "children": [{"attributes": {"text": "<p>the current active touch, provided by <code>touchmove/code> event.</p>"}, "type": "desc"}, {"attributes": {}, "type": "types", "children": [{"attributes": {"type": "Event"}, "type": "entry"}]}]}]}, {"attributes": {"text": "<p>Calculates the delta of one single touch position relative to its position when <code>touchstart/code> event occured.</p>"}, "type": "desc"}, {"attributes": {}, "type": "return", "children": [{"attributes": {"text": "<p>a map containing deltaX as <code>x</code>, deltaY as <code>y</code>, the direction of the movement as <code>axis</code> and the touch identifier as <code>identifier</code>.</p>"}, "type": "desc"}, {"attributes": {}, "type": "types", "children": [{"attributes": {"type": "Map"}, "type": "entry"}]}]}]}, {"attributes": {"access": "protected", "line": 204, "name": "_calcTouchesDelta"}, "type": "method", "children": [{"attributes": {}, "type": "params", "children": [{"attributes": {"name": "touches"}, "type": "param", "children": [{"attributes": {"text": "<p>an array with the current active touches, provided by <code>touchmove/code> event.</p>"}, "type": "desc"}, {"attributes": {}, "type": "types", "children": [{"attributes": {"type": "Array"}, "type": "entry"}]}]}]}, {"attributes": {"text": "<p>Calculates the delta of the touch position relative to its position when <code>touchstart/code> event occured.</p>"}, "type": "desc"}, {"attributes": {}, "type": "return", "children": [{"attributes": {"text": "<p>an array containing objects with the calculated delta as <code>x</code>, <code>y</code> and the identifier of the corresponding touch.</p>"}, "type": "desc"}, {"attributes": {}, "type": "types", "children": [{"attributes": {"type": "Array"}, "type": "entry"}]}]}]}, {"attributes": {"access": "protected", "line": 250, "name": "_commonTouchEventHandler"}, "type": "method", "children": [{"attributes": {}, "type": "params", "children": [{"attributes": {"name": "domEvent"}, "type": "param", "children": [{"attributes": {"text": "<p><span class=\"caps\">DOM</span> event</p>"}, "type": "desc"}, {"attributes": {}, "type": "types", "children": [{"attributes": {"type": "Event"}, "type": "entry"}]}]}, {"attributes": {"defaultValue": "null", "optional": true, "name": "type"}, "type": "param", "children": [{"attributes": {"text": "<p>type of the event</p>"}, "type": "desc"}, {"attributes": {}, "type": "types", "children": [{"attributes": {"type": "String"}, "type": "entry"}]}]}]}, {"attributes": {"text": "<p>Called by an event handler.</p>"}, "type": "desc"}]}, {"attributes": {"access": "protected", "line": 314, "name": "_detectTouchesByPointer"}, "type": "method", "children": [{"attributes": {}, "type": "params", "children": [{"attributes": {"name": "domEvent"}, "type": "param", "children": [{"attributes": {"text": "<p><span class=\"caps\">DOM</span> event</p>"}, "type": "desc"}, {"attributes": {}, "type": "types", "children": [{"attributes": {"type": "Event"}, "type": "entry"}]}]}, {"attributes": {"defaultValue": "null", "optional": true, "name": "type"}, "type": "param", "children": [{"attributes": {"text": "<p>type of the event</p>"}, "type": "desc"}, {"attributes": {}, "type": "types", "children": [{"attributes": {"type": "String"}, "type": "entry"}]}]}]}, {"attributes": {"text": "<p>Creates an array with all current used touches out of multiple serial pointer events.\nNeeded because pointerEvents do not provide a touch list.</p>"}, "type": "desc"}, {"attributes": {}, "type": "return", "children": [{"attributes": {"text": "<p>touch list array.</p>"}, "type": "desc"}, {"attributes": {}, "type": "types", "children": [{"attributes": {"type": "Array"}, "type": "entry"}]}]}]}, {"attributes": {"access": "protected", "line": 422, "name": "_fireEvent"}, "type": "method", "children": [{"attributes": {}, "type": "params", "children": [{"attributes": {"name": "domEvent"}, "type": "param", "children": [{"attributes": {"text": "<p><span class=\"caps\">DOM</span> event</p>"}, "type": "desc"}, {"attributes": {}, "type": "types", "children": [{"attributes": {"type": "Event"}, "type": "entry"}]}]}, {"attributes": {"defaultValue": "null", "optional": true, "name": "type"}, "type": "param", "children": [{"attributes": {"text": "<p>type of the event</p>"}, "type": "desc"}, {"attributes": {}, "type": "types", "children": [{"attributes": {"type": "String"}, "type": "entry"}]}]}, {"attributes": {"defaultValue": "null", "optional": true, "name": "target"}, "type": "param", "children": [{"attributes": {"text": "<p>event target</p>"}, "type": "desc"}, {"attributes": {}, "type": "types", "children": [{"attributes": {"type": "Element"}, "type": "entry"}]}]}]}, {"attributes": {"text": "<p>Fire a touch event with the given parameters</p>"}, "type": "desc"}]}, {"attributes": {"access": "protected", "line": 191, "name": "_getRotationAngle"}, "type": "method", "children": [{"attributes": {}, "type": "params", "children": [{"attributes": {"name": "touch0"}, "type": "param", "children": [{"attributes": {"text": "<p>The touch event from the browser.</p>"}, "type": "desc"}, {"attributes": {}, "type": "types", "children": [{"attributes": {"type": "Event"}, "type": "entry"}]}]}, {"attributes": {"name": "touch1"}, "type": "param", "children": [{"attributes": {"text": "<p>The touch event from the browser.</p>"}, "type": "desc"}, {"attributes": {}, "type": "types", "children": [{"attributes": {"type": "Event"}, "type": "entry"}]}]}]}, {"attributes": {"text": "<p>Calculates the rotation between two touches.</p>"}, "type": "desc"}, {"attributes": {}, "type": "return", "children": [{"attributes": {"text": "<p>the calculated rotation.</p>"}, "type": "desc"}, {"attributes": {}, "type": "types", "children": [{"attributes": {"type": "Number"}, "type": "entry"}]}]}]}, {"attributes": {"access": "protected", "line": 180, "name": "_getScalingDistance"}, "type": "method", "children": [{"attributes": {}, "type": "params", "children": [{"attributes": {"name": "touch0"}, "type": "param", "children": [{"attributes": {"text": "<p>The touch event from the browser.</p>"}, "type": "desc"}, {"attributes": {}, "type": "types", "children": [{"attributes": {"type": "Event"}, "type": "entry"}]}]}, {"attributes": {"name": "touch1"}, "type": "param", "children": [{"attributes": {"text": "<p>The touch event from the browser.</p>"}, "type": "desc"}, {"attributes": {}, "type": "types", "children": [{"attributes": {"type": "Event"}, "type": "entry"}]}]}]}, {"attributes": {"text": "<p>Calculates the scaling distance between two touches.</p>"}, "type": "desc"}, {"attributes": {}, "type": "return", "children": [{"attributes": {"text": "<p>the calculated distance.</p>"}, "type": "desc"}, {"attributes": {}, "type": "types", "children": [{"attributes": {"type": "Number"}, "type": "entry"}]}]}]}, {"attributes": {"access": "protected", "line": 360, "name": "_getTarget"}, "type": "method", "children": [{"attributes": {}, "type": "params", "children": [{"attributes": {"name": "domEvent"}, "type": "param", "children": [{"attributes": {"text": "<p><span class=\"caps\">DOM</span> event</p>"}, "type": "desc"}, {"attributes": {}, "type": "types", "children": [{"attributes": {"type": "Event"}, "type": "entry"}]}]}]}, {"attributes": {"text": "<p>Return the target of the event.</p>"}, "type": "desc"}, {"attributes": {}, "type": "return", "children": [{"attributes": {"text": "<p>Event target</p>"}, "type": "desc"}, {"attributes": {}, "type": "types", "children": [{"attributes": {"type": "Element"}, "type": "entry"}]}]}]}, {"attributes": {"access": "protected", "line": 115, "name": "_initTouchObserver"}, "type": "method", "children": [{"attributes": {"text": "<p>Initializes the native touch event listeners.</p>"}, "type": "desc"}]}, {"attributes": {"access": "protected", "line": 336, "name": "_mapPointerEvent"}, "type": "method", "children": [{"attributes": {}, "type": "params", "children": [{"attributes": {"name": "type"}, "type": "param", "children": [{"attributes": {"text": "<p>the event type to parse.</p>"}, "type": "desc"}, {"attributes": {}, "type": "types", "children": [{"attributes": {"type": "String"}, "type": "entry"}]}]}]}, {"attributes": {"text": "<p>Maps a pointer event type to the corresponding touch event type.</p>"}, "type": "desc"}, {"attributes": {}, "type": "return", "children": [{"attributes": {"text": "<p>the parsed event name.</p>"}, "type": "desc"}, {"attributes": {}, "type": "types", "children": [{"attributes": {"type": "String"}, "type": "entry"}]}]}]}, {"attributes": {"access": "protected", "line": 168, "name": "_onTouchEvent"}, "type": "method", "children": [{"attributes": {}, "type": "params", "children": [{"attributes": {"name": "domEvent"}, "type": "param", "children": [{"attributes": {"text": "<p>The touch event from the browser.</p>"}, "type": "desc"}, {"attributes": {}, "type": "types", "children": [{"attributes": {"type": "Event"}, "type": "entry"}]}]}]}, {"attributes": {"text": "<p>Handler for native touch events.</p>"}, "type": "desc"}]}, {"attributes": {"access": "protected", "line": 148, "name": "_stopTouchObserver"}, "type": "method", "children": [{"attributes": {"text": "<p>Disconnects the native touch event listeners.</p>"}, "type": "desc"}]}, {"attributes": {"line": 440, "name": "dispose"}, "type": "method", "children": [{"attributes": {"text": "<p>Dispose this object</p>"}, "type": "desc"}]}]}]}