{"attributes": {"packageName": "qx.event", "type": "bootstrap", "fullName": "qx.event.Messaging", "name": "Messaging"}, "type": "class", "children": [{"attributes": {"text": "<p>Define messages to react on certain channels.</p>\n\n<p>The channel names will be used in the {@link #on} method to define handlers which will\nbe called on certain channels and routes. The {@link #emit} method can be used\nto execute a given route on a channel. {@link #onAny} defines a handler on any channel.</p>\n\n<p><strong>Example</strong></p>\n\n<p>Here is a little example of how to use the messaging.</p>\n\n<pre class=\"javascript\">\n  var m = new qx.event.Messaging();\n\n  m.on(\"get\", \"/address/{id}\", function(data) {\n    var id = data.params.id; // 1234\n    // do something with the id...\n  },this);\n\n  m.emit(\"get\", \"/address/1234\");\n</pre>"}, "type": "desc"}, {"attributes": {}, "type": "constructor", "children": [{"attributes": {"line": 45, "isCtor": true, "name": "ctor"}, "type": "method"}]}, {"attributes": {}, "type": "methods", "children": [{"attributes": {"access": "protected", "line": 99, "name": "_addListener"}, "type": "method", "children": [{"attributes": {}, "type": "params", "children": [{"attributes": {"name": "channel"}, "type": "param", "children": [{"attributes": {"text": "<p>The channel the route should be registered for</p>"}, "type": "desc"}, {"attributes": {}, "type": "types", "children": [{"attributes": {"type": "String"}, "type": "entry"}]}]}, {"attributes": {"name": "type"}, "type": "param", "children": [{"attributes": {"text": "<p>The type, used for checking if the executed path matches</p>"}, "type": "desc"}, {"attributes": {}, "type": "types", "children": [{"attributes": {"type": "String"}, "type": "entry"}, {"attributes": {"type": "RegExp"}, "type": "entry"}]}]}, {"attributes": {"name": "handler"}, "type": "param", "children": [{"attributes": {"text": "<p>The handler to call if the route matches the executed path</p>"}, "type": "desc"}, {"attributes": {}, "type": "types", "children": [{"attributes": {"type": "Function"}, "type": "entry"}]}]}, {"attributes": {"defaultValue": "null", "optional": true, "name": "scope"}, "type": "param", "children": [{"attributes": {"text": "<p>The scope of the handler.</p>"}, "type": "desc"}, {"attributes": {}, "type": "types", "children": [{"attributes": {"type": "var"}, "type": "entry"}]}]}]}, {"attributes": {"text": "<p>Adds a listener for a certain channel.</p>"}, "type": "desc"}, {"attributes": {}, "type": "return", "children": [{"attributes": {"text": "<p>The id of the route used to remove the route.</p>"}, "type": "desc"}, {"attributes": {}, "type": "types", "children": [{"attributes": {"type": "String"}, "type": "entry"}]}]}]}, {"attributes": {"access": "protected", "line": 181, "name": "_emit"}, "type": "method", "children": [{"attributes": {}, "type": "params", "children": [{"attributes": {"name": "channel"}, "type": "param", "children": [{"attributes": {"text": "<p>The channel to execute.</p>"}, "type": "desc"}, {"attributes": {}, "type": "types", "children": [{"attributes": {"type": "String"}, "type": "entry"}]}]}, {"attributes": {"name": "path"}, "type": "param", "children": [{"attributes": {"text": "<p>The path to check</p>"}, "type": "desc"}, {"attributes": {}, "type": "types", "children": [{"attributes": {"type": "String"}, "type": "entry"}]}]}, {"attributes": {"name": "params"}, "type": "param", "children": [{"attributes": {"text": "<p>The given parameters that should be propagated</p>"}, "type": "desc"}, {"attributes": {}, "type": "types", "children": [{"attributes": {"type": "Map"}, "type": "entry"}]}]}, {"attributes": {"name": "customData"}, "type": "param", "children": [{"attributes": {"text": "<p>The given custom data that should be propagated</p>"}, "type": "desc"}, {"attributes": {}, "type": "types", "children": [{"attributes": {"type": "var"}, "type": "entry"}]}]}]}, {"attributes": {"text": "<p>Executes a certain channel with a given path. Informs all\nroute handlers that match with the path.</p>"}, "type": "desc"}]}, {"attributes": {"access": "protected", "line": 209, "name": "_emitListeners"}, "type": "method", "children": [{"attributes": {}, "type": "params", "children": [{"attributes": {"name": "channel"}, "type": "param", "children": [{"attributes": {"text": "<p>The channel to execute.</p>"}, "type": "desc"}, {"attributes": {}, "type": "types", "children": [{"attributes": {"type": "String"}, "type": "entry"}]}]}, {"attributes": {"name": "path"}, "type": "param", "children": [{"attributes": {"text": "<p>The path to check</p>"}, "type": "desc"}, {"attributes": {}, "type": "types", "children": [{"attributes": {"type": "String"}, "type": "entry"}]}]}, {"attributes": {"name": "listeners"}, "type": "param", "children": [{"attributes": {"text": "<p>All routes to test and execute.</p>"}, "type": "desc"}, {"attributes": {}, "type": "types", "children": [{"attributes": {"type": "Map", "dimensions": 1}, "type": "entry"}]}]}, {"attributes": {"name": "params"}, "type": "param", "children": [{"attributes": {"text": "<p>The given parameters that should be propagated</p>"}, "type": "desc"}, {"attributes": {}, "type": "types", "children": [{"attributes": {"type": "Map"}, "type": "entry"}]}]}, {"attributes": {"name": "customData"}, "type": "param", "children": [{"attributes": {"text": "<p>The given custom data that should be propagated</p>"}, "type": "desc"}, {"attributes": {}, "type": "types", "children": [{"attributes": {"type": "var"}, "type": "entry"}]}]}]}, {"attributes": {"text": "<p>Executes all given listener for a certain channel. Checks all listeners if they match\nwith the given path and executes the stored handler of the matching route.</p>"}, "type": "desc"}, {"attributes": {}, "type": "return", "children": [{"attributes": {"text": "<p>Whether the route has been executed</p>"}, "type": "desc"}, {"attributes": {}, "type": "types", "children": [{"attributes": {"type": "Boolean"}, "type": "entry"}]}]}]}, {"attributes": {"access": "protected", "line": 236, "name": "_emitRoute"}, "type": "method", "children": [{"attributes": {}, "type": "params", "children": [{"attributes": {"name": "channel"}, "type": "param", "children": [{"attributes": {"text": "<p>The channel to execute.</p>"}, "type": "desc"}, {"attributes": {}, "type": "types", "children": [{"attributes": {"type": "String"}, "type": "entry"}]}]}, {"attributes": {"name": "path"}, "type": "param", "children": [{"attributes": {"text": "<p>The path to check</p>"}, "type": "desc"}, {"attributes": {}, "type": "types", "children": [{"attributes": {"type": "String"}, "type": "entry"}]}]}, {"attributes": {"name": "listener"}, "type": "param", "children": [{"attributes": {"text": "<p>The route data.</p>"}, "type": "desc"}, {"attributes": {}, "type": "types", "children": [{"attributes": {"type": "Map"}, "type": "entry"}]}]}, {"attributes": {"name": "params"}, "type": "param", "children": [{"attributes": {"text": "<p>The given parameters that should be propagated</p>"}, "type": "desc"}, {"attributes": {}, "type": "types", "children": [{"attributes": {"type": "Map"}, "type": "entry"}]}]}, {"attributes": {"name": "customData"}, "type": "param", "children": [{"attributes": {"text": "<p>The given custom data that should be propagated</p>"}, "type": "desc"}, {"attributes": {}, "type": "types", "children": [{"attributes": {"type": "var"}, "type": "entry"}]}]}]}, {"attributes": {"text": "<p>Executes a certain listener. Checks if the listener matches the given path and\nexecutes the stored handler of the route.</p>"}, "type": "desc"}, {"attributes": {}, "type": "return", "children": [{"attributes": {"text": "<p>Whether the route has been executed</p>"}, "type": "desc"}, {"attributes": {}, "type": "types", "children": [{"attributes": {"type": "Boolean"}, "type": "entry"}]}]}]}, {"attributes": {"line": 167, "name": "emit"}, "type": "method", "children": [{"attributes": {}, "type": "params", "children": [{"attributes": {"name": "channel"}, "type": "param", "children": [{"attributes": {"text": "<p>The channel of the message.</p>"}, "type": "desc"}, {"attributes": {}, "type": "types", "children": [{"attributes": {"type": "String"}, "type": "entry"}]}]}, {"attributes": {"name": "path"}, "type": "param", "children": [{"attributes": {"text": "<p>The path to execute</p>"}, "type": "desc"}, {"attributes": {}, "type": "types", "children": [{"attributes": {"type": "String"}, "type": "entry"}]}]}, {"attributes": {"name": "params"}, "type": "param", "children": [{"attributes": {"text": "<p>The given parameters that should be propagated</p>"}, "type": "desc"}, {"attributes": {}, "type": "types", "children": [{"attributes": {"type": "Map"}, "type": "entry"}]}]}, {"attributes": {"name": "customData"}, "type": "param", "children": [{"attributes": {"text": "<p>The given custom data that should be propagated</p>"}, "type": "desc"}, {"attributes": {}, "type": "types", "children": [{"attributes": {"type": "var"}, "type": "entry"}]}]}]}, {"attributes": {"text": "<p>Sends a message on the given channel and informs all matching route handlers.</p>"}, "type": "desc"}]}, {"attributes": {"line": 142, "name": "has"}, "type": "method", "children": [{"attributes": {}, "type": "params", "children": [{"attributes": {"name": "channel"}, "type": "param", "children": [{"attributes": {"text": "<p>The channel of the message.</p>"}, "type": "desc"}, {"attributes": {}, "type": "types", "children": [{"attributes": {"type": "String"}, "type": "entry"}]}]}, {"attributes": {"name": "path"}, "type": "param", "children": [{"attributes": {"text": "<p>The path to check.</p>"}, "type": "desc"}, {"attributes": {}, "type": "types", "children": [{"attributes": {"type": "String"}, "type": "entry"}]}]}]}, {"attributes": {"text": "<p>Checks if a listener is registered for the given path in the given channel.</p>"}, "type": "desc"}, {"attributes": {}, "type": "return", "children": [{"attributes": {"text": "<p>Whether a listener is registered.</p>"}, "type": "desc"}, {"attributes": {}, "type": "types", "children": [{"attributes": {"type": "Boolean"}, "type": "entry"}]}]}]}, {"attributes": {"line": 70, "name": "on"}, "type": "method", "children": [{"attributes": {}, "type": "params", "children": [{"attributes": {"name": "channel"}, "type": "param", "children": [{"attributes": {"text": "<p>The channel of the message.</p>"}, "type": "desc"}, {"attributes": {}, "type": "types", "children": [{"attributes": {"type": "String"}, "type": "entry"}]}]}, {"attributes": {"name": "type"}, "type": "param", "children": [{"attributes": {"text": "<p>The type, used for checking if the executed path matches.</p>"}, "type": "desc"}, {"attributes": {}, "type": "types", "children": [{"attributes": {"type": "String"}, "type": "entry"}, {"attributes": {"type": "RegExp"}, "type": "entry"}]}]}, {"attributes": {"name": "handler"}, "type": "param", "children": [{"attributes": {"text": "<p>The handler to call if the route matches the executed path.</p>"}, "type": "desc"}, {"attributes": {}, "type": "types", "children": [{"attributes": {"type": "Function"}, "type": "entry"}]}]}, {"attributes": {"defaultValue": "null", "optional": true, "name": "scope"}, "type": "param", "children": [{"attributes": {"text": "<p>The scope of the handler.</p>"}, "type": "desc"}, {"attributes": {}, "type": "types", "children": [{"attributes": {"type": "var"}, "type": "entry"}]}]}]}, {"attributes": {"text": "<p>Adds a route handler for the given channel. The route is called\nif the {@link #emit} method finds a match.</p>"}, "type": "desc"}, {"attributes": {}, "type": "return", "children": [{"attributes": {"text": "<p>The id of the route used to remove the route.</p>"}, "type": "desc"}, {"attributes": {}, "type": "types", "children": [{"attributes": {"type": "String"}, "type": "entry"}]}]}]}, {"attributes": {"line": 85, "name": "onAny"}, "type": "method", "children": [{"attributes": {}, "type": "params", "children": [{"attributes": {"name": "type"}, "type": "param", "children": [{"attributes": {"text": "<p>The route, used for checking if the executed path matches</p>"}, "type": "desc"}, {"attributes": {}, "type": "types", "children": [{"attributes": {"type": "String"}, "type": "entry"}, {"attributes": {"type": "RegExp"}, "type": "entry"}]}]}, {"attributes": {"name": "handler"}, "type": "param", "children": [{"attributes": {"text": "<p>The handler to call if the route matches the executed path</p>"}, "type": "desc"}, {"attributes": {}, "type": "types", "children": [{"attributes": {"type": "Function"}, "type": "entry"}]}]}, {"attributes": {"defaultValue": "null", "optional": true, "name": "scope"}, "type": "param", "children": [{"attributes": {"text": "<p>The scope of the handler.</p>"}, "type": "desc"}, {"attributes": {}, "type": "types", "children": [{"attributes": {"type": "var"}, "type": "entry"}]}]}]}, {"attributes": {"text": "<p>Adds a handler for the &#8220;any&#8221; channel. The &#8220;any&#8221; channel is called\nbefore all other channels.</p>"}, "type": "desc"}, {"attributes": {}, "type": "return", "children": [{"attributes": {"text": "<p>The id of the route used to remove the route.</p>"}, "type": "desc"}, {"attributes": {}, "type": "types", "children": [{"attributes": {"type": "String"}, "type": "entry"}]}]}]}, {"attributes": {"line": 127, "name": "remove"}, "type": "method", "children": [{"attributes": {}, "type": "params", "children": [{"attributes": {"name": "id"}, "type": "param", "children": [{"attributes": {"text": "<p>The id of the registered listener.</p>"}, "type": "desc"}, {"attributes": {}, "type": "types", "children": [{"attributes": {"type": "String"}, "type": "entry"}]}]}]}, {"attributes": {"text": "<p>Removes a registered listener by the given id.</p>"}, "type": "desc"}]}]}]}