{"attributes": {"fullName": "qx.event.IEventHandler", "packageName": "qx.event", "type": "interface", "name": "IEventHandler", "implementations": "qx.event.handler.Object"}, "type": "class", "children": [{"attributes": {"text": "<p>Event handler Interface.</p>\n\n<p>All custom event handler like mouse or keyboard event handler must implement\nthis interface.</p>"}, "type": "desc"}, {"attributes": {}, "type": "constants", "children": [{"attributes": {"type": "Number", "name": "TARGET_DOMNODE", "value": "1"}, "type": "constant", "children": [{"attributes": {"text": "<p>The event target must be a dom node</p>"}, "type": "desc"}, {"attributes": {}, "type": "types", "children": [{"attributes": {"type": "Integer"}, "type": "entry"}]}]}, {"attributes": {"type": "Number", "name": "TARGET_DOCUMENT", "value": "8"}, "type": "constant", "children": [{"attributes": {"text": "<p>The event target must be a document node</p>"}, "type": "desc"}, {"attributes": {}, "type": "types", "children": [{"attributes": {"type": "Integer"}, "type": "entry"}]}]}, {"attributes": {"type": "Number", "name": "TARGET_OBJECT", "value": "4"}, "type": "constant", "children": [{"attributes": {"text": "<p>The event target must be a qooxdoo object</p>"}, "type": "desc"}, {"attributes": {}, "type": "types", "children": [{"attributes": {"type": "Integer"}, "type": "entry"}]}]}, {"attributes": {"type": "Number", "name": "TARGET_WINDOW", "value": "2"}, "type": "constant", "children": [{"attributes": {"text": "<p>The event target must be a window object</p>"}, "type": "desc"}, {"attributes": {}, "type": "types", "children": [{"attributes": {"type": "Integer"}, "type": "entry"}]}]}]}, {"attributes": {}, "type": "methods", "children": [{"attributes": {"line": 59, "name": "canHandleEvent"}, "type": "method", "children": [{"attributes": {}, "type": "params", "children": [{"attributes": {"name": "target"}, "type": "param", "children": [{"attributes": {"text": "<p>The target to, which the event handler should be attached</p>"}, "type": "desc"}, {"attributes": {}, "type": "types", "children": [{"attributes": {"type": "var"}, "type": "entry"}]}]}, {"attributes": {"name": "type"}, "type": "param", "children": [{"attributes": {"text": "<p>event type</p>"}, "type": "desc"}, {"attributes": {}, "type": "types", "children": [{"attributes": {"type": "String"}, "type": "entry"}]}]}]}, {"attributes": {"text": "<p>Whether the event handler can handle events of the given type. If the\nevent handler class has a static variable called <code>IGNORE_CAN_HANDLE</code>\nwith the value <code>true</code> this function is not called. Whether the\nhandler can handle the event is them only determined by the static variables\n<code>SUPPORTED_TYPES</code> and <code>TARGET_CHECK</code>.</p>"}, "type": "desc"}, {"attributes": {}, "type": "return", "children": [{"attributes": {"text": "<p>Whether the event handler can handle events of the given type.</p>"}, "type": "desc"}, {"attributes": {}, "type": "types", "children": [{"attributes": {"type": "Boolean"}, "type": "entry"}]}]}]}, {"attributes": {"line": 72, "name": "registerEvent"}, "type": "method", "children": [{"attributes": {}, "type": "params", "children": [{"attributes": {"name": "target"}, "type": "param", "children": [{"attributes": {"text": "<p>The target to, which the event handler should be attached</p>"}, "type": "desc"}, {"attributes": {}, "type": "types", "children": [{"attributes": {"type": "var"}, "type": "entry"}]}]}, {"attributes": {"name": "type"}, "type": "param", "children": [{"attributes": {"text": "<p>event type</p>"}, "type": "desc"}, {"attributes": {}, "type": "types", "children": [{"attributes": {"type": "String"}, "type": "entry"}]}]}, {"attributes": {"name": "capture"}, "type": "param", "children": [{"attributes": {"text": "<p>Whether to attach the event to the capturing phase or the bubbling phase of the event.</p>"}, "type": "desc"}, {"attributes": {}, "type": "types", "children": [{"attributes": {"type": "Boolean"}, "type": "entry"}]}]}]}, {"attributes": {"text": "<p>This method is called each time an event listener, for one of the\nsupported events, is added using {@link qx.event.Manager#addListener}.</p>"}, "type": "desc"}]}, {"attributes": {"line": 86, "name": "unregisterEvent"}, "type": "method", "children": [{"attributes": {}, "type": "params", "children": [{"attributes": {"name": "target"}, "type": "param", "children": [{"attributes": {"text": "<p>The target from, which the event handler should be removed</p>"}, "type": "desc"}, {"attributes": {}, "type": "types", "children": [{"attributes": {"type": "var"}, "type": "entry"}]}]}, {"attributes": {"name": "type"}, "type": "param", "children": [{"attributes": {"text": "<p>event type</p>"}, "type": "desc"}, {"attributes": {}, "type": "types", "children": [{"attributes": {"type": "String"}, "type": "entry"}]}]}, {"attributes": {"name": "capture"}, "type": "param", "children": [{"attributes": {"text": "<p>Whether to attach the event to the capturing phase or the bubbling phase of the event.</p>"}, "type": "desc"}, {"attributes": {}, "type": "types", "children": [{"attributes": {"type": "Boolean"}, "type": "entry"}]}]}]}, {"attributes": {"text": "<p>This method is called each time an event listener, for one of the\nsupported events, is removed by using {@link qx.event.Manager#removeListener}\nand no other event listener is listening on this type.</p>"}, "type": "desc"}]}]}]}