{"attributes": {"fullName": "qx.event.handler.OrientationCore", "packageName": "qx.event.handler", "type": "bootstrap", "name": "OrientationCore", "superClass": "Object"}, "type": "class", "children": [{"attributes": {"text": "<p>Listens for native orientation change events</p>"}, "type": "desc"}, {"attributes": {}, "type": "constructor", "children": [{"attributes": {"line": 48, "isCtor": true, "name": "ctor"}, "type": "method", "children": [{"attributes": {}, "type": "params", "children": [{"attributes": {"name": "targetWindow"}, "type": "param", "children": [{"attributes": {"text": "<p><span class=\"caps\">DOM</span> window object</p>"}, "type": "desc"}, {"attributes": {}, "type": "types", "children": [{"attributes": {"type": "Window"}, "type": "entry"}]}]}, {"attributes": {"name": "emitter"}, "type": "param", "children": [{"attributes": {"text": "<p>Event emitter object</p>"}, "type": "desc"}, {"attributes": {}, "type": "types", "children": [{"attributes": {"type": "qx.event.Emitter"}, "type": "entry"}]}]}]}, {"attributes": {"text": ""}, "type": "desc"}]}]}, {"attributes": {}, "type": "methods", "children": [{"attributes": {"access": "protected", "line": 76, "name": "_initObserver"}, "type": "method", "children": [{"attributes": {"text": "<p>Initializes the native orientation change event listeners.</p>"}, "type": "desc"}]}, {"attributes": {"access": "protected", "line": 122, "name": "_onNative"}, "type": "method", "children": [{"attributes": {}, "type": "params", "children": [{"attributes": {"name": "domEvent"}, "type": "param", "children": [{"attributes": {"text": "<p>The touch event from the browser.</p>"}, "type": "desc"}, {"attributes": {}, "type": "types", "children": [{"attributes": {"type": "Event"}, "type": "entry"}]}]}]}, {"attributes": {"text": "<p>Handler for the native orientation change event.</p>"}, "type": "desc"}]}, {"attributes": {"access": "protected", "line": 102, "name": "_stopObserver"}, "type": "method", "children": [{"attributes": {"text": "<p>Disconnects the native orientation change event listeners.</p>"}, "type": "desc"}]}]}]}