{"attributes": {"fullName": "qx.Interface", "packageName": "qx", "isStatic": true, "type": "bootstrap", "name": "Interface"}, "type": "class", "children": [{"attributes": {"text": "<p>This class is used to define interfaces (similar to Java interfaces).</p>\n\n<p>See the description of the {@link #define} method how an interface is\ndefined.</p>"}, "type": "desc"}, {"attributes": {}, "type": "methods-static", "children": [{"attributes": {"access": "private", "line": 357, "isStatic": true, "name": "__checkEvents"}, "type": "method", "children": [{"attributes": {}, "type": "params", "children": [{"attributes": {"name": "clazz"}, "type": "param", "children": [{"attributes": {"text": "<p>class to check interface for</p>"}, "type": "desc"}, {"attributes": {}, "type": "types", "children": [{"attributes": {"type": "Class"}, "type": "entry"}]}]}, {"attributes": {"name": "iface"}, "type": "param", "children": [{"attributes": {"text": "<p>the interface to verify</p>"}, "type": "desc"}, {"attributes": {}, "type": "types", "children": [{"attributes": {"type": "Interface"}, "type": "entry"}]}]}, {"attributes": {"name": "shouldThrow"}, "type": "param", "children": [{"attributes": {"text": "<p>if <code>false</code>, the method will return a boolean instead of throwing an exception</p>"}, "type": "desc"}, {"attributes": {}, "type": "types", "children": [{"attributes": {"type": "Boolean"}, "type": "entry"}]}]}]}, {"attributes": {"text": "<p>Assert events</p>"}, "type": "desc"}, {"attributes": {}, "type": "return", "children": [{"attributes": {"text": "<code>true</code> if all events are supported"}, "type": "desc"}, {"attributes": {}, "type": "types", "children": [{"attributes": {"type": "Boolean"}, "type": "entry"}]}]}]}, {"attributes": {"access": "private", "line": 225, "isStatic": true, "name": "__checkMembers"}, "type": "method", "children": [{"attributes": {}, "type": "params", "children": [{"attributes": {"name": "object"}, "type": "param", "children": [{"attributes": {"text": "<p>The object, which contains the methods</p>"}, "type": "desc"}, {"attributes": {}, "type": "types", "children": [{"attributes": {"type": "qx.core.Object"}, "type": "entry"}]}]}, {"attributes": {"name": "clazz"}, "type": "param", "children": [{"attributes": {"text": "<p>class of the object</p>"}, "type": "desc"}, {"attributes": {}, "type": "types", "children": [{"attributes": {"type": "Class"}, "type": "entry"}]}]}, {"attributes": {"name": "iface"}, "type": "param", "children": [{"attributes": {"text": "<p>the interface to verify</p>"}, "type": "desc"}, {"attributes": {}, "type": "types", "children": [{"attributes": {"type": "Interface"}, "type": "entry"}]}]}, {"attributes": {"defaultValue": "false", "optional": true, "name": "wrap"}, "type": "param", "children": [{"attributes": {"text": "<p>wrap functions required by interface to check parameters etc.</p>"}, "type": "desc"}, {"attributes": {}, "type": "types", "children": [{"attributes": {"type": "Boolean"}, "type": "entry"}]}]}, {"attributes": {"name": "shouldThrow"}, "type": "param", "children": [{"attributes": {"text": "<p>if <code>false</code>, the method will return a boolean instead of throwing an exception</p>"}, "type": "desc"}, {"attributes": {}, "type": "types", "children": [{"attributes": {"type": "Boolean"}, "type": "entry"}]}]}]}, {"attributes": {"text": "<p>Assert members</p>"}, "type": "desc"}, {"attributes": {}, "type": "return", "children": [{"attributes": {"text": "<code>true</code> if all members are supported"}, "type": "desc"}, {"attributes": {}, "type": "types", "children": [{"attributes": {"type": "Boolean"}, "type": "entry"}]}]}]}, {"attributes": {"access": "private", "line": 326, "isStatic": true, "name": "__checkProperties"}, "type": "method", "children": [{"attributes": {}, "type": "params", "children": [{"attributes": {"name": "clazz"}, "type": "param", "children": [{"attributes": {"text": "<p>class to check interface for</p>"}, "type": "desc"}, {"attributes": {}, "type": "types", "children": [{"attributes": {"type": "Class"}, "type": "entry"}]}]}, {"attributes": {"name": "iface"}, "type": "param", "children": [{"attributes": {"text": "<p>the interface to verify</p>"}, "type": "desc"}, {"attributes": {}, "type": "types", "children": [{"attributes": {"type": "Interface"}, "type": "entry"}]}]}, {"attributes": {"name": "shouldThrow"}, "type": "param", "children": [{"attributes": {"text": "<p>if <code>false</code>, the method will return a boolean instead of throwing an exception</p>"}, "type": "desc"}, {"attributes": {}, "type": "types", "children": [{"attributes": {"type": "Boolean"}, "type": "entry"}]}]}]}, {"attributes": {"text": "<p>Assert properties</p>"}, "type": "desc"}, {"attributes": {}, "type": "return", "children": [{"attributes": {"text": "<code>true</code> if all properties are supported"}, "type": "desc"}, {"attributes": {}, "type": "types", "children": [{"attributes": {"type": "Boolean"}, "type": "entry"}]}]}]}, {"attributes": {"access": "private", "line": 294, "isStatic": true, "name": "__isPropertyMethod"}, "type": "method", "children": [{"attributes": {}, "type": "params", "children": [{"attributes": {"name": "clazz"}, "type": "param", "children": [{"attributes": {"text": "<p>The current class.</p>"}, "type": "desc"}, {"attributes": {}, "type": "types", "children": [{"attributes": {"type": "Class"}, "type": "entry"}]}]}, {"attributes": {"name": "methodName"}, "type": "param", "children": [{"attributes": {"text": "<p>The name of the method.</p>"}, "type": "desc"}, {"attributes": {}, "type": "types", "children": [{"attributes": {"type": "String"}, "type": "entry"}]}]}]}, {"attributes": {"text": "<p>Internal helper to detect if the method will be generated by the\nproperty system.</p>"}, "type": "desc"}, {"attributes": {}, "type": "return", "children": [{"attributes": {"text": "<p>true, if the method will be generated by the property system.</p>"}, "type": "desc"}, {"attributes": {}, "type": "types", "children": [{"attributes": {"type": "Boolean"}, "type": "entry"}]}]}]}, {"attributes": {"access": "private", "line": 1, "isStatic": true, "name": "__validateConfig"}, "type": "method", "children": [{"attributes": {}, "type": "params", "children": [{"attributes": {"name": "name"}, "type": "param", "children": [{"attributes": {"text": "<p>The name of the class</p>"}, "type": "desc"}, {"attributes": {}, "type": "types", "children": [{"attributes": {"type": "String"}, "type": "entry"}]}]}, {"attributes": {"name": "config"}, "type": "param", "children": [{"attributes": {"text": "<p>Configuration map</p>"}, "type": "desc"}, {"attributes": {}, "type": "types", "children": [{"attributes": {"type": "Map"}, "type": "entry"}]}]}]}, {"attributes": {"text": "<p>Validates incoming configuration and checks keys and values</p>"}, "type": "desc"}]}, {"attributes": {"access": "private", "line": 1, "isStatic": true, "name": "__wrapInterfaceMember"}, "type": "method", "children": [{"attributes": {}, "type": "params", "children": [{"attributes": {"name": "iface"}, "type": "param", "children": [{"attributes": {"text": "<p>Name of the interface, where the pre condition was defined. (Used in error messages).</p>"}, "type": "desc"}, {"attributes": {}, "type": "types", "children": [{"attributes": {"type": "String"}, "type": "entry"}]}]}, {"attributes": {"name": "origFunction"}, "type": "param", "children": [{"attributes": {"text": "<p>function to wrap.</p>"}, "type": "desc"}, {"attributes": {}, "type": "types", "children": [{"attributes": {"type": "Function"}, "type": "entry"}]}]}, {"attributes": {"name": "functionName"}, "type": "param", "children": [{"attributes": {"text": "<p>name of the function. (Used in error messages).</p>"}, "type": "desc"}, {"attributes": {}, "type": "types", "children": [{"attributes": {"type": "String"}, "type": "entry"}]}]}, {"attributes": {"name": "preCondition"}, "type": "param", "children": [{"attributes": {"text": "<p>. This function gets called with the arguments of the original function. If this function return true the original function is called. Otherwise an exception is thrown.</p>"}, "type": "desc"}, {"attributes": {}, "type": "types", "children": [{"attributes": {"type": "Function"}, "type": "entry"}]}]}]}, {"attributes": {"text": "<p>Wrap a method with a precondition check.</p>"}, "type": "desc"}, {"attributes": {}, "type": "return", "children": [{"attributes": {"text": "<p>wrapped function</p>"}, "type": "desc"}, {"attributes": {}, "type": "types", "children": [{"attributes": {"type": "Function"}, "type": "entry"}]}]}]}, {"attributes": {"line": 413, "isStatic": true, "name": "assert"}, "type": "method", "children": [{"attributes": {}, "type": "params", "children": [{"attributes": {"name": "clazz"}, "type": "param", "children": [{"attributes": {"text": "<p>class to check interface for</p>"}, "type": "desc"}, {"attributes": {}, "type": "types", "children": [{"attributes": {"type": "Class"}, "type": "entry"}]}]}, {"attributes": {"name": "iface"}, "type": "param", "children": [{"attributes": {"text": "<p>the interface to verify</p>"}, "type": "desc"}, {"attributes": {}, "type": "types", "children": [{"attributes": {"type": "Interface"}, "type": "entry"}]}]}, {"attributes": {"defaultValue": "false", "optional": true, "name": "wrap"}, "type": "param", "children": [{"attributes": {"text": "<p>wrap functions required by interface to check parameters etc.</p>"}, "type": "desc"}, {"attributes": {}, "type": "types", "children": [{"attributes": {"type": "Boolean"}, "type": "entry"}]}]}]}, {"attributes": {"text": "<p>Checks if an interface is implemented by a class</p>"}, "type": "desc"}]}, {"attributes": {"line": 387, "isStatic": true, "name": "assertObject"}, "type": "method", "children": [{"attributes": {}, "type": "params", "children": [{"attributes": {"name": "object"}, "type": "param", "children": [{"attributes": {"text": "<p>Object to check interface for</p>"}, "type": "desc"}, {"attributes": {}, "type": "types", "children": [{"attributes": {"type": "qx.core.Object"}, "type": "entry"}]}]}, {"attributes": {"name": "iface"}, "type": "param", "children": [{"attributes": {"text": "<p>The interface to verify</p>"}, "type": "desc"}, {"attributes": {}, "type": "types", "children": [{"attributes": {"type": "Interface"}, "type": "entry"}]}]}]}, {"attributes": {"text": "<p>Asserts that the given object implements all the methods defined in the\ninterface. This method throws an exception if the object does not\nimplement the interface.</p>"}, "type": "desc"}]}, {"attributes": {"line": 470, "isStatic": true, "name": "classImplements"}, "type": "method", "children": [{"attributes": {}, "type": "params", "children": [{"attributes": {"name": "clazz"}, "type": "param", "children": [{"attributes": {"text": "<p>class to check interface for</p>"}, "type": "desc"}, {"attributes": {}, "type": "types", "children": [{"attributes": {"type": "Class"}, "type": "entry"}]}]}, {"attributes": {"name": "iface"}, "type": "param", "children": [{"attributes": {"text": "<p>the interface to verify</p>"}, "type": "desc"}, {"attributes": {}, "type": "types", "children": [{"attributes": {"type": "Interface"}, "type": "entry"}]}]}]}, {"attributes": {"text": "<p>Tests whether an interface is implemented by a class, without throwing an\nexception when it doesn&#8217;t.</p>"}, "type": "desc"}, {"attributes": {}, "type": "return", "children": [{"attributes": {"text": "<code>true</code> if interface is implemented"}, "type": "desc"}, {"attributes": {}, "type": "types", "children": [{"attributes": {"type": "Boolean"}, "type": "entry"}]}]}]}, {"attributes": {"line": 96, "isStatic": true, "name": "define"}, "type": "method", "children": [{"attributes": {}, "type": "params", "children": [{"attributes": {"name": "name"}, "type": "param", "children": [{"attributes": {"text": "<p>name of the interface</p>"}, "type": "desc"}, {"attributes": {}, "type": "types", "children": [{"attributes": {"type": "String"}, "type": "entry"}]}]}, {"attributes": {"defaultValue": "null", "optional": true, "name": "config"}, "type": "param", "children": [{"attributes": {"text": "<p>Interface definition structure. The configuration map has the following keys: <table> <tr><th>Name</th><th>Type</th><th>Description</th></tr> <tr><th>extend</th><td>Interface |\nInterface[]</td><td>Single interface or array of interfaces this interface inherits from.</td></tr> <tr><th>members</th><td>Map</td><td>Map of members of the interface.</td></tr> <tr><th>statics</th><td>Map</td><td> Map of statics of the interface. The statics will not get copied into the target class. This is the same behaviour as statics in mixins ({@link qx.Mixin#define}). </td></tr> <tr><th>properties</th><td>Map</td><td>Map of properties and their definitions.</td></tr> <tr><th>events</th><td>Map</td><td>Map of event names and the corresponding event class name.</td></tr> </table></p>"}, "type": "desc"}, {"attributes": {}, "type": "types", "children": [{"attributes": {"type": "Map"}, "type": "entry"}]}]}]}, {"attributes": {"text": "<p>Define a new interface. Interface definitions look much like class definitions.</p>\n\n<p>The main difference is that the bodies of functions defined in <code>members</code>\nand <code>statics</code> are called before the original function with the\nsame arguments. This can be used to check the passed arguments. If the\nchecks fail, an exception should be thrown. It is convenient to use the\nmethod defined in {@link qx.core.MAssert} to check the arguments.</p>\n\n<p>In the <code>build</code> version the checks are omitted.</p>\n\n<p>For properties only the names are required so the value of the properties\ncan be empty maps.</p>\n\n<p>Example:</p>\n\n<pre class=\"javascript\">\nqx.Interface.define(\"name\",\n{\n  extend: [SuperInterfaces],\n\n  statics:\n  {\n    PI : 3.14\n  },\n\n  properties: {\"color\": {}, \"name\": {} },\n\n  members:\n  {\n    meth1: function() {},\n    meth2: function(a, b) { this.assertArgumentsCount(arguments, 2, 2); },\n    meth3: function(c) { this.assertInterface(c.constructor, qx.some.Interface); }\n  },\n\n  events :\n  {\n    keydown : \"qx.event.type.KeySequence\"\n  }\n});\n</pre>"}, "type": "desc"}, {"attributes": {}, "type": "return", "children": [{"attributes": {"text": "<p>The configured interface</p>"}, "type": "desc"}, {"attributes": {}, "type": "types", "children": [{"attributes": {"type": "qx.Interface"}, "type": "entry"}]}]}]}, {"attributes": {"line": 193, "isStatic": true, "name": "flatten"}, "type": "method", "children": [{"attributes": {}, "type": "params", "children": [{"attributes": {"defaultValue": "[]", "optional": true, "name": "ifaces"}, "type": "param", "children": [{"attributes": {"text": "<p>List of interfaces to be resolved</p>"}, "type": "desc"}, {"attributes": {}, "type": "types", "children": [{"attributes": {"type": "Interface", "dimensions": 1}, "type": "entry"}]}]}]}, {"attributes": {"text": "<p>Generates a list of all interfaces including their super interfaces\n(resolved recursively)</p>"}, "type": "desc"}, {"attributes": {}, "type": "return", "children": [{"attributes": {"text": "<p>List of all interfaces</p>"}, "type": "desc"}, {"attributes": {}, "type": "types", "children": [{"attributes": {"type": "Array"}, "type": "entry"}]}]}]}, {"attributes": {"access": "internal", "isInternal": true, "line": 506, "isStatic": true, "name": "genericToString"}, "type": "method", "children": [{"attributes": {"text": "<p>This method will be attached to all interface to return\na nice identifier for them.</p>"}, "type": "desc"}, {"attributes": {}, "type": "return", "children": [{"attributes": {"text": "<p>The interface identifier</p>"}, "type": "desc"}, {"attributes": {}, "type": "types", "children": [{"attributes": {"type": "String"}, "type": "entry"}]}]}]}, {"attributes": {"line": 160, "isStatic": true, "name": "getByName"}, "type": "method", "children": [{"attributes": {}, "type": "params", "children": [{"attributes": {"name": "name"}, "type": "param", "children": [{"attributes": {"text": "<p>class name to resolve</p>"}, "type": "desc"}, {"attributes": {}, "type": "types", "children": [{"attributes": {"type": "String"}, "type": "entry"}]}]}]}, {"attributes": {"text": "<p>Returns an interface by name</p>"}, "type": "desc"}, {"attributes": {}, "type": "return", "children": [{"attributes": {"text": "<p>the class</p>"}, "type": "desc"}, {"attributes": {}, "type": "types", "children": [{"attributes": {"type": "Class"}, "type": "entry"}]}]}]}, {"attributes": {"line": 181, "isStatic": true, "name": "getTotalNumber"}, "type": "method", "children": [{"attributes": {"text": "<p>Determine the number of interfaces which are defined</p>"}, "type": "desc"}, {"attributes": {}, "type": "return", "children": [{"attributes": {"text": "<p>the number of interfaces</p>"}, "type": "desc"}, {"attributes": {}, "type": "types", "children": [{"attributes": {"type": "Number"}, "type": "entry"}]}]}]}, {"attributes": {"line": 171, "isStatic": true, "name": "isDefined"}, "type": "method", "children": [{"attributes": {}, "type": "params", "children": [{"attributes": {"name": "name"}, "type": "param", "children": [{"attributes": {"text": "<p>Interface name to check</p>"}, "type": "desc"}, {"attributes": {}, "type": "types", "children": [{"attributes": {"type": "String"}, "type": "entry"}]}]}]}, {"attributes": {"text": "<p>Determine if interface exists</p>"}, "type": "desc"}, {"attributes": {}, "type": "return", "children": [{"attributes": {"text": "<p>true if interface exists</p>"}, "type": "desc"}, {"attributes": {}, "type": "types", "children": [{"attributes": {"type": "Boolean"}, "type": "entry"}]}]}]}, {"attributes": {"line": 438, "isStatic": true, "name": "objectImplements"}, "type": "method", "children": [{"attributes": {}, "type": "params", "children": [{"attributes": {"name": "object"}, "type": "param", "children": [{"attributes": {"text": "<p>Object to check interface for</p>"}, "type": "desc"}, {"attributes": {}, "type": "types", "children": [{"attributes": {"type": "qx.core.Object"}, "type": "entry"}]}]}, {"attributes": {"name": "iface"}, "type": "param", "children": [{"attributes": {"text": "<p>The interface to verify</p>"}, "type": "desc"}, {"attributes": {}, "type": "types", "children": [{"attributes": {"type": "Interface"}, "type": "entry"}]}]}]}, {"attributes": {"text": "<p>Asserts that the given object implements all the methods defined in the\ninterface.</p>"}, "type": "desc"}, {"attributes": {}, "type": "return", "children": [{"attributes": {"text": "<code>true</code> if the objects implements the interface"}, "type": "desc"}, {"attributes": {}, "type": "types", "children": [{"attributes": {"type": "Boolean"}, "type": "entry"}]}]}]}]}, {"attributes": {}, "type": "constants", "children": [{"attributes": {"access": "private", "name": "__allowedKeys"}, "type": "constant", "children": [{"attributes": {"text": "<p>allowed keys in interface definition</p>"}, "type": "desc"}, {"attributes": {}, "type": "types", "children": [{"attributes": {"type": "Map"}, "type": "entry"}]}]}]}]}