{"attributes": {"fullName": "qx.log.appender.RingBuffer", "packageName": "qx.log.appender", "type": "bootstrap", "name": "RingBuffer", "superClass": "qx.util.RingBuffer"}, "type": "class", "children": [{"attributes": {"text": "<p>An appender that writes all messages to a memory container. The messages\ncan be retrieved later, f. i. when an error dialog pops up and the question\narises what actions have caused the error.</p>\n\n<p>A mark feature also exists which can be used to remember a point in time.\nWhen retrieving log events, it is possible to get only those events\nafter the marked time. This is useful if data from the buffer is extracted\nand f. i. sent to a logging system. Whenever this happens, a mark() call\ncan be used so that the next extraction will only get new data.</p>"}, "type": "desc"}, {"attributes": {}, "type": "constructor", "children": [{"attributes": {"line": 40, "isCtor": true, "overriddenFrom": "qx.util.RingBuffer", "name": "ctor"}, "type": "method", "children": [{"attributes": {}, "type": "params", "children": [{"attributes": {"defaultValue": "50", "optional": true, "name": "maxMessages"}, "type": "param", "children": [{"attributes": {"text": "<p>Maximum number of messages in the buffer</p>"}, "type": "desc"}, {"attributes": {}, "type": "types", "children": [{"attributes": {"type": "Integer"}, "type": "entry"}]}]}]}, {"attributes": {"text": ""}, "type": "desc"}]}]}, {"attributes": {}, "type": "methods", "children": [{"attributes": {"line": 109, "name": "clearHistory"}, "type": "method", "children": [{"attributes": {"text": "<p>Clears the log history</p>"}, "type": "desc"}]}, {"attributes": {"line": 86, "name": "getAllLogEvents"}, "type": "method", "children": [{"attributes": {"text": "<p>Returns all stored log events</p>"}, "type": "desc"}, {"attributes": {}, "type": "return", "children": [{"attributes": {"text": "<p>array of stored log events</p>"}, "type": "desc"}, {"attributes": {}, "type": "types", "children": [{"attributes": {"type": "Array"}, "type": "entry"}]}]}]}, {"attributes": {"line": 66, "name": "getMaxMessages"}, "type": "method", "children": [{"attributes": {"text": "<p>Get the maximum number of messages to hold</p>"}, "type": "desc"}, {"attributes": {}, "type": "return", "children": [{"attributes": {"text": "<p>the maximum number of messages</p>"}, "type": "desc"}, {"attributes": {}, "type": "types", "children": [{"attributes": {"type": "Integer"}, "type": "entry"}]}]}]}, {"attributes": {"line": 76, "name": "process"}, "type": "method", "children": [{"attributes": {}, "type": "params", "children": [{"attributes": {"name": "entry"}, "type": "param", "children": [{"attributes": {"text": "<p>The entry to process</p>"}, "type": "desc"}, {"attributes": {}, "type": "types", "children": [{"attributes": {"type": "Map"}, "type": "entry"}]}]}]}, {"attributes": {"text": "<p>Processes a single log entry</p>"}, "type": "desc"}]}, {"attributes": {"line": 101, "name": "retrieveLogEvents"}, "type": "method", "children": [{"attributes": {}, "type": "params", "children": [{"attributes": {"name": "count"}, "type": "param", "children": [{"attributes": {"text": "<p>The number of events to retrieve. If there are more events than the given count, the oldest ones will not be returned.</p>"}, "type": "desc"}, {"attributes": {}, "type": "types", "children": [{"attributes": {"type": "Integer"}, "type": "entry"}]}]}, {"attributes": {"defaultValue": "false", "optional": true, "name": "startingFromMark"}, "type": "param", "children": [{"attributes": {"text": "<p>If true, only entries since the last call to mark() will be returned</p>"}, "type": "desc"}, {"attributes": {}, "type": "types", "children": [{"attributes": {"type": "Boolean"}, "type": "entry"}]}]}]}, {"attributes": {"text": "<p>Returns log events which have been logged previously.</p>"}, "type": "desc"}, {"attributes": {}, "type": "return", "children": [{"attributes": {"text": "<p>array of stored log events</p>"}, "type": "desc"}, {"attributes": {}, "type": "types", "children": [{"attributes": {"type": "Array"}, "type": "entry"}]}]}]}, {"attributes": {"line": 56, "name": "setMaxMessages"}, "type": "method", "children": [{"attributes": {}, "type": "params", "children": [{"attributes": {"name": "maxMessages"}, "type": "param", "children": [{"attributes": {"text": "<p>the maximum number of messages to hold</p>"}, "type": "desc"}, {"attributes": {}, "type": "types", "children": [{"attributes": {"type": "Integer"}, "type": "entry"}]}]}]}, {"attributes": {"text": "<p>Set the maximum number of messages to hold. If null the number of\nmessages is not limited.</p>\n\n<p>Warning: Changing this property will clear the events logged so far.</p>"}, "type": "desc"}]}]}]}