{"attributes": {"isStatic": true, "group": "Polyfill", "name": "Object", "packageName": "qx.lang.normalize", "fullName": "qx.lang.normalize.Object", "type": "bootstrap"}, "type": "class", "children": [{"attributes": {"text": "<p>This class is responsible for the normalization of the native Object.\nIt checks if these methods are available and, if not, appends them to\nensure compatibility in all browsers.\nFor usage samples, check out the attached links.</p>"}, "type": "desc"}, {"attributes": {}, "type": "methods-static", "children": [{"attributes": {"line": 1, "isStatic": true, "name": "keys"}, "type": "method", "children": [{"attributes": {}, "type": "params", "children": [{"attributes": {"name": "map"}, "type": "param", "children": [{"attributes": {"text": "<p>the map</p>"}, "type": "desc"}, {"attributes": {}, "type": "types", "children": [{"attributes": {"type": "Object"}, "type": "entry"}]}]}]}, {"attributes": {"text": "<p>Get the keys of a map as array as returned by a &#8220;for&#8230; in&#8221; statement.</p>\n\n<a href=\"https://developer.mozilla.org/en-US/docs/JavaScript/Reference/Global_Objects/Object/keys\">MDN documentation</a> |\n<a href=\"http://es5.github.com/#x15.2.3.14\">Annotated ES5 Spec</a>"}, "type": "desc"}, {"attributes": {}, "type": "return", "children": [{"attributes": {"text": "<p>array of the keys of the map</p>"}, "type": "desc"}, {"attributes": {}, "type": "types", "children": [{"attributes": {"type": "Array"}, "type": "entry"}]}]}]}]}]}