{"attributes": {"fullName": "qx.module.Placeholder", "packageName": "qx.module", "isStatic": true, "type": "bootstrap", "name": "Placeholder"}, "type": "class", "children": [{"attributes": {"text": "<p>The module supplies a fallback implementation for placeholders, which is\nused on input and textarea elements. If the browser supports native placeholders\nthe <span class=\"caps\">API</span> silently ignores all calls. If not, an element will be created for every\ngiven input element and acts as placeholder. Most modern browsers support\nplaceholders which makes the fallback only relevant for IE < 10 and FF < 4.</p>\n\n<ul>\n<li><a href=\"http://dev.w3.org/html5/spec/single-page.html#the-placeholder-attribute\"><span class=\"caps\">HTML</span> Spec</a></li>\n</ul>\n\n<ul>\n<li><a href=\"http://caniuse.com/#feat=input-placeholder\">Browser Support</a></li>\n</ul>"}, "type": "desc"}, {"attributes": {}, "type": "methods-static", "children": [{"attributes": {"access": "private", "line": 146, "isStatic": true, "name": "__createPlaceholderElement"}, "type": "method", "children": [{"attributes": {}, "type": "params", "children": [{"attributes": {"name": "item"}, "type": "param", "children": [{"attributes": {"text": "<p>The input element.</p>"}, "type": "desc"}, {"attributes": {}, "type": "types", "children": [{"attributes": {"type": "qxWeb"}, "type": "entry"}]}]}]}, {"attributes": {"text": "<p>Creates a placeholder element based on the given input element.</p>"}, "type": "desc"}, {"attributes": {}, "type": "return", "children": [{"attributes": {"text": "<p>The placeholder element.</p>"}, "type": "desc"}, {"attributes": {}, "type": "types", "children": [{"attributes": {"type": "qxWeb"}, "type": "entry"}]}]}]}, {"attributes": {"access": "private", "line": 111, "isStatic": true, "name": "__syncStyles"}, "type": "method", "children": [{"attributes": {}, "type": "params", "children": [{"attributes": {"name": "item"}, "type": "param", "children": [{"attributes": {"text": "<p>The input element to update.</p>"}, "type": "desc"}, {"attributes": {}, "type": "types", "children": [{"attributes": {"type": "qxWeb"}, "type": "entry"}]}]}]}, {"attributes": {"text": "<p>Internal helper method to update the styles for a given input element.</p>"}, "type": "desc"}]}, {"attributes": {"line": 54, "isStatic": true, "name": "update"}, "type": "method", "children": [{"attributes": {"text": "<p>Queries for all input and textarea elements on the page and updates\ntheir placeholder.</p>"}, "type": "desc"}, {"attributes": {"targetMethod": "placeholder.update", "targetClass": "qxWeb", "sourceMethod": "update", "sourceClass": "qx.module.Placeholder"}, "type": "attachStatic"}]}, {"attributes": {"line": 71, "isStatic": true, "name": "updatePlaceholder"}, "type": "method", "children": [{"attributes": {"text": "<p>Updates the placeholders for input&#8217;s and textarea&#8217;s in the collection.\nThis includes positioning, styles and <span class=\"caps\">DOM</span> positioning.\nIn case the browser supports native placeholders, this methods simply\ndoes nothing.</p>"}, "type": "desc"}, {"attributes": {"targetMethod": "", "targetClass": "qxWeb", "sourceMethod": "updatePlaceholder", "sourceClass": "qx.module.Placeholder"}, "type": "attach"}, {"attributes": {}, "type": "return", "children": [{"attributes": {"text": "<p>The collection for chaining</p>"}, "type": "desc"}, {"attributes": {}, "type": "types", "children": [{"attributes": {"type": "qxWeb"}, "type": "entry"}]}]}]}]}, {"attributes": {}, "type": "constants", "children": [{"attributes": {"type": "String", "name": "PLACEHOLDER_NAME", "value": "$qx_placeholder"}, "type": "constant", "children": [{"attributes": {"text": "<p>String holding the property name which holds the placeholder\nelement for each input.</p>"}, "type": "desc"}]}]}]}