{"attributes": {"isStatic": true, "group": "Event_Normalization", "name": "PointerHandler", "packageName": "qx.module.event", "fullName": "qx.module.event.PointerHandler", "type": "bootstrap"}, "type": "class", "children": [{"attributes": {"text": ""}, "type": "desc"}, {"attributes": {}, "type": "methods-static", "children": [{"attributes": {"line": 55, "isStatic": true, "name": "register"}, "type": "method", "children": [{"attributes": {}, "type": "params", "children": [{"attributes": {"name": "element"}, "type": "param", "children": [{"attributes": {"text": "<p><span class=\"caps\">DOM</span> element</p>"}, "type": "desc"}, {"attributes": {}, "type": "types", "children": [{"attributes": {"type": "Element"}, "type": "entry"}]}]}, {"attributes": {"name": "type"}, "type": "param", "children": [{"attributes": {"text": "<p>event type</p>"}, "type": "desc"}, {"attributes": {}, "type": "types", "children": [{"attributes": {"type": "String"}, "type": "entry"}]}]}]}, {"attributes": {"text": "<p>Creates a pointer handler for the given element when a pointer event listener\nis attached to it</p>"}, "type": "desc"}]}, {"attributes": {"line": 87, "isStatic": true, "name": "unregister"}, "type": "method", "children": [{"attributes": {}, "type": "params", "children": [{"attributes": {"name": "element"}, "type": "param", "children": [{"attributes": {"text": "<p><span class=\"caps\">DOM</span> element</p>"}, "type": "desc"}, {"attributes": {}, "type": "types", "children": [{"attributes": {"type": "Element"}, "type": "entry"}]}]}]}, {"attributes": {"text": "<p>Removes the pointer event handler from the element if there are no more\npointer event listeners attached to it</p>"}, "type": "desc"}]}]}, {"attributes": {}, "type": "constants", "children": [{"attributes": {"type": "Array", "name": "TYPES", "value": "[\"pointermove\",\"pointerover\",\"pointerout\",\"pointerdown\",\"pointerup\",\"pointercancel\",\"gesturebegin\",\"gesturemove\",\"gesturefinish\",\"gesturecancel\"]"}, "type": "constant", "children": [{"attributes": {"text": "<p>List of events that require a pointer handler</p>"}, "type": "desc"}]}]}]}