{"attributes": {"isStatic": true, "group": "Event_Normalization", "name": "Pointer", "packageName": "qx.module.event", "fullName": "qx.module.event.Pointer", "type": "bootstrap"}, "type": "class", "children": [{"attributes": {"text": "<p>Normalization for pointer events. Pointer events are hardware-agnostic and\nwill be fired regardless of which input type of input device is used (e.g. mouse or touchscreen).</p>"}, "type": "desc"}, {"attributes": {}, "type": "methods-static", "children": [{"attributes": {"line": 89, "isStatic": true, "name": "getDocumentLeft"}, "type": "method", "children": [{"attributes": {"text": "<p>Get the horizontal position at which the event occurred relative to the\nleft of the document. This property takes into account any scrolling of\nthe page.</p>"}, "type": "desc"}, {"attributes": {}, "type": "return", "children": [{"attributes": {"text": "<p>The horizontal mouse position in the document.</p>"}, "type": "desc"}, {"attributes": {}, "type": "types", "children": [{"attributes": {"type": "Number"}, "type": "entry"}]}]}]}, {"attributes": {"line": 102, "isStatic": true, "name": "getDocumentTop"}, "type": "method", "children": [{"attributes": {"text": "<p>Get the vertical position at which the event occurred relative to the\ntop of the document. This property takes into account any scrolling of\nthe page.</p>"}, "type": "desc"}, {"attributes": {}, "type": "return", "children": [{"attributes": {"text": "<p>The vertical mouse position in the document.</p>"}, "type": "desc"}, {"attributes": {}, "type": "types", "children": [{"attributes": {"type": "Number"}, "type": "entry"}]}]}]}, {"attributes": {"line": 51, "isStatic": true, "name": "getPointerType"}, "type": "method", "children": [{"attributes": {"text": "<p>Returns the device type which the event triggered. This can be one\nof the following strings: <code>mouse</code>, <code>pen</code>\nor <code>touch</code>.</p>"}, "type": "desc"}, {"attributes": {}, "type": "return", "children": [{"attributes": {"text": "<p>The type of the pointer.</p>"}, "type": "desc"}, {"attributes": {}, "type": "types", "children": [{"attributes": {"type": "String"}, "type": "entry"}]}]}]}, {"attributes": {"line": 117, "isStatic": true, "name": "getScreenLeft"}, "type": "method", "children": [{"attributes": {"text": "<p>Get the horizontal coordinate at which the event occurred relative to\nthe origin of the screen coordinate system.</p>\n\n<p>Note: This value is usually not very useful unless you want to\nposition a native popup window at this coordinate.</p>"}, "type": "desc"}, {"attributes": {}, "type": "return", "children": [{"attributes": {"text": "<p>The horizontal mouse position on the screen.</p>"}, "type": "desc"}, {"attributes": {}, "type": "types", "children": [{"attributes": {"type": "Number"}, "type": "entry"}]}]}]}, {"attributes": {"line": 132, "isStatic": true, "name": "getScreenTop"}, "type": "method", "children": [{"attributes": {"text": "<p>Get the vertical coordinate at which the event occurred relative to\nthe origin of the screen coordinate system.</p>\n\n<p>Note: This value is usually not very useful unless you want to\nposition a native popup window at this coordinate.</p>"}, "type": "desc"}, {"attributes": {}, "type": "return", "children": [{"attributes": {"text": "<p>The vertical mouse position on the screen.</p>"}, "type": "desc"}, {"attributes": {}, "type": "types", "children": [{"attributes": {"type": "Number"}, "type": "entry"}]}]}]}, {"attributes": {"line": 63, "isStatic": true, "name": "getViewportLeft"}, "type": "method", "children": [{"attributes": {"text": "<p>Get the horizontal coordinate at which the event occurred relative\nto the viewport.</p>"}, "type": "desc"}, {"attributes": {}, "type": "return", "children": [{"attributes": {"text": "<p>The horizontal mouse position</p>"}, "type": "desc"}, {"attributes": {}, "type": "types", "children": [{"attributes": {"type": "Number"}, "type": "entry"}]}]}]}, {"attributes": {"line": 76, "isStatic": true, "name": "getViewportTop"}, "type": "method", "children": [{"attributes": {"text": "<p>Get the vertical coordinate at which the event occurred relative\nto the viewport.</p>"}, "type": "desc"}, {"attributes": {}, "type": "return", "children": [{"attributes": {"text": "<p>The vertical mouse position</p>"}, "type": "desc"}, {"attributes": {}, "type": "types", "children": [{"attributes": {"type": "Number"}, "type": "entry"}]}]}]}, {"attributes": {"access": "internal", "isInternal": true, "line": 147, "isStatic": true, "name": "normalize"}, "type": "method", "children": [{"attributes": {}, "type": "params", "children": [{"attributes": {"name": "event"}, "type": "param", "children": [{"attributes": {"text": "<p>Native event object</p>"}, "type": "desc"}, {"attributes": {}, "type": "types", "children": [{"attributes": {"type": "Event"}, "type": "entry"}]}]}, {"attributes": {"name": "element"}, "type": "param", "children": [{"attributes": {"text": "<p><span class=\"caps\">DOM</span> element the listener was attached to</p>"}, "type": "desc"}, {"attributes": {}, "type": "types", "children": [{"attributes": {"type": "Element"}, "type": "entry"}]}]}]}, {"attributes": {"text": "<p>Manipulates the native event object, adding methods if they&#8217;re not\nalready present</p>"}, "type": "desc"}, {"attributes": {}, "type": "return", "children": [{"attributes": {"text": "<p>Normalized event object</p>"}, "type": "desc"}, {"attributes": {}, "type": "types", "children": [{"attributes": {"type": "Event"}, "type": "entry"}]}]}]}]}, {"attributes": {}, "type": "constants", "children": [{"attributes": {"type": "Array", "name": "TYPES", "value": "[\"pointerdown\",\"pointerup\",\"pointermove\",\"pointercancel\",\"pointerover\",\"pointerout\"]"}, "type": "constant", "children": [{"attributes": {"text": "<p>List of event types to be normalized</p>"}, "type": "desc"}]}]}]}