{"attributes": {"isStatic": true, "group": "Utilities", "name": "Type", "packageName": "qx.module.util", "fullName": "qx.module.util.Type", "type": "bootstrap"}, "type": "class", "children": [{"attributes": {"text": "<p>Utility for checking the type of a variable.\nIt adds a <code>type</code> key static to q and offers the given method.</p>\n\n<pre class=\"javascript\">\nq.type.get(\"abc\"); // return \"String\" e.g.\n</pre>"}, "type": "desc"}, {"attributes": {}, "type": "methods-static", "children": [{"attributes": {"line": 1, "isStatic": true, "name": "get"}, "type": "method", "children": [{"attributes": {}, "type": "params", "children": [{"attributes": {"name": "value"}, "type": "param", "children": [{"attributes": {"text": "<p>Value to get the class for.</p>"}, "type": "desc"}, {"attributes": {}, "type": "types", "children": [{"attributes": {"type": "var"}, "type": "entry"}]}]}]}, {"attributes": {"text": "<p>Get the internal class of the value. The following classes are possible:</p>\n\n<pre>\n<code>\"String\"</code>,\n<code>\"Array\"</code>,\n<code>\"Object\"</code>,\n<code>\"RegExp\"</code>,\n<code>\"Number\"</code>,\n<code>\"Boolean\"</code>,\n<code>\"Date\"</code>,\n<code>\"Function\"</code>,\n<code>\"Error\"</code>\n</pre>"}, "type": "desc"}, {"attributes": {"targetMethod": "type.get", "targetClass": "qxWeb", "sourceMethod": "get", "sourceClass": "qx.module.util.Type"}, "type": "attachStatic"}, {"attributes": {}, "type": "return", "children": [{"attributes": {"text": "<p>The internal class of the value.</p>"}, "type": "desc"}, {"attributes": {}, "type": "types", "children": [{"attributes": {"type": "String"}, "type": "entry"}]}]}]}]}]}