{"attributes": {"isStatic": true, "group": "Event_Normalization", "name": "Native", "packageName": "qx.module.event", "fullName": "qx.module.event.Native", "type": "bootstrap"}, "type": "class", "children": [{"attributes": {"text": "<p>Common normalizations for native events</p>"}, "type": "desc"}, {"attributes": {}, "type": "methods-static", "children": [{"attributes": {"line": 145, "isStatic": true, "name": "getCurrentTarget"}, "type": "method", "children": [{"attributes": {"text": "<p>Computes the current target from the native <span class=\"caps\">DOM</span> event. Emulates the current target\nfor all browsers without native support (like older IEs).</p>\n\n<p>Example:</p>\n\n<pre class=\"javascript\">\n  var collection = q(\"div.inline\");\n  collection.on(\"mouseout\", function(e) {\n    var current = e.getCurrentTarget();\n  });\n</pre>"}, "type": "desc"}, {"attributes": {}, "type": "return", "children": [{"attributes": {"text": "<p>The current target</p>"}, "type": "desc"}, {"attributes": {}, "type": "types", "children": [{"attributes": {"type": "Element"}, "type": "entry"}]}]}]}, {"attributes": {"line": 127, "isStatic": true, "name": "getRelatedTarget"}, "type": "method", "children": [{"attributes": {"text": "<p>Computes the related target from the native <span class=\"caps\">DOM</span> event</p>\n\n<p>Example:</p>\n\n<pre class=\"javascript\">\n  var collection = q(\"div.inline\");\n  collection.on(\"mouseout\", function(e) {\n    // when using 'mouseout' events the 'relatedTarget' is pointing to the DOM element\n    //  the device exited to.\n    // Useful for scenarios you only interested if e.g. the user moved away from a\n    // section at the website\n    var exitTarget = e.getRelatedTarget();\n  });\n\n  collection.on(\"mouseover\", function(e){\n     // when using 'mouseover' events the 'relatedTarget' is pointing to the DOM element\n     // the device entered from.\n     var earlierElement = e.getRelatedTarget();\n  });\n</pre>"}, "type": "desc"}, {"attributes": {}, "type": "return", "children": [{"attributes": {"text": "<p>The related target</p>"}, "type": "desc"}, {"attributes": {}, "type": "types", "children": [{"attributes": {"type": "Element"}, "type": "entry"}]}]}]}, {"attributes": {"line": 100, "isStatic": true, "name": "getTarget"}, "type": "method", "children": [{"attributes": {"text": "<p>Returns the target of the event.\nExample:</p>\n\n<pre class=\"javascript\">\n  var collection = q(\"div.inline\");\n  collection.on(\"click\", function(e) {\n    var clickedElement = e.getTarget();\n  });\n</pre>"}, "type": "desc"}, {"attributes": {}, "type": "return", "children": [{"attributes": {"text": "<p>Any valid native event target</p>"}, "type": "desc"}, {"attributes": {}, "type": "types", "children": [{"attributes": {"type": "Object"}, "type": "entry"}]}]}]}, {"attributes": {"line": 81, "isStatic": true, "name": "getType"}, "type": "method", "children": [{"attributes": {"text": "<p>Returns the event&#8217;s type</p>"}, "type": "desc"}, {"attributes": {}, "type": "return", "children": [{"attributes": {"text": "<p>event type</p>"}, "type": "desc"}, {"attributes": {}, "type": "types", "children": [{"attributes": {"type": "String"}, "type": "entry"}]}]}]}, {"attributes": {"access": "internal", "isInternal": true, "line": 156, "isStatic": true, "name": "normalize"}, "type": "method", "children": [{"attributes": {}, "type": "params", "children": [{"attributes": {"name": "event"}, "type": "param", "children": [{"attributes": {"text": "<p>Native event object</p>"}, "type": "desc"}, {"attributes": {}, "type": "types", "children": [{"attributes": {"type": "Event"}, "type": "entry"}]}]}, {"attributes": {"name": "element"}, "type": "param", "children": [{"attributes": {"text": "<p><span class=\"caps\">DOM</span> element the listener was attached to</p>"}, "type": "desc"}, {"attributes": {}, "type": "types", "children": [{"attributes": {"type": "Element"}, "type": "entry"}]}]}]}, {"attributes": {"text": "<p>Manipulates the native event object, adding methods if they&#8217;re not\nalready present</p>"}, "type": "desc"}, {"attributes": {}, "type": "return", "children": [{"attributes": {"text": "<p>Normalized event object</p>"}, "type": "desc"}, {"attributes": {}, "type": "types", "children": [{"attributes": {"type": "Event"}, "type": "entry"}]}]}]}, {"attributes": {"line": 55, "isStatic": true, "name": "preventDefault"}, "type": "method", "children": [{"attributes": {"text": "<p>Prevent the native default behavior of the event.</p>"}, "type": "desc"}]}, {"attributes": {"line": 70, "isStatic": true, "name": "stopPropagation"}, "type": "method", "children": [{"attributes": {"text": "<p>Stops the event&#8217;s propagation to the element&#8217;s parent</p>"}, "type": "desc"}]}]}, {"attributes": {}, "type": "constants", "children": [{"attributes": {"access": "internal", "isInternal": true, "type": "Array", "name": "FORWARD_METHODS", "value": "[\"getTarget\",\"getRelatedTarget\"]"}, "type": "constant", "children": [{"attributes": {"text": "<p>List of qx.bom.Event methods to be attached to native event objects</p>"}, "type": "desc"}]}, {"attributes": {"access": "internal", "isInternal": true, "type": "Array", "name": "BIND_METHODS", "value": "[\"preventDefault\",\"stopPropagation\",\"getType\"]"}, "type": "constant", "children": [{"attributes": {"text": "<p>List of qx.module.event.Native methods to be attached to native event objects</p>"}, "type": "desc"}]}, {"attributes": {"type": "Array", "name": "TYPES", "value": "[\"*\"]"}, "type": "constant", "children": [{"attributes": {"text": "<p>List of event types to be normalized</p>"}, "type": "desc"}]}]}]}