{"attributes": {"isStatic": true, "group": "Core", "name": "Environment", "packageName": "qx.module", "fullName": "qx.module.Environment", "type": "bootstrap"}, "type": "class", "children": [{"attributes": {"text": "<p>Module for querying information about the environment / runtime.\nIt adds a static key <code>env</code> to qxWeb and offers the given methods.</p>\n\n<pre class=\"javascript\">\nq.env.get(\"engine.name\"); // return \"webkit\" e.g.\n</pre>\n\n<p>The following values are predefined:</p>\n\n<ul>\n<li><code>browser.name</code> : The name of the browser</li>\n<li><code>browser.version</code> : The version of the browser</li>\n<li><code>browser.quirksmode</code>  : <code>true</code> if the browser is in quirksmode</li>\n<li><code>browser.documentmode</code> : The document mode of the browser</li>\n</ul>\n\n<ul>\n<li><code>device.name</code> : The name of the device e.g. <code>iPad</code>.</li>\n<li><code>device.type</code> : Either <code>desktop</code>, <code>tablet</code> or <code>mobile</code>.</li>\n</ul>\n\n<ul>\n<li><code>engine.name</code> : The name of the browser engine</li>\n<li><code>engine.version</code> : The version of the browser engine</li>\n</ul>\n\n<ul>\n<li><code>event.touch</code> : Checks if touch events are supported</li>\n<li><code>event.mspointer</code> : Checks if MSPointer events are available</li>\n</ul>"}, "type": "desc"}, {"attributes": {}, "type": "methods-static", "children": [{"attributes": {"line": 67, "isStatic": true, "name": "add"}, "type": "method", "children": [{"attributes": {}, "type": "params", "children": [{"attributes": {"name": "key"}, "type": "param", "children": [{"attributes": {"text": "<p>The key to store the value for.</p>"}, "type": "desc"}, {"attributes": {}, "type": "types", "children": [{"attributes": {"type": "String"}, "type": "entry"}]}]}, {"attributes": {"name": "value"}, "type": "param", "children": [{"attributes": {"text": "<p>The value to store.</p>"}, "type": "desc"}, {"attributes": {}, "type": "types", "children": [{"attributes": {"type": "var"}, "type": "entry"}]}]}]}, {"attributes": {"text": "<p>Adds a new environment setting which can be queried via {@link #get}.</p>"}, "type": "desc"}, {"attributes": {"targetMethod": "env.add", "targetClass": "qxWeb", "sourceMethod": "add", "sourceClass": "qx.module.Environment"}, "type": "attachStatic"}, {"attributes": {}, "type": "return", "children": [{"attributes": {"text": "<p>The collection for chaining.</p>"}, "type": "desc"}, {"attributes": {}, "type": "types", "children": [{"attributes": {"type": "qxWeb"}, "type": "entry"}]}]}]}, {"attributes": {"line": 55, "isStatic": true, "name": "get"}, "type": "method", "children": [{"attributes": {}, "type": "params", "children": [{"attributes": {"name": "key"}, "type": "param", "children": [{"attributes": {"text": "<p>The key to check for.</p>"}, "type": "desc"}, {"attributes": {}, "type": "types", "children": [{"attributes": {"type": "String"}, "type": "entry"}]}]}]}, {"attributes": {"text": "<p>Get the value stored for the given key.</p>"}, "type": "desc"}, {"attributes": {"targetMethod": "env.get", "targetClass": "qxWeb", "sourceMethod": "get", "sourceClass": "qx.module.Environment"}, "type": "attachStatic"}, {"attributes": {}, "type": "return", "children": [{"attributes": {"text": "<p>The value stored for the given key.</p>"}, "type": "desc"}, {"attributes": {}, "type": "types", "children": [{"attributes": {"type": "var"}, "type": "entry"}]}]}]}]}]}