{"attributes": {"isStatic": true, "group": "IO", "name": "Io", "packageName": "qx.module", "fullName": "qx.module.Io", "type": "bootstrap"}, "type": "class", "children": [{"attributes": {"text": "<p>This module provides basic IO functionality. It contains three ways to load\ndata:</p>\n\n<ul>\n<li>XMLHttpRequest</li>\n<li>Script tag</li>\n<li>Script tag using <span class=\"caps\">JSONP</span></li>\n</ul>"}, "type": "desc"}, {"attributes": {}, "type": "methods-static", "children": [{"attributes": {"line": 96, "isStatic": true, "name": "jsonp"}, "type": "method", "children": [{"attributes": {}, "type": "params", "children": [{"attributes": {"name": "url"}, "type": "param", "children": [{"attributes": {"text": "<p>Mandatory <span class=\"caps\">URL</span> to load the data from.</p>"}, "type": "desc"}, {"attributes": {}, "type": "types", "children": [{"attributes": {"type": "String"}, "type": "entry"}]}]}, {"attributes": {"optional": true, "name": "settings"}, "type": "param", "children": [{"attributes": {"text": "<p>Optional settings map which may contain one of the following settings: * <code>callbackName</code>: The name of the callback which will be called by the loaded script. * <code>callbackParam</code>: The name of the callback expected by the server</p>"}, "type": "desc"}, {"attributes": {}, "type": "types", "children": [{"attributes": {"type": "Map"}, "type": "entry"}]}]}]}, {"attributes": {"text": "<p>Returns a predefined script tag wrapper which can be used to load data\nfrom cross-domain origins via <span class=\"caps\">JSONP</span>.</p>"}, "type": "desc"}, {"attributes": {"targetMethod": "io.jsonp", "targetClass": "qxWeb", "sourceMethod": "jsonp", "sourceClass": "qx.module.Io"}, "type": "attachStatic"}, {"attributes": {}, "type": "return", "children": [{"attributes": {"text": "<p>The request object.</p>"}, "type": "desc"}, {"attributes": {}, "type": "types", "children": [{"attributes": {"type": "qx.bom.request.Jsonp"}, "type": "entry"}]}]}]}, {"attributes": {"line": 75, "isStatic": true, "name": "script"}, "type": "method", "children": [{"attributes": {}, "type": "params", "children": [{"attributes": {"name": "url"}, "type": "param", "children": [{"attributes": {"text": "<p>Mandatory <span class=\"caps\">URL</span> to load the data from.</p>"}, "type": "desc"}, {"attributes": {}, "type": "types", "children": [{"attributes": {"type": "String"}, "type": "entry"}]}]}]}, {"attributes": {"text": "<p>Returns a predefined script tag wrapper which can be used to load data\nfrom cross-domain origins.</p>"}, "type": "desc"}, {"attributes": {"targetMethod": "io.script", "targetClass": "qxWeb", "sourceMethod": "script", "sourceClass": "qx.module.Io"}, "type": "attachStatic"}, {"attributes": {}, "type": "return", "children": [{"attributes": {"text": "<p>The request object.</p>"}, "type": "desc"}, {"attributes": {}, "type": "types", "children": [{"attributes": {"type": "qx.bom.request.Script"}, "type": "entry"}]}]}]}, {"attributes": {"line": 51, "isStatic": true, "name": "xhr"}, "type": "method", "children": [{"attributes": {}, "type": "params", "children": [{"attributes": {"name": "url"}, "type": "param", "children": [{"attributes": {"text": "<p>Mandatory <span class=\"caps\">URL</span> to load the data from.</p>"}, "type": "desc"}, {"attributes": {}, "type": "types", "children": [{"attributes": {"type": "String"}, "type": "entry"}]}]}, {"attributes": {"optional": true, "name": "settings"}, "type": "param", "children": [{"attributes": {"text": "<p>Optional settings map which may contain one of the following settings: <ul> <li><code>method</code> The method of the request. Default: <code><span class=\"caps\">GET</span></code></li> <li><code>async</code> flag to mark the request as asynchronous. Default: <code>true</code></li> <li><code>header</code> A map of request headers.</li> </ul></p>"}, "type": "desc"}, {"attributes": {}, "type": "types", "children": [{"attributes": {"type": "Map"}, "type": "entry"}]}]}]}, {"attributes": {"text": "<p>Returns a configured XMLHttpRequest object. Using the send method will\nfinally send the request.</p>"}, "type": "desc"}, {"attributes": {"targetMethod": "io.xhr", "targetClass": "qxWeb", "sourceMethod": "xhr", "sourceClass": "qx.module.Io"}, "type": "attachStatic"}, {"attributes": {}, "type": "return", "children": [{"attributes": {"text": "<p>The request object.</p>"}, "type": "desc"}, {"attributes": {}, "type": "types", "children": [{"attributes": {"type": "qx.bom.request.Xhr"}, "type": "entry"}]}]}]}]}]}