{"attributes": {"isStatic": true, "group": "Event_Normalization", "name": "GestureHandler", "packageName": "qx.module.event", "fullName": "qx.module.event.GestureHandler", "type": "bootstrap"}, "type": "class", "children": [{"attributes": {"text": "<p>Creates a gesture handler that fires high-level events such as &#8220;swipe&#8221;\nbased on low-level event sequences on the given element</p>"}, "type": "desc"}, {"attributes": {}, "type": "methods-static", "children": [{"attributes": {"line": 43, "isStatic": true, "name": "register"}, "type": "method", "children": [{"attributes": {}, "type": "params", "children": [{"attributes": {"name": "element"}, "type": "param", "children": [{"attributes": {"text": "<p><span class=\"caps\">DOM</span> element</p>"}, "type": "desc"}, {"attributes": {}, "type": "types", "children": [{"attributes": {"type": "Element"}, "type": "entry"}]}]}, {"attributes": {"name": "type"}, "type": "param", "children": [{"attributes": {"text": "<p>event type</p>"}, "type": "desc"}, {"attributes": {}, "type": "types", "children": [{"attributes": {"type": "String"}, "type": "entry"}]}]}]}, {"attributes": {"text": "<p>Creates a gesture handler for the given element when a gesture event listener\nis attached to it</p>"}, "type": "desc"}]}, {"attributes": {"line": 68, "isStatic": true, "name": "unregister"}, "type": "method", "children": [{"attributes": {}, "type": "params", "children": [{"attributes": {"name": "element"}, "type": "param", "children": [{"attributes": {"text": "<p><span class=\"caps\">DOM</span> element</p>"}, "type": "desc"}, {"attributes": {}, "type": "types", "children": [{"attributes": {"type": "Element"}, "type": "entry"}]}]}]}, {"attributes": {"text": "<p>Removes the gesture event handler from the element if there are no more\ngesture event listeners attached to it</p>"}, "type": "desc"}]}]}, {"attributes": {}, "type": "constants", "children": [{"attributes": {"type": "Array", "name": "TYPES", "value": "[\"tap\",\"longtap\",\"swipe\",\"dbltap\",\"track\",\"trackstart\",\"trackend\",\"roll\",\"rotate\",\"pinch\"]"}, "type": "constant"}]}]}