{"attributes": {"isStatic": true, "group": "Event_Normalization", "name": "Mouse", "packageName": "qx.module.event", "fullName": "qx.module.event.Mouse", "type": "bootstrap"}, "type": "class", "children": [{"attributes": {"text": "<p>Normalization for native mouse events. For cross-device applications that\nsupport both mouse and touchscreen interaction, consider using\n<a href=\"#Pointer\">Pointer</a> and/or Gesture events (e.g. <a href=\"Tap\"></a>).</p>"}, "type": "desc"}, {"attributes": {}, "type": "methods-static", "children": [{"attributes": {"line": 76, "isStatic": true, "name": "getButton"}, "type": "method", "children": [{"attributes": {"text": "<p>Returns the identifier of the mouse button that change state when the\nevent was triggered</p>"}, "type": "desc"}, {"attributes": {}, "type": "return", "children": [{"attributes": {"text": "<p>One of <code>left</code>, <code>right</code> or <code>middle</code></p>"}, "type": "desc"}, {"attributes": {}, "type": "types", "children": [{"attributes": {"type": "String"}, "type": "entry"}]}]}]}, {"attributes": {"line": 131, "isStatic": true, "name": "getDocumentLeft"}, "type": "method", "children": [{"attributes": {"text": "<p>Get the horizontal position at which the event occurred relative to the\nleft of the document. This property takes into account any scrolling of\nthe page.</p>"}, "type": "desc"}, {"attributes": {}, "type": "return", "children": [{"attributes": {"text": "<p>The horizontal mouse position in the document.</p>"}, "type": "desc"}, {"attributes": {}, "type": "types", "children": [{"attributes": {"type": "Number"}, "type": "entry"}]}]}]}, {"attributes": {"line": 149, "isStatic": true, "name": "getDocumentTop"}, "type": "method", "children": [{"attributes": {"text": "<p>Get the vertical position at which the event occurred relative to the\ntop of the document. This property takes into account any scrolling of\nthe page.</p>"}, "type": "desc"}, {"attributes": {}, "type": "return", "children": [{"attributes": {"text": "<p>The vertical mouse position in the document.</p>"}, "type": "desc"}, {"attributes": {}, "type": "types", "children": [{"attributes": {"type": "Number"}, "type": "entry"}]}]}]}, {"attributes": {"line": 169, "isStatic": true, "name": "getScreenLeft"}, "type": "method", "children": [{"attributes": {"text": "<p>Get the horizontal coordinate at which the event occurred relative to\nthe origin of the screen coordinate system.</p>\n\n<p>Note: This value is usually not very useful unless you want to\nposition a native popup window at this coordinate.</p>"}, "type": "desc"}, {"attributes": {}, "type": "return", "children": [{"attributes": {"text": "<p>The horizontal mouse position on the screen.</p>"}, "type": "desc"}, {"attributes": {}, "type": "types", "children": [{"attributes": {"type": "Number"}, "type": "entry"}]}]}]}, {"attributes": {"line": 183, "isStatic": true, "name": "getScreenTop"}, "type": "method", "children": [{"attributes": {"text": "<p>Get the vertical coordinate at which the event occurred relative to\nthe origin of the screen coordinate system.</p>\n\n<p>Note: This value is usually not very useful unless you want to\nposition a native popup window at this coordinate.</p>"}, "type": "desc"}, {"attributes": {}, "type": "return", "children": [{"attributes": {"text": "<p>The vertical mouse position on the screen.</p>"}, "type": "desc"}, {"attributes": {}, "type": "types", "children": [{"attributes": {"type": "Number"}, "type": "entry"}]}]}]}, {"attributes": {"line": 107, "isStatic": true, "name": "getViewportLeft"}, "type": "method", "children": [{"attributes": {"text": "<p>Get the horizontal coordinate at which the event occurred relative\nto the viewport.</p>"}, "type": "desc"}, {"attributes": {}, "type": "return", "children": [{"attributes": {"text": "<p>The horizontal mouse position</p>"}, "type": "desc"}, {"attributes": {}, "type": "types", "children": [{"attributes": {"type": "Number"}, "type": "entry"}]}]}]}, {"attributes": {"line": 119, "isStatic": true, "name": "getViewportTop"}, "type": "method", "children": [{"attributes": {"text": "<p>Get the vertical coordinate at which the event occurred relative\nto the viewport.</p>"}, "type": "desc"}, {"attributes": {}, "type": "return", "children": [{"attributes": {"text": "<p>The vertical mouse position</p>"}, "type": "desc"}, {"attributes": {}, "type": "types", "children": [{"attributes": {"type": "Number"}, "type": "entry"}]}]}]}, {"attributes": {"access": "internal", "isInternal": true, "line": 197, "isStatic": true, "name": "normalize"}, "type": "method", "children": [{"attributes": {}, "type": "params", "children": [{"attributes": {"name": "event"}, "type": "param", "children": [{"attributes": {"text": "<p>Native event object</p>"}, "type": "desc"}, {"attributes": {}, "type": "types", "children": [{"attributes": {"type": "Event"}, "type": "entry"}]}]}, {"attributes": {"name": "element"}, "type": "param", "children": [{"attributes": {"text": "<p><span class=\"caps\">DOM</span> element the listener was attached to</p>"}, "type": "desc"}, {"attributes": {}, "type": "types", "children": [{"attributes": {"type": "Element"}, "type": "entry"}]}]}]}, {"attributes": {"text": "<p>Manipulates the native event object, adding methods if they&#8217;re not\nalready present</p>"}, "type": "desc"}, {"attributes": {}, "type": "return", "children": [{"attributes": {"text": "<p>Normalized event object</p>"}, "type": "desc"}, {"attributes": {}, "type": "types", "children": [{"attributes": {"type": "Event"}, "type": "entry"}]}]}]}]}, {"attributes": {}, "type": "constants", "children": [{"attributes": {"name": "BUTTONS_DOM2"}, "type": "constant", "children": [{"attributes": {"text": "<p>Standard mouse button mapping</p>"}, "type": "desc"}]}, {"attributes": {"type": "Array", "name": "TYPES", "value": "[\"click\",\"dblclick\",\"mousedown\",\"mouseup\",\"mouseover\",\"mousemove\",\"mouseout\"]"}, "type": "constant", "children": [{"attributes": {"text": "<p>List of event types to be normalized</p>"}, "type": "desc"}]}, {"attributes": {"access": "internal", "isInternal": true, "type": "Array", "name": "BIND_METHODS", "value": "[\"getButton\",\"getViewportLeft\",\"getViewportTop\",\"getDocumentLeft\",\"getDocumentTop\",\"getScreenLeft\",\"getScreenTop\"]"}, "type": "constant", "children": [{"attributes": {"text": "<p>List qx.module.event.Mouse methods to be attached to native mouse event\nobjects</p>"}, "type": "desc"}]}, {"attributes": {"name": "BUTTONS_MSHTML"}, "type": "constant", "children": [{"attributes": {"text": "<p>Legacy Internet Explorer mouse button mapping</p>"}, "type": "desc"}]}]}]}