{"attributes": {"isStatic": true, "group": "Utilities", "name": "Object", "packageName": "qx.module.util", "fullName": "qx.module.util.Object", "type": "bootstrap"}, "type": "class", "children": [{"attributes": {"text": "<p>Helper functions to handle an Object as a Hash map.</p>"}, "type": "desc"}, {"attributes": {}, "type": "methods-static", "children": [{"attributes": {"line": 1, "isStatic": true, "name": "clone"}, "type": "method", "children": [{"attributes": {}, "type": "params", "children": [{"attributes": {"name": "source"}, "type": "param", "children": [{"attributes": {"text": "<p>Object to copy</p>"}, "type": "desc"}, {"attributes": {}, "type": "types", "children": [{"attributes": {"type": "Object"}, "type": "entry"}]}]}, {"attributes": {"name": "deep"}, "type": "param", "children": [{"attributes": {"text": "<p>If the clone should be a deep clone.</p>"}, "type": "desc"}, {"attributes": {}, "type": "types", "children": [{"attributes": {"type": "Boolean"}, "type": "entry"}]}]}]}, {"attributes": {"text": "<p>Return a copy of an Object</p>"}, "type": "desc"}, {"attributes": {"targetMethod": "object.clone", "targetClass": "qxWeb", "sourceMethod": "clone", "sourceClass": "qx.module.util.Object"}, "type": "attachStatic"}, {"attributes": {}, "type": "return", "children": [{"attributes": {"text": "<p>A copy of the object</p>"}, "type": "desc"}, {"attributes": {}, "type": "types", "children": [{"attributes": {"type": "Object"}, "type": "entry"}]}]}]}, {"attributes": {"line": 1, "isStatic": true, "name": "contains"}, "type": "method", "children": [{"attributes": {}, "type": "params", "children": [{"attributes": {"name": "map"}, "type": "param", "children": [{"attributes": {"text": "<p>Map to search for the value</p>"}, "type": "desc"}, {"attributes": {}, "type": "types", "children": [{"attributes": {"type": "Object"}, "type": "entry"}]}]}, {"attributes": {"name": "value"}, "type": "param", "children": [{"attributes": {"text": "<p>Value to look for</p>"}, "type": "desc"}, {"attributes": {}, "type": "types", "children": [{"attributes": {"type": "var"}, "type": "entry"}]}]}]}, {"attributes": {"text": "<p>Whether the map contains the given value.</p>"}, "type": "desc"}, {"attributes": {"targetMethod": "object.contains", "targetClass": "qxWeb", "sourceMethod": "contains", "sourceClass": "qx.module.util.Object"}, "type": "attachStatic"}, {"attributes": {}, "type": "return", "children": [{"attributes": {"text": "<p>Whether the value was found in the map.</p>"}, "type": "desc"}, {"attributes": {}, "type": "types", "children": [{"attributes": {"type": "Boolean"}, "type": "entry"}]}]}]}, {"attributes": {"line": 1, "isStatic": true, "name": "getValues"}, "type": "method", "children": [{"attributes": {}, "type": "params", "children": [{"attributes": {"name": "map"}, "type": "param", "children": [{"attributes": {"text": "<p>the map</p>"}, "type": "desc"}, {"attributes": {}, "type": "types", "children": [{"attributes": {"type": "Object"}, "type": "entry"}]}]}]}, {"attributes": {"text": "<p>Get the values of a map as array</p>"}, "type": "desc"}, {"attributes": {"targetMethod": "object.getValues", "targetClass": "qxWeb", "sourceMethod": "getValues", "sourceClass": "qx.module.util.Object"}, "type": "attachStatic"}, {"attributes": {}, "type": "return", "children": [{"attributes": {"text": "<p>array of the values of the map</p>"}, "type": "desc"}, {"attributes": {}, "type": "types", "children": [{"attributes": {"type": "Array"}, "type": "entry"}]}]}]}, {"attributes": {"line": 1, "isStatic": true, "name": "invert"}, "type": "method", "children": [{"attributes": {}, "type": "params", "children": [{"attributes": {"name": "map"}, "type": "param", "children": [{"attributes": {"text": "<p>Map to invert</p>"}, "type": "desc"}, {"attributes": {}, "type": "types", "children": [{"attributes": {"type": "Object"}, "type": "entry"}]}]}]}, {"attributes": {"text": "<p>Inverts a map by exchanging the keys with the values.</p>"}, "type": "desc"}, {"attributes": {"targetMethod": "object.invert", "targetClass": "qxWeb", "sourceMethod": "invert", "sourceClass": "qx.module.util.Object"}, "type": "attachStatic"}, {"attributes": {}, "type": "return", "children": [{"attributes": {"text": "<p>inverted Map</p>"}, "type": "desc"}, {"attributes": {}, "type": "types", "children": [{"attributes": {"type": "Object"}, "type": "entry"}]}]}]}]}]}