{"attributes": {"fullName": "qx.module.Animation", "packageName": "qx.module", "isStatic": true, "type": "bootstrap", "name": "Animation"}, "type": "class", "children": [{"attributes": {"text": "<p>Cross browser animation layer. It uses feature detection to check if <span class=\"caps\">CSS</span>\nanimations are available and ready to use. If not, a JavaScript-based\nfallback will be used.</p>"}, "type": "desc"}, {"attributes": {}, "type": "events", "children": [{"attributes": {"name": "animationEnd"}, "type": "event", "children": [{"attributes": {"text": "<p>Fired when an animation has ended.</p>"}, "type": "desc"}, {"attributes": {}, "type": "types", "children": [{"attributes": {"type": "undefined"}, "type": "entry"}]}]}, {"attributes": {"name": "animationIteration"}, "type": "event", "children": [{"attributes": {"text": "<p>Fired when an animation has ended one iteration.</p>"}, "type": "desc"}, {"attributes": {}, "type": "types", "children": [{"attributes": {"type": "undefined"}, "type": "entry"}]}]}, {"attributes": {"name": "animationStart"}, "type": "event", "children": [{"attributes": {"text": "<p>Fired when an animation starts.</p>"}, "type": "desc"}, {"attributes": {}, "type": "types", "children": [{"attributes": {"type": "undefined"}, "type": "entry"}]}]}]}, {"attributes": {}, "type": "methods-static", "children": [{"attributes": {"access": "protected", "line": 156, "isStatic": true, "name": "_animate"}, "type": "method", "children": [{"attributes": {}, "type": "params", "children": [{"attributes": {"name": "desc"}, "type": "param", "children": [{"attributes": {"text": "<p>The animation&#8220;s description.</p>"}, "type": "desc"}, {"attributes": {}, "type": "types", "children": [{"attributes": {"type": "Map"}, "type": "entry"}]}]}, {"attributes": {"optional": true, "name": "duration"}, "type": "param", "children": [{"attributes": {"text": "<p>The duration in milliseconds of the animation, which will override the duration given in the description.</p>"}, "type": "desc"}, {"attributes": {}, "type": "types", "children": [{"attributes": {"type": "Number"}, "type": "entry"}]}]}, {"attributes": {"name": "reverse"}, "type": "param", "children": [{"attributes": {"text": "<code>true</code>, if the animation should be reversed"}, "type": "desc"}, {"attributes": {}, "type": "types", "children": [{"attributes": {"type": "Boolean"}, "type": "entry"}]}]}]}, {"attributes": {"text": "<p>Animation execute either regular or reversed direction.</p>"}, "type": "desc"}]}, {"attributes": {"line": 128, "isStatic": true, "name": "animate"}, "type": "method", "children": [{"attributes": {}, "type": "params", "children": [{"attributes": {"name": "desc"}, "type": "param", "children": [{"attributes": {"text": "<p>The animation&#8220;s description.</p>"}, "type": "desc"}, {"attributes": {}, "type": "types", "children": [{"attributes": {"type": "Map"}, "type": "entry"}]}]}, {"attributes": {"optional": true, "name": "duration"}, "type": "param", "children": [{"attributes": {"text": "<p>The duration in milliseconds of the animation, which will override the duration given in the description.</p>"}, "type": "desc"}, {"attributes": {}, "type": "types", "children": [{"attributes": {"type": "Number"}, "type": "entry"}]}]}]}, {"attributes": {"text": "<p>Starts the animation with the given description.\nThe description should be a map, which could look like this:</p>\n\n<pre class=\"javascript\">\n{\n  \"duration\": 1000,\n  \"keep\": 100,\n  \"keyFrames\": {\n    0 : {\"opacity\": 1, \"scale\": 1},\n    100 : {\"opacity\": 0, \"scale\": 0}\n  },\n  \"origin\": \"50% 50%\",\n  \"repeat\": 1,\n  \"timing\": \"ease-out\",\n  \"alternate\": false,\n  \"delay\": 2000\n}\n</pre>\n\n<p><strong>duration</strong> is the time in milliseconds one animation cycle should take.</p>\n\n<p><strong>keep</strong> is the key frame to apply at the end of the animation. (optional)</p>\n\n<p><strong>keyFrames</strong> is a map of separate frames. Each frame is defined by a\n  number which is the percentage value of time in the animation. The value\n  is a map itself which holds css properties or transforms\n  (Transforms only for <span class=\"caps\">CSS</span> Animations).</p>\n\n<p><strong>origin</strong> maps to the <a href=\"https://developer.mozilla.org/en-US/docs/Web/CSS/transform-origin\">transform origin</a>\n(Only for <span class=\"caps\">CSS</span> animations).</p>\n\n<p><strong>repeat</strong> is the amount of time the animation should be run in\n  sequence. You can also use &#8220;infinite&#8221;.</p>\n\n<p><strong>timing</strong> takes one of these predefined values:\n  <code>ease</code> | <code>linear</code> | <code>ease-in</code>\n  | <code>ease-out</code> | <code>ease-in-out</code> |\n  <code>cubic-bezier(&lt;number&gt;, &lt;number&gt;, &lt;number&gt;, &lt;number&gt;)</code>\n  (cubic-bezier only available for <span class=\"caps\">CSS</span> animations)</p>\n\n<p><strong>alternate</strong> defines if every other animation should be run in reverse order.</p>\n\n<p><strong>delay</strong> is the time in milliseconds the animation should wait before start.</p>"}, "type": "desc"}, {"attributes": {"targetMethod": "", "targetClass": "qxWeb", "sourceMethod": "animate", "sourceClass": "qx.module.Animation"}, "type": "attach"}, {"attributes": {}, "type": "return", "children": [{"attributes": {"text": "<p>The collection for chaining.</p>"}, "type": "desc"}, {"attributes": {}, "type": "types", "children": [{"attributes": {"type": "qxWeb"}, "type": "entry"}]}]}]}, {"attributes": {"line": 143, "isStatic": true, "name": "animateReverse"}, "type": "method", "children": [{"attributes": {}, "type": "params", "children": [{"attributes": {"name": "desc"}, "type": "param", "children": [{"attributes": {"text": "<p>The animation&#8220;s description.</p>"}, "type": "desc"}, {"attributes": {}, "type": "types", "children": [{"attributes": {"type": "Map"}, "type": "entry"}]}]}, {"attributes": {"optional": true, "name": "duration"}, "type": "param", "children": [{"attributes": {"text": "<p>The duration in milliseconds of the animation, which will override the duration given in the description.</p>"}, "type": "desc"}, {"attributes": {}, "type": "types", "children": [{"attributes": {"type": "Number"}, "type": "entry"}]}]}]}, {"attributes": {"text": "<p>Starts an animation in reversed order. For further details, take a look at\nthe {@link #animate} method.</p>"}, "type": "desc"}, {"attributes": {"targetMethod": "", "targetClass": "qxWeb", "sourceMethod": "animateReverse", "sourceClass": "qx.module.Animation"}, "type": "attach"}, {"attributes": {}, "type": "return", "children": [{"attributes": {"text": "<p>The collection for chaining.</p>"}, "type": "desc"}, {"attributes": {}, "type": "types", "children": [{"attributes": {"type": "qxWeb"}, "type": "entry"}]}]}]}, {"attributes": {"line": 286, "isStatic": true, "name": "fadeIn"}, "type": "method", "children": [{"attributes": {}, "type": "params", "children": [{"attributes": {"optional": true, "name": "duration"}, "type": "param", "children": [{"attributes": {"text": "<p>The duration in milliseconds.</p>"}, "type": "desc"}, {"attributes": {}, "type": "types", "children": [{"attributes": {"type": "Number"}, "type": "entry"}]}]}]}, {"attributes": {"text": "<p>Fades in all elements in the collection.</p>"}, "type": "desc"}, {"attributes": {"targetMethod": "", "targetClass": "qxWeb", "sourceMethod": "fadeIn", "sourceClass": "qx.module.Animation"}, "type": "attach"}, {"attributes": {}, "type": "return", "children": [{"attributes": {"text": "<p>The collection for chaining.</p>"}, "type": "desc"}, {"attributes": {}, "type": "types", "children": [{"attributes": {"type": "qxWeb"}, "type": "entry"}]}]}]}, {"attributes": {"line": 299, "isStatic": true, "name": "fadeOut"}, "type": "method", "children": [{"attributes": {}, "type": "params", "children": [{"attributes": {"optional": true, "name": "duration"}, "type": "param", "children": [{"attributes": {"text": "<p>The duration in milliseconds.</p>"}, "type": "desc"}, {"attributes": {}, "type": "types", "children": [{"attributes": {"type": "Number"}, "type": "entry"}]}]}]}, {"attributes": {"text": "<p>Fades out all elements in the collection.</p>"}, "type": "desc"}, {"attributes": {"targetMethod": "", "targetClass": "qxWeb", "sourceMethod": "fadeOut", "sourceClass": "qx.module.Animation"}, "type": "attach"}, {"attributes": {}, "type": "return", "children": [{"attributes": {"text": "<p>The collection for chaining.</p>"}, "type": "desc"}, {"attributes": {}, "type": "types", "children": [{"attributes": {"type": "qxWeb"}, "type": "entry"}]}]}]}, {"attributes": {"access": "internal", "isInternal": true, "line": 50, "isStatic": true, "name": "getAnimationHandles"}, "type": "method", "children": [{"attributes": {"text": "<p>Returns the stored animation handles. The handles are only\navailable while an animation is running.</p>"}, "type": "desc"}, {"attributes": {}, "type": "return", "children": [{"attributes": {"text": "<p>An array of animation handles.</p>"}, "type": "desc"}, {"attributes": {}, "type": "types", "children": [{"attributes": {"type": "Array"}, "type": "entry"}]}]}]}, {"attributes": {"line": 268, "isStatic": true, "name": "isEnded"}, "type": "method", "children": [{"attributes": {"text": "<p>Returns whether an animation has ended or not.</p>"}, "type": "desc"}, {"attributes": {"targetMethod": "", "targetClass": "qxWeb", "sourceMethod": "isEnded", "sourceClass": "qx.module.Animation"}, "type": "attach"}, {"attributes": {}, "type": "return", "children": [{"attributes": {"text": "<code>true</code>, if an animation has ended."}, "type": "desc"}, {"attributes": {}, "type": "types", "children": [{"attributes": {"type": "Boolean"}, "type": "entry"}]}]}]}, {"attributes": {"line": 251, "isStatic": true, "name": "isPlaying"}, "type": "method", "children": [{"attributes": {"text": "<p>Returns whether an animation is running or not.</p>"}, "type": "desc"}, {"attributes": {"targetMethod": "", "targetClass": "qxWeb", "sourceMethod": "isPlaying", "sourceClass": "qx.module.Animation"}, "type": "attach"}, {"attributes": {}, "type": "return", "children": [{"attributes": {"text": "<code>true</code>, if an animation is running."}, "type": "desc"}, {"attributes": {}, "type": "types", "children": [{"attributes": {"type": "Boolean"}, "type": "entry"}]}]}]}, {"attributes": {"line": 217, "isStatic": true, "name": "pause"}, "type": "method", "children": [{"attributes": {"text": "<p>Manipulates the play state of the animation.\nThis can be used to pause an animation when running.</p>"}, "type": "desc"}, {"attributes": {"targetMethod": "", "targetClass": "qxWeb", "sourceMethod": "pause", "sourceClass": "qx.module.Animation"}, "type": "attach"}, {"attributes": {}, "type": "return", "children": [{"attributes": {"text": "<p>The collection for chaining.</p>"}, "type": "desc"}, {"attributes": {}, "type": "types", "children": [{"attributes": {"type": "qxWeb"}, "type": "entry"}]}]}]}, {"attributes": {"line": 200, "isStatic": true, "name": "play"}, "type": "method", "children": [{"attributes": {"text": "<p>Manipulates the play state of the animation.\nThis can be used to continue an animation when paused.</p>"}, "type": "desc"}, {"attributes": {"targetMethod": "", "targetClass": "qxWeb", "sourceMethod": "play", "sourceClass": "qx.module.Animation"}, "type": "attach"}, {"attributes": {}, "type": "return", "children": [{"attributes": {"text": "<p>The collection for chaining.</p>"}, "type": "desc"}, {"attributes": {}, "type": "types", "children": [{"attributes": {"type": "qxWeb"}, "type": "entry"}]}]}]}, {"attributes": {"line": 234, "isStatic": true, "name": "stop"}, "type": "method", "children": [{"attributes": {"text": "<p>Stops a running animation.</p>"}, "type": "desc"}, {"attributes": {"targetMethod": "", "targetClass": "qxWeb", "sourceMethod": "stop", "sourceClass": "qx.module.Animation"}, "type": "attach"}, {"attributes": {}, "type": "return", "children": [{"attributes": {"text": "<p>The collection for chaining.</p>"}, "type": "desc"}, {"attributes": {}, "type": "types", "children": [{"attributes": {"type": "qxWeb"}, "type": "entry"}]}]}]}]}, {"attributes": {}, "type": "constants", "children": [{"attributes": {"access": "protected", "name": "_fadeIn"}, "type": "constant", "children": [{"attributes": {"text": "<p>Animation description used in {@link #fadeIn}.</p>"}, "type": "desc"}]}, {"attributes": {"access": "protected", "name": "_fadeOut"}, "type": "constant", "children": [{"attributes": {"text": "<p>Animation description used in {@link #fadeOut}.</p>"}, "type": "desc"}]}]}]}