{"attributes": {"isStatic": true, "group": "Core", "name": "Attribute", "packageName": "qx.module", "fullName": "qx.module.Attribute", "type": "bootstrap"}, "type": "class", "children": [{"attributes": {"text": "<p>Attribute/Property handling for <span class=\"caps\">DOM</span> elements.</p>"}, "type": "desc"}, {"attributes": {}, "type": "methods-static", "children": [{"attributes": {"line": 81, "isStatic": true, "name": "getAttribute"}, "type": "method", "children": [{"attributes": {}, "type": "params", "children": [{"attributes": {"name": "name"}, "type": "param", "children": [{"attributes": {"text": "<p>Attribute name</p>"}, "type": "desc"}, {"attributes": {}, "type": "types", "children": [{"attributes": {"type": "String"}, "type": "entry"}]}]}]}, {"attributes": {"text": "<p>Returns the value of the given attribute for the first item in the\ncollection.</p>"}, "type": "desc"}, {"attributes": {"targetMethod": "", "targetClass": "qxWeb", "sourceMethod": "getAttribute", "sourceClass": "qx.module.Attribute"}, "type": "attach"}, {"attributes": {}, "type": "return", "children": [{"attributes": {"text": "<p>Attribute value</p>"}, "type": "desc"}, {"attributes": {}, "type": "types", "children": [{"attributes": {"type": "var"}, "type": "entry"}]}]}]}, {"attributes": {"line": 126, "isStatic": true, "name": "getAttributes"}, "type": "method", "children": [{"attributes": {}, "type": "params", "children": [{"attributes": {"name": "names"}, "type": "param", "children": [{"attributes": {"text": "<p>List of attribute names</p>"}, "type": "desc"}, {"attributes": {}, "type": "types", "children": [{"attributes": {"type": "String", "dimensions": 1}, "type": "entry"}]}]}]}, {"attributes": {"text": "<p>Returns the values of multiple attributes for the first item in the collection</p>"}, "type": "desc"}, {"attributes": {"targetMethod": "", "targetClass": "qxWeb", "sourceMethod": "getAttributes", "sourceClass": "qx.module.Attribute"}, "type": "attach"}, {"attributes": {}, "type": "return", "children": [{"attributes": {"text": "<p>Map of attribute name/value pairs</p>"}, "type": "desc"}, {"attributes": {}, "type": "types", "children": [{"attributes": {"type": "Map"}, "type": "entry"}]}]}]}, {"attributes": {"line": 33, "isStatic": true, "name": "getHtml"}, "type": "method", "children": [{"attributes": {"text": "<p>Returns the <span class=\"caps\">HTML</span> content of the first item in the collection</p>"}, "type": "desc"}, {"attributes": {"targetMethod": "", "targetClass": "qxWeb", "sourceMethod": "getHtml", "sourceClass": "qx.module.Attribute"}, "type": "attach"}, {"attributes": {}, "type": "return", "children": [{"attributes": {"text": "<p><span class=\"caps\">HTML</span> content or null if the collection is empty</p>"}, "type": "desc"}, {"attributes": {}, "type": "types", "children": [{"attributes": {"type": "String"}, "type": "entry"}, {"attributes": {"type": "null"}, "type": "entry"}]}]}]}, {"attributes": {"line": 204, "isStatic": true, "name": "getProperties"}, "type": "method", "children": [{"attributes": {}, "type": "params", "children": [{"attributes": {"name": "names"}, "type": "param", "children": [{"attributes": {"text": "<p>List of property names</p>"}, "type": "desc"}, {"attributes": {}, "type": "types", "children": [{"attributes": {"type": "String", "dimensions": 1}, "type": "entry"}]}]}]}, {"attributes": {"text": "<p>Returns the values of multiple properties for the first item in the collection</p>"}, "type": "desc"}, {"attributes": {"targetMethod": "", "targetClass": "qxWeb", "sourceMethod": "getProperties", "sourceClass": "qx.module.Attribute"}, "type": "attach"}, {"attributes": {}, "type": "return", "children": [{"attributes": {"text": "<p>Map of property name/value pairs</p>"}, "type": "desc"}, {"attributes": {}, "type": "types", "children": [{"attributes": {"type": "Map"}, "type": "entry"}]}]}]}, {"attributes": {"line": 174, "isStatic": true, "name": "getProperty"}, "type": "method", "children": [{"attributes": {}, "type": "params", "children": [{"attributes": {"name": "name"}, "type": "param", "children": [{"attributes": {"text": "<p>Property name</p>"}, "type": "desc"}, {"attributes": {}, "type": "types", "children": [{"attributes": {"type": "String"}, "type": "entry"}]}]}]}, {"attributes": {"text": "<p>Returns the value of the given property for the first item in the\ncollection</p>"}, "type": "desc"}, {"attributes": {"targetMethod": "", "targetClass": "qxWeb", "sourceMethod": "getProperty", "sourceClass": "qx.module.Attribute"}, "type": "attach"}, {"attributes": {}, "type": "return", "children": [{"attributes": {"text": "<p>Property value</p>"}, "type": "desc"}, {"attributes": {}, "type": "types", "children": [{"attributes": {"type": "var"}, "type": "entry"}]}]}]}, {"attributes": {"line": 222, "isStatic": true, "name": "getValue"}, "type": "method", "children": [{"attributes": {"text": "<p>Returns the currently configured value for the first item in the collection.\nWorks with simple input fields as well as with select boxes or option\nelements. Returns an array for select boxes with multi selection. In all\nother cases, a string is returned.</p>"}, "type": "desc"}, {"attributes": {"targetMethod": "", "targetClass": "qxWeb", "sourceMethod": "getValue", "sourceClass": "qx.module.Attribute"}, "type": "attach"}, {"attributes": {}, "type": "return", "children": [{"attributes": {"text": "<p>String value or Array of string values (for multiselect)</p>"}, "type": "desc"}, {"attributes": {}, "type": "types", "children": [{"attributes": {"type": "String"}, "type": "entry"}, {"attributes": {"type": "String", "dimensions": 1}, "type": "entry"}]}]}]}, {"attributes": {"line": 96, "isStatic": true, "name": "removeAttribute"}, "type": "method", "children": [{"attributes": {}, "type": "params", "children": [{"attributes": {"name": "name"}, "type": "param", "children": [{"attributes": {"text": "<p>Attribute name</p>"}, "type": "desc"}, {"attributes": {}, "type": "types", "children": [{"attributes": {"type": "String"}, "type": "entry"}]}]}]}, {"attributes": {"text": "<p>Removes the given attribute from all elements in the collection</p>"}, "type": "desc"}, {"attributes": {"targetMethod": "", "targetClass": "qxWeb", "sourceMethod": "removeAttribute", "sourceClass": "qx.module.Attribute"}, "type": "attach"}, {"attributes": {}, "type": "return", "children": [{"attributes": {"text": "<p>The collection for chaining</p>"}, "type": "desc"}, {"attributes": {}, "type": "types", "children": [{"attributes": {"type": "qxWeb"}, "type": "entry"}]}]}]}, {"attributes": {"line": 142, "isStatic": true, "name": "removeAttributes"}, "type": "method", "children": [{"attributes": {}, "type": "params", "children": [{"attributes": {"name": "attributes"}, "type": "param", "children": [{"attributes": {"text": "<p>List of attribute names</p>"}, "type": "desc"}, {"attributes": {}, "type": "types", "children": [{"attributes": {"type": "String", "dimensions": 1}, "type": "entry"}]}]}]}, {"attributes": {"text": "<p>Removes multiple attributes from each item in the collection.</p>"}, "type": "desc"}, {"attributes": {"targetMethod": "", "targetClass": "qxWeb", "sourceMethod": "removeAttributes", "sourceClass": "qx.module.Attribute"}, "type": "attach"}, {"attributes": {}, "type": "return", "children": [{"attributes": {"text": "<p>The collection for chaining</p>"}, "type": "desc"}, {"attributes": {}, "type": "types", "children": [{"attributes": {"type": "qxWeb"}, "type": "entry"}]}]}]}, {"attributes": {"line": 65, "isStatic": true, "name": "setAttribute"}, "type": "method", "children": [{"attributes": {}, "type": "params", "children": [{"attributes": {"name": "name"}, "type": "param", "children": [{"attributes": {"text": "<p>Attribute name</p>"}, "type": "desc"}, {"attributes": {}, "type": "types", "children": [{"attributes": {"type": "String"}, "type": "entry"}]}]}, {"attributes": {"name": "value"}, "type": "param", "children": [{"attributes": {"text": "<p>Attribute value</p>"}, "type": "desc"}, {"attributes": {}, "type": "types", "children": [{"attributes": {"type": "var"}, "type": "entry"}]}]}]}, {"attributes": {"text": "<p>Sets an <span class=\"caps\">HTML</span> attribute on each item in the collection</p>"}, "type": "desc"}, {"attributes": {"targetMethod": "", "targetClass": "qxWeb", "sourceMethod": "setAttribute", "sourceClass": "qx.module.Attribute"}, "type": "attach"}, {"attributes": {}, "type": "return", "children": [{"attributes": {"text": "<p>The collection for chaining</p>"}, "type": "desc"}, {"attributes": {}, "type": "types", "children": [{"attributes": {"type": "qxWeb"}, "type": "entry"}]}]}]}, {"attributes": {"line": 111, "isStatic": true, "name": "setAttributes"}, "type": "method", "children": [{"attributes": {}, "type": "params", "children": [{"attributes": {"name": "attributes"}, "type": "param", "children": [{"attributes": {"text": "<p>A map of attribute name/value pairs</p>"}, "type": "desc"}, {"attributes": {}, "type": "types", "children": [{"attributes": {"type": "Map"}, "type": "entry"}]}]}]}, {"attributes": {"text": "<p>Sets multiple attributes for each item in the collection.</p>"}, "type": "desc"}, {"attributes": {"targetMethod": "", "targetClass": "qxWeb", "sourceMethod": "setAttributes", "sourceClass": "qx.module.Attribute"}, "type": "attach"}, {"attributes": {}, "type": "return", "children": [{"attributes": {"text": "<p>The collection for chaining</p>"}, "type": "desc"}, {"attributes": {}, "type": "types", "children": [{"attributes": {"type": "qxWeb"}, "type": "entry"}]}]}]}, {"attributes": {"line": 48, "isStatic": true, "name": "setHtml"}, "type": "method", "children": [{"attributes": {}, "type": "params", "children": [{"attributes": {"name": "html"}, "type": "param", "children": [{"attributes": {"text": "<p><span class=\"caps\">HTML</span> string</p>"}, "type": "desc"}, {"attributes": {}, "type": "types", "children": [{"attributes": {"type": "String"}, "type": "entry"}]}]}]}, {"attributes": {"text": "<p>Sets the <span class=\"caps\">HTML</span> content of each item in the collection</p>"}, "type": "desc"}, {"attributes": {"targetMethod": "", "targetClass": "qxWeb", "sourceMethod": "setHtml", "sourceClass": "qx.module.Attribute"}, "type": "attach"}, {"attributes": {}, "type": "return", "children": [{"attributes": {"text": "<p>The collection for chaining</p>"}, "type": "desc"}, {"attributes": {}, "type": "types", "children": [{"attributes": {"type": "qxWeb"}, "type": "entry"}]}]}]}, {"attributes": {"line": 189, "isStatic": true, "name": "setProperties"}, "type": "method", "children": [{"attributes": {}, "type": "params", "children": [{"attributes": {"name": "properties"}, "type": "param", "children": [{"attributes": {"text": "<p>A map of property name/value pairs</p>"}, "type": "desc"}, {"attributes": {}, "type": "types", "children": [{"attributes": {"type": "Map"}, "type": "entry"}]}]}]}, {"attributes": {"text": "<p>Sets multiple properties for each item in the collection.</p>"}, "type": "desc"}, {"attributes": {"targetMethod": "", "targetClass": "qxWeb", "sourceMethod": "setProperties", "sourceClass": "qx.module.Attribute"}, "type": "attach"}, {"attributes": {}, "type": "return", "children": [{"attributes": {"text": "<p>The collection for chaining</p>"}, "type": "desc"}, {"attributes": {}, "type": "types", "children": [{"attributes": {"type": "qxWeb"}, "type": "entry"}]}]}]}, {"attributes": {"line": 158, "isStatic": true, "name": "setProperty"}, "type": "method", "children": [{"attributes": {}, "type": "params", "children": [{"attributes": {"name": "name"}, "type": "param", "children": [{"attributes": {"text": "<p>Property name</p>"}, "type": "desc"}, {"attributes": {}, "type": "types", "children": [{"attributes": {"type": "String"}, "type": "entry"}]}]}, {"attributes": {"name": "value"}, "type": "param", "children": [{"attributes": {"text": "<p>Property value</p>"}, "type": "desc"}, {"attributes": {}, "type": "types", "children": [{"attributes": {"type": "var"}, "type": "entry"}]}]}]}, {"attributes": {"text": "<p>Sets a property on each item in the collection</p>"}, "type": "desc"}, {"attributes": {"targetMethod": "", "targetClass": "qxWeb", "sourceMethod": "setProperty", "sourceClass": "qx.module.Attribute"}, "type": "attach"}, {"attributes": {}, "type": "return", "children": [{"attributes": {"text": "<p>The collection for chaining</p>"}, "type": "desc"}, {"attributes": {}, "type": "types", "children": [{"attributes": {"type": "qxWeb"}, "type": "entry"}]}]}]}, {"attributes": {"line": 244, "isStatic": true, "name": "setValue"}, "type": "method", "children": [{"attributes": {}, "type": "params", "children": [{"attributes": {"name": "value"}, "type": "param", "children": [{"attributes": {"text": "<p>The value to apply</p>"}, "type": "desc"}, {"attributes": {}, "type": "types", "children": [{"attributes": {"type": "String"}, "type": "entry"}, {"attributes": {"type": "Number"}, "type": "entry"}, {"attributes": {"type": "Array"}, "type": "entry"}]}]}]}, {"attributes": {"text": "<p>Applies the given value to each element in the collection.\nNormally the value is given as a string/number value and applied to the\nfield content (textfield, textarea) or used to detect whether the field\nis checked (checkbox, radiobutton).\nSupports array values for selectboxes (multiple selection) and checkboxes\nor radiobuttons (for convenience).\nPlease note: To modify the value attribute of a checkbox or radiobutton\nuse @link{#set} instead.</p>"}, "type": "desc"}, {"attributes": {"targetMethod": "", "targetClass": "qxWeb", "sourceMethod": "setValue", "sourceClass": "qx.module.Attribute"}, "type": "attach"}, {"attributes": {}, "type": "return", "children": [{"attributes": {"text": "<p>The collection for chaining</p>"}, "type": "desc"}, {"attributes": {}, "type": "types", "children": [{"attributes": {"type": "qxWeb"}, "type": "entry"}]}]}]}]}]}