{"attributes": {"isStatic": true, "group": "Utilities", "name": "Array", "packageName": "qx.module.util", "fullName": "qx.module.util.Array", "type": "bootstrap"}, "type": "class", "children": [{"attributes": {"text": "<p>Utility module to give some support to work with arrays.</p>"}, "type": "desc"}, {"attributes": {}, "type": "methods-static", "children": [{"attributes": {"line": 1, "isStatic": true, "name": "cast"}, "type": "method", "children": [{"attributes": {}, "type": "params", "children": [{"attributes": {"name": "object"}, "type": "param", "children": [{"attributes": {"text": "<p>any array-like object</p>"}, "type": "desc"}, {"attributes": {}, "type": "types", "children": [{"attributes": {"type": "var"}, "type": "entry"}]}]}, {"attributes": {"name": "constructor"}, "type": "param", "children": [{"attributes": {"text": "<p>constructor of the new instance</p>"}, "type": "desc"}, {"attributes": {}, "type": "types", "children": [{"attributes": {"type": "Function"}, "type": "entry"}]}]}, {"attributes": {"defaultValue": "0", "optional": true, "name": "offset"}, "type": "param", "children": [{"attributes": {"text": "<p>position to start from</p>"}, "type": "desc"}, {"attributes": {}, "type": "types", "children": [{"attributes": {"type": "Number"}, "type": "entry"}]}]}]}, {"attributes": {"text": "<p>Converts an array like object to any other array like\nobject.</p>\n\n<p>Attention: The returned array may be same\ninstance as the incoming one if the constructor is identical!</p>"}, "type": "desc"}, {"attributes": {"targetMethod": "array.cast", "targetClass": "qxWeb", "sourceMethod": "cast", "sourceClass": "qx.module.util.Array"}, "type": "attachStatic"}, {"attributes": {}, "type": "return", "children": [{"attributes": {"text": "<p>the converted array</p>"}, "type": "desc"}, {"attributes": {}, "type": "types", "children": [{"attributes": {"type": "Array"}, "type": "entry"}]}]}]}, {"attributes": {"line": 1, "isStatic": true, "name": "equals"}, "type": "method", "children": [{"attributes": {}, "type": "params", "children": [{"attributes": {"name": "arr1"}, "type": "param", "children": [{"attributes": {"text": "<p>first array</p>"}, "type": "desc"}, {"attributes": {}, "type": "types", "children": [{"attributes": {"type": "Array"}, "type": "entry"}]}]}, {"attributes": {"name": "arr2"}, "type": "param", "children": [{"attributes": {"text": "<p>second array</p>"}, "type": "desc"}, {"attributes": {}, "type": "types", "children": [{"attributes": {"type": "Array"}, "type": "entry"}]}]}]}, {"attributes": {"text": "<p>Check whether the two arrays have the same content. Checks only the\nequality of the arrays&#8217; content.</p>"}, "type": "desc"}, {"attributes": {"targetMethod": "array.equals", "targetClass": "qxWeb", "sourceMethod": "equals", "sourceClass": "qx.module.util.Array"}, "type": "attachStatic"}, {"attributes": {}, "type": "return", "children": [{"attributes": {"text": "<p>Whether the two arrays are equal</p>"}, "type": "desc"}, {"attributes": {}, "type": "types", "children": [{"attributes": {"type": "Boolean"}, "type": "entry"}]}]}]}, {"attributes": {"line": 1, "isStatic": true, "name": "exclude"}, "type": "method", "children": [{"attributes": {}, "type": "params", "children": [{"attributes": {"name": "arr1"}, "type": "param", "children": [{"attributes": {"text": "<p>the array</p>"}, "type": "desc"}, {"attributes": {}, "type": "types", "children": [{"attributes": {"type": "Array"}, "type": "entry"}]}]}, {"attributes": {"name": "arr2"}, "type": "param", "children": [{"attributes": {"text": "<p>the elements of this array will be excluded from the other one</p>"}, "type": "desc"}, {"attributes": {}, "type": "types", "children": [{"attributes": {"type": "Array"}, "type": "entry"}]}]}]}, {"attributes": {"text": "<p>Modifies the first array as it removes all elements\nwhich are listed in the second array as well.</p>"}, "type": "desc"}, {"attributes": {"targetMethod": "array.exclude", "targetClass": "qxWeb", "sourceMethod": "exclude", "sourceClass": "qx.module.util.Array"}, "type": "attachStatic"}, {"attributes": {}, "type": "return", "children": [{"attributes": {"text": "<p>The modified array.</p>"}, "type": "desc"}, {"attributes": {}, "type": "types", "children": [{"attributes": {"type": "Array"}, "type": "entry"}]}]}]}, {"attributes": {"line": 1, "isStatic": true, "name": "fromArguments"}, "type": "method", "children": [{"attributes": {}, "type": "params", "children": [{"attributes": {"name": "args"}, "type": "param", "children": [{"attributes": {"text": "<p>arguments object</p>"}, "type": "desc"}, {"attributes": {}, "type": "types", "children": [{"attributes": {"type": "arguments"}, "type": "entry"}]}]}, {"attributes": {"defaultValue": "0", "optional": true, "name": "offset"}, "type": "param", "children": [{"attributes": {"text": "<p>position to start from</p>"}, "type": "desc"}, {"attributes": {}, "type": "types", "children": [{"attributes": {"type": "Number"}, "type": "entry"}]}]}]}, {"attributes": {"text": "<p>Convert an arguments object into an array.</p>"}, "type": "desc"}, {"attributes": {"targetMethod": "array.fromArguments", "targetClass": "qxWeb", "sourceMethod": "fromArguments", "sourceClass": "qx.module.util.Array"}, "type": "attachStatic"}, {"attributes": {}, "type": "return", "children": [{"attributes": {"text": "<p>a newly created array (copy) with the content of the arguments object.</p>"}, "type": "desc"}, {"attributes": {}, "type": "types", "children": [{"attributes": {"type": "Array"}, "type": "entry"}]}]}]}, {"attributes": {"line": 1, "isStatic": true, "name": "insertAfter"}, "type": "method", "children": [{"attributes": {}, "type": "params", "children": [{"attributes": {"name": "arr"}, "type": "param", "children": [{"attributes": {"text": "<p>the array</p>"}, "type": "desc"}, {"attributes": {}, "type": "types", "children": [{"attributes": {"type": "Array"}, "type": "entry"}]}]}, {"attributes": {"name": "obj"}, "type": "param", "children": [{"attributes": {"text": "<p>object to be inserted</p>"}, "type": "desc"}, {"attributes": {}, "type": "types", "children": [{"attributes": {"type": "var"}, "type": "entry"}]}]}, {"attributes": {"name": "obj2"}, "type": "param", "children": [{"attributes": {"text": "<p>insert obj1 after this object</p>"}, "type": "desc"}, {"attributes": {}, "type": "types", "children": [{"attributes": {"type": "var"}, "type": "entry"}]}]}]}, {"attributes": {"text": "<p>Insert an element into the array after a given second element.</p>"}, "type": "desc"}, {"attributes": {"targetMethod": "array.insertAfter", "targetClass": "qxWeb", "sourceMethod": "insertAfter", "sourceClass": "qx.module.util.Array"}, "type": "attachStatic"}, {"attributes": {}, "type": "return", "children": [{"attributes": {"text": "<p>The given array.</p>"}, "type": "desc"}, {"attributes": {}, "type": "types", "children": [{"attributes": {"type": "Array"}, "type": "entry"}]}]}]}, {"attributes": {"line": 1, "isStatic": true, "name": "insertBefore"}, "type": "method", "children": [{"attributes": {}, "type": "params", "children": [{"attributes": {"name": "arr"}, "type": "param", "children": [{"attributes": {"text": "<p>the array</p>"}, "type": "desc"}, {"attributes": {}, "type": "types", "children": [{"attributes": {"type": "Array"}, "type": "entry"}]}]}, {"attributes": {"name": "obj"}, "type": "param", "children": [{"attributes": {"text": "<p>object to be inserted</p>"}, "type": "desc"}, {"attributes": {}, "type": "types", "children": [{"attributes": {"type": "var"}, "type": "entry"}]}]}, {"attributes": {"name": "obj2"}, "type": "param", "children": [{"attributes": {"text": "<p>insert obj1 before this object</p>"}, "type": "desc"}, {"attributes": {}, "type": "types", "children": [{"attributes": {"type": "var"}, "type": "entry"}]}]}]}, {"attributes": {"text": "<p>Insert an element into the array before a given second element.</p>"}, "type": "desc"}, {"attributes": {"targetMethod": "array.insertBefore", "targetClass": "qxWeb", "sourceMethod": "insertBefore", "sourceClass": "qx.module.util.Array"}, "type": "attachStatic"}, {"attributes": {}, "type": "return", "children": [{"attributes": {"text": "<p>The given array.</p>"}, "type": "desc"}, {"attributes": {}, "type": "types", "children": [{"attributes": {"type": "Array"}, "type": "entry"}]}]}]}, {"attributes": {"line": 1, "isStatic": true, "name": "max"}, "type": "method", "children": [{"attributes": {}, "type": "params", "children": [{"attributes": {"name": "arr"}, "type": "param", "children": [{"attributes": {"text": "<p>Array to process.</p>"}, "type": "desc"}, {"attributes": {}, "type": "types", "children": [{"attributes": {"type": "Array"}, "type": "entry"}]}]}]}, {"attributes": {"text": "<p>Returns the highest value in the given array. Supports\nnumeric values only.</p>"}, "type": "desc"}, {"attributes": {"targetMethod": "array.max", "targetClass": "qxWeb", "sourceMethod": "max", "sourceClass": "qx.module.util.Array"}, "type": "attachStatic"}, {"attributes": {}, "type": "return", "children": [{"attributes": {"text": "<p>The highest of all values or undefined if array is empty.</p>"}, "type": "desc"}, {"attributes": {}, "type": "types", "children": [{"attributes": {"type": "Number"}, "type": "entry"}, {"attributes": {"type": "undefined"}, "type": "entry"}]}]}]}, {"attributes": {"line": 1, "isStatic": true, "name": "min"}, "type": "method", "children": [{"attributes": {}, "type": "params", "children": [{"attributes": {"name": "arr"}, "type": "param", "children": [{"attributes": {"text": "<p>Array to process.</p>"}, "type": "desc"}, {"attributes": {}, "type": "types", "children": [{"attributes": {"type": "Array"}, "type": "entry"}]}]}]}, {"attributes": {"text": "<p>Returns the lowest value in the given array. Supports\nnumeric values only.</p>"}, "type": "desc"}, {"attributes": {"targetMethod": "array.min", "targetClass": "qxWeb", "sourceMethod": "min", "sourceClass": "qx.module.util.Array"}, "type": "attachStatic"}, {"attributes": {}, "type": "return", "children": [{"attributes": {"text": "<p>The lowest of all values or undefined if array is empty.</p>"}, "type": "desc"}, {"attributes": {}, "type": "types", "children": [{"attributes": {"type": "Number"}, "type": "entry"}, {"attributes": {"type": "undefined"}, "type": "entry"}]}]}]}, {"attributes": {"line": 1, "isStatic": true, "name": "remove"}, "type": "method", "children": [{"attributes": {}, "type": "params", "children": [{"attributes": {"name": "arr"}, "type": "param", "children": [{"attributes": {"text": "<p>the array</p>"}, "type": "desc"}, {"attributes": {}, "type": "types", "children": [{"attributes": {"type": "Array"}, "type": "entry"}]}]}, {"attributes": {"name": "obj"}, "type": "param", "children": [{"attributes": {"text": "<p>element to be removed from the array</p>"}, "type": "desc"}, {"attributes": {}, "type": "types", "children": [{"attributes": {"type": "var"}, "type": "entry"}]}]}]}, {"attributes": {"text": "<p>Remove an element from the array.</p>"}, "type": "desc"}, {"attributes": {"targetMethod": "array.remove", "targetClass": "qxWeb", "sourceMethod": "remove", "sourceClass": "qx.module.util.Array"}, "type": "attachStatic"}, {"attributes": {}, "type": "return", "children": [{"attributes": {"text": "<p>the removed element</p>"}, "type": "desc"}, {"attributes": {}, "type": "types", "children": [{"attributes": {"type": "var"}, "type": "entry"}]}]}]}, {"attributes": {"line": 1, "isStatic": true, "name": "removeAll"}, "type": "method", "children": [{"attributes": {}, "type": "params", "children": [{"attributes": {"name": "arr"}, "type": "param", "children": [{"attributes": {"text": "<p>the array</p>"}, "type": "desc"}, {"attributes": {}, "type": "types", "children": [{"attributes": {"type": "Array"}, "type": "entry"}]}]}]}, {"attributes": {"text": "<p>Remove all elements from the array</p>"}, "type": "desc"}, {"attributes": {"targetMethod": "array.removeAll", "targetClass": "qxWeb", "sourceMethod": "removeAll", "sourceClass": "qx.module.util.Array"}, "type": "attachStatic"}, {"attributes": {}, "type": "return", "children": [{"attributes": {"text": "<p>empty array</p>"}, "type": "desc"}, {"attributes": {}, "type": "types", "children": [{"attributes": {"type": "Array"}, "type": "entry"}]}]}]}, {"attributes": {"line": 1, "isStatic": true, "name": "unique"}, "type": "method", "children": [{"attributes": {}, "type": "params", "children": [{"attributes": {"name": "arr"}, "type": "param", "children": [{"attributes": {"text": "<p>Incoming array</p>"}, "type": "desc"}, {"attributes": {}, "type": "types", "children": [{"attributes": {"type": "Array"}, "type": "entry"}]}]}]}, {"attributes": {"text": "<p>Recreates an array which is free of all duplicate elements from the original.\nThis method do not modifies the original array!\nKeep in mind that this methods deletes undefined indexes.</p>"}, "type": "desc"}, {"attributes": {"targetMethod": "array.unique", "targetClass": "qxWeb", "sourceMethod": "unique", "sourceClass": "qx.module.util.Array"}, "type": "attachStatic"}, {"attributes": {}, "type": "return", "children": [{"attributes": {"text": "<p>Returns a copy with no duplicates or the original array if no duplicates were found.</p>"}, "type": "desc"}, {"attributes": {}, "type": "types", "children": [{"attributes": {"type": "Array"}, "type": "entry"}]}]}]}]}]}