{"attributes": {"isStatic": true, "group": "Event_Normalization", "name": "Keyboard", "packageName": "qx.module.event", "fullName": "qx.module.event.Keyboard", "type": "bootstrap"}, "type": "class", "children": [{"attributes": {"text": "<p>Normalization for native keyboard events.</p>\n\n<p><span class=\"caps\">NOTE</span>: Some browsers won&#8217;t fire the <code>keypress</code> event for all keys.\nIt&#8217;s generally better to listen for <code>keyup</code> or <code>keydown</code>\ninstead.</p>"}, "type": "desc"}, {"attributes": {}, "type": "methods-static", "children": [{"attributes": {"access": "protected", "line": 172, "isStatic": true, "name": "_inputFix"}, "type": "method", "children": [{"attributes": {}, "type": "params", "children": [{"attributes": {"name": "ev"}, "type": "param", "children": [{"attributes": {"text": "<p>Keyup event</p>"}, "type": "desc"}, {"attributes": {}, "type": "types", "children": [{"attributes": {"type": "Event"}, "type": "entry"}]}]}]}, {"attributes": {"text": "<p>IE9 fix: Emits an &#8220;input&#8221; event if a text input element&#8217;s value was changed\nusing the Backspace key</p>"}, "type": "desc"}]}, {"attributes": {"line": 100, "isStatic": true, "name": "getKeyIdentifier"}, "type": "method", "children": [{"attributes": {"text": "<p>Identifier of the pressed key. This property is modeled after the <em>KeyboardEvent.keyIdentifier</em> property\nof the W3C <span class=\"caps\">DOM</span> 3 event specification\n(<a href=\"http://www.w3.org/TR/2003/NOTE-DOM-Level-3-Events-20031107/events.html#Events-KeyboardEvent-keyIdentifier\">http://www.w3.org/TR/2003/NOTE-DOM-Level-3-Events-20031107/events.html#Events-KeyboardEvent-keyIdentifier</a>).</p>\n\n<p>Printable keys are represented by an unicode string, non-printable keys\nhave one of the following values:</p>\n\n<table>\n<tr><th>Backspace</th><td>The Backspace (Back) key.</td></tr>\n<tr><th>Tab</th><td>The Horizontal Tabulation (Tab) key.</td></tr>\n<tr><th>Space</th><td>The Space (Spacebar) key.</td></tr>\n<tr><th>Enter</th><td>The Enter key. Note: This key identifier is also used for the Return (Macintosh numpad) key.</td></tr>\n<tr><th>Shift</th><td>The Shift key.</td></tr>\n<tr><th>Control</th><td>The Control (Ctrl) key.</td></tr>\n<tr><th>Alt</th><td>The Alt (Menu) key.</td></tr>\n<tr><th>CapsLock</th><td>The CapsLock key</td></tr>\n<tr><th>Meta</th><td>The Meta key. (Apple Meta and Windows key)</td></tr>\n<tr><th>Escape</th><td>The Escape (Esc) key.</td></tr>\n<tr><th>Left</th><td>The Left Arrow key.</td></tr>\n<tr><th>Up</th><td>The Up Arrow key.</td></tr>\n<tr><th>Right</th><td>The Right Arrow key.</td></tr>\n<tr><th>Down</th><td>The Down Arrow key.</td></tr>\n<tr><th>PageUp</th><td>The Page Up key.</td></tr>\n<tr><th>PageDown</th><td>The Page Down (Next) key.</td></tr>\n<tr><th>End</th><td>The End key.</td></tr>\n<tr><th>Home</th><td>The Home key.</td></tr>\n<tr><th>Insert</th><td>The Insert (Ins) key. (Does not fire in Opera/Win)</td></tr>\n<tr><th>Delete</th><td>The Delete (Del) Key.</td></tr>\n<tr><th>F1</th><td>The F1 key.</td></tr>\n<tr><th>F2</th><td>The F2 key.</td></tr>\n<tr><th>F3</th><td>The F3 key.</td></tr>\n<tr><th>F4</th><td>The F4 key.</td></tr>\n<tr><th>F5</th><td>The F5 key.</td></tr>\n<tr><th>F6</th><td>The F6 key.</td></tr>\n<tr><th>F7</th><td>The F7 key.</td></tr>\n<tr><th>F8</th><td>The F8 key.</td></tr>\n<tr><th>F9</th><td>The F9 key.</td></tr>\n<tr><th>F10</th><td>The F10 key.</td></tr>\n<tr><th>F11</th><td>The F11 key.</td></tr>\n<tr><th>F12</th><td>The F12 key.</td></tr>\n<tr><th>NumLock</th><td>The Num Lock key.</td></tr>\n<tr><th>PrintScreen</th><td>The Print Screen (PrintScrn, SnapShot) key.</td></tr>\n<tr><th>Scroll</th><td>The scroll lock key</td></tr>\n<tr><th>Pause</th><td>The pause/break key</td></tr>\n<tr><th>Win</th><td>The Windows Logo key</td></tr>\n<tr><th>Apps</th><td>The Application key (Windows Context Menu)</td></tr>\n</table>"}, "type": "desc"}, {"attributes": {}, "type": "return", "children": [{"attributes": {"text": "<p>The key identifier</p>"}, "type": "desc"}, {"attributes": {}, "type": "types", "children": [{"attributes": {"type": "String"}, "type": "entry"}]}]}]}, {"attributes": {"access": "internal", "isInternal": true, "line": 120, "isStatic": true, "name": "normalize"}, "type": "method", "children": [{"attributes": {}, "type": "params", "children": [{"attributes": {"name": "event"}, "type": "param", "children": [{"attributes": {"text": "<p>Native event object</p>"}, "type": "desc"}, {"attributes": {}, "type": "types", "children": [{"attributes": {"type": "Event"}, "type": "entry"}]}]}, {"attributes": {"name": "element"}, "type": "param", "children": [{"attributes": {"text": "<p><span class=\"caps\">DOM</span> element the listener was attached to</p>"}, "type": "desc"}, {"attributes": {}, "type": "types", "children": [{"attributes": {"type": "Element"}, "type": "entry"}]}]}]}, {"attributes": {"text": "<p>Manipulates the native event object, adding methods if they&#8217;re not\nalready present</p>"}, "type": "desc"}, {"attributes": {}, "type": "return", "children": [{"attributes": {"text": "<p>Normalized event object</p>"}, "type": "desc"}, {"attributes": {}, "type": "types", "children": [{"attributes": {"type": "Event"}, "type": "entry"}]}]}]}, {"attributes": {"access": "internal", "isInternal": true, "line": 143, "isStatic": true, "name": "registerInputFix"}, "type": "method", "children": [{"attributes": {}, "type": "params", "children": [{"attributes": {"name": "element"}, "type": "param", "children": [{"attributes": {"text": "<p>Target element</p>"}, "type": "desc"}, {"attributes": {}, "type": "types", "children": [{"attributes": {"type": "Element"}, "type": "entry"}]}]}]}, {"attributes": {"text": "<p>IE9 will not fire an &#8220;input&#8221; event on text input elements if the user changes\nthe field&#8217;s value by pressing the Backspace key. We fix this by listening\nfor the &#8220;keyup&#8221; event and emitting the missing event if necessary</p>"}, "type": "desc"}]}, {"attributes": {"access": "internal", "isInternal": true, "line": 159, "isStatic": true, "name": "unregisterInputFix"}, "type": "method", "children": [{"attributes": {}, "type": "params", "children": [{"attributes": {"name": "element"}, "type": "param", "children": [{"attributes": {"text": "<p>target element</p>"}, "type": "desc"}, {"attributes": {}, "type": "types", "children": [{"attributes": {"type": "Element"}, "type": "entry"}]}]}]}, {"attributes": {"text": "<p>Removes the IE9 input event fix</p>"}, "type": "desc"}]}]}, {"attributes": {}, "type": "constants", "children": [{"attributes": {"access": "internal", "isInternal": true, "type": "Array", "name": "BIND_METHODS", "value": "[\"getKeyIdentifier\"]"}, "type": "constant", "children": [{"attributes": {"text": "<p>List qx.module.event.Keyboard methods to be attached to native mouse event\nobjects</p>"}, "type": "desc"}]}, {"attributes": {"type": "Array", "name": "TYPES", "value": "[\"keydown\",\"keypress\",\"keyup\"]"}, "type": "constant", "children": [{"attributes": {"text": "<p>List of event types to be normalized</p>"}, "type": "desc"}]}]}]}