{"attributes": {"isStatic": true, "group": "Core", "name": "Traversing", "packageName": "qx.module", "fullName": "qx.module.Traversing", "type": "bootstrap"}, "type": "class", "children": [{"attributes": {"text": "<p><span class=\"caps\">DOM</span> traversal module</p>"}, "type": "desc"}, {"attributes": {}, "type": "methods-static", "children": [{"attributes": {"access": "internal", "isInternal": true, "line": 210, "isStatic": true, "name": "__getAncestors"}, "type": "method", "children": [{"attributes": {}, "type": "params", "children": [{"attributes": {"name": "selector"}, "type": "param", "children": [{"attributes": {"text": "<p>Selector that indicates where to stop including ancestor elements</p>"}, "type": "desc"}, {"attributes": {}, "type": "types", "children": [{"attributes": {"type": "String"}, "type": "entry"}]}]}, {"attributes": {"defaultValue": "null", "optional": true, "name": "filter"}, "type": "param", "children": [{"attributes": {"text": "<p>Optional selector to match</p>"}, "type": "desc"}, {"attributes": {}, "type": "types", "children": [{"attributes": {"type": "String"}, "type": "entry"}]}]}]}, {"attributes": {"text": "<p>Internal helper for getAncestors and getAncestorsUntil</p>"}, "type": "desc"}, {"attributes": {"targetMethod": "", "targetClass": "qxWeb", "sourceMethod": "__getAncestors", "sourceClass": "qx.module.Traversing"}, "type": "attach"}, {"attributes": {}, "type": "return", "children": [{"attributes": {"text": "<p>Collection containing the ancestor elements</p>"}, "type": "desc"}, {"attributes": {}, "type": "types", "children": [{"attributes": {"type": "qxWeb"}, "type": "entry"}]}]}]}, {"attributes": {"access": "private", "line": 853, "isStatic": true, "name": "__getAttributes"}, "type": "method", "children": [{"attributes": {}, "type": "params", "children": [{"attributes": {"name": "node"}, "type": "param", "children": [{"attributes": {"text": "<p><span class=\"caps\">DOM</span> node</p>"}, "type": "desc"}, {"attributes": {}, "type": "types", "children": [{"attributes": {"type": "Node"}, "type": "entry"}]}]}]}, {"attributes": {"text": "<p>Returns a map containing the given <span class=\"caps\">DOM</span> node&#8217;s attribute names\nand values</p>"}, "type": "desc"}, {"attributes": {}, "type": "return", "children": [{"attributes": {"text": "<p>Map of attribute names/values</p>"}, "type": "desc"}, {"attributes": {}, "type": "types", "children": [{"attributes": {"type": "Map"}, "type": "entry"}]}]}]}, {"attributes": {"access": "private", "line": 596, "isStatic": true, "name": "__getElementFromArgument"}, "type": "method", "children": [{"attributes": {}, "type": "params", "children": [{"attributes": {"name": "arg"}, "type": "param", "children": [{"attributes": {"text": "<p>The element.</p>"}, "type": "desc"}, {"attributes": {}, "type": "types", "children": [{"attributes": {"type": "Node"}, "type": "entry"}, {"attributes": {"type": "String"}, "type": "entry"}, {"attributes": {"type": "qxWeb"}, "type": "entry"}]}]}]}, {"attributes": {"text": "<p>Helper which returns the element from the given argument. If it&#8217;s a collection,\nit returns it&#8217;s first child. If it&#8217;s a string, it tries to use the string\nas selector and returns the first child of the new collection.</p>"}, "type": "desc"}, {"attributes": {}, "type": "return", "children": [{"attributes": {"text": "<p>If a node can be extracted, the node element will be return. If not, at given argument will be returned.</p>"}, "type": "desc"}, {"attributes": {}, "type": "types", "children": [{"attributes": {"type": "Node"}, "type": "entry"}, {"attributes": {"type": "var"}, "type": "entry"}]}]}]}, {"attributes": {"access": "private", "line": 833, "isStatic": true, "name": "__getNodeFromArgument"}, "type": "method", "children": [{"attributes": {}, "type": "params", "children": [{"attributes": {"name": "arg"}, "type": "param", "children": [{"attributes": {"text": "<p>object to convert</p>"}, "type": "desc"}, {"attributes": {}, "type": "types", "children": [{"attributes": {"type": "var"}, "type": "entry"}]}]}]}, {"attributes": {"text": "<p>Helper that attempts to convert the given argument into a <span class=\"caps\">DOM</span> node</p>"}, "type": "desc"}, {"attributes": {}, "type": "return", "children": [{"attributes": {"text": "<p><span class=\"caps\">DOM</span> node or null if the conversion failed</p>"}, "type": "desc"}, {"attributes": {}, "type": "types", "children": [{"attributes": {"type": "Node"}, "type": "entry"}, {"attributes": {"type": "null"}, "type": "entry"}]}]}]}, {"attributes": {"access": "internal", "isInternal": true, "line": 883, "isStatic": true, "name": "__hierarchyHelper"}, "type": "method", "children": [{"attributes": {}, "type": "params", "children": [{"attributes": {"name": "collection"}, "type": "param", "children": [{"attributes": {"text": "<p>Collection to iterate over (any Array-like object)</p>"}, "type": "desc"}, {"attributes": {}, "type": "types", "children": [{"attributes": {"type": "Array"}, "type": "entry"}]}]}, {"attributes": {"name": "method"}, "type": "param", "children": [{"attributes": {"text": "<p>Name of the qx.dom.Hierarchy method to apply</p>"}, "type": "desc"}, {"attributes": {}, "type": "types", "children": [{"attributes": {"type": "String"}, "type": "entry"}]}]}, {"attributes": {"optional": true, "name": "selector"}, "type": "param", "children": [{"attributes": {"text": "<p>Optional selector that elements to be included must match</p>"}, "type": "desc"}, {"attributes": {}, "type": "types", "children": [{"attributes": {"type": "String"}, "type": "entry"}]}]}]}, {"attributes": {"text": "<p>Helper function that iterates over a set of items and applies the given\nqx.dom.Hierarchy method to each entry, storing the results in a new Array.\nDuplicates are removed and the items are filtered if a selector is\nprovided.</p>"}, "type": "desc"}, {"attributes": {"targetMethod": "", "targetClass": "qxWeb", "sourceMethod": "__hierarchyHelper", "sourceClass": "qx.module.Traversing"}, "type": "attach"}, {"attributes": {}, "type": "return", "children": [{"attributes": {"text": "<p>Result array</p>"}, "type": "desc"}, {"attributes": {}, "type": "types", "children": [{"attributes": {"type": "Array"}, "type": "entry"}]}]}]}, {"attributes": {"line": 58, "isStatic": true, "name": "add"}, "type": "method", "children": [{"attributes": {}, "type": "params", "children": [{"attributes": {"name": "el"}, "type": "param", "children": [{"attributes": {"text": "<p><span class=\"caps\">DOM</span> element to add to the collection. If a collection is given, only the first element will be added</p>"}, "type": "desc"}, {"attributes": {}, "type": "types", "children": [{"attributes": {"type": "Element"}, "type": "entry"}, {"attributes": {"type": "qxWeb"}, "type": "entry"}]}]}]}, {"attributes": {"text": "<p>Adds an element to the collection</p>"}, "type": "desc"}, {"attributes": {"targetMethod": "", "targetClass": "qxWeb", "sourceMethod": "add", "sourceClass": "qx.module.Traversing"}, "type": "attach"}, {"attributes": {}, "type": "return", "children": [{"attributes": {"text": "<p>The collection for chaining</p>"}, "type": "desc"}, {"attributes": {}, "type": "types", "children": [{"attributes": {"type": "qxWeb"}, "type": "entry"}]}]}]}, {"attributes": {"line": 379, "isStatic": true, "name": "contains"}, "type": "method", "children": [{"attributes": {}, "type": "params", "children": [{"attributes": {"name": "element"}, "type": "param", "children": [{"attributes": {"text": "<p>element to check for.</p>"}, "type": "desc"}, {"attributes": {}, "type": "types", "children": [{"attributes": {"type": "Element"}, "type": "entry"}, {"attributes": {"type": "Window"}, "type": "entry"}, {"attributes": {"type": "Element", "dimensions": 1}, "type": "entry"}, {"attributes": {"type": "qxWeb"}, "type": "entry"}]}]}]}, {"attributes": {"text": "<p>Returns a new collection containing only those nodes that\ncontain the given element. Also accepts a qxWeb\ncollection or an Array of elements. In those cases, the first element\nin the list is used.</p>"}, "type": "desc"}, {"attributes": {"targetMethod": "", "targetClass": "qxWeb", "sourceMethod": "contains", "sourceClass": "qx.module.Traversing"}, "type": "attach"}, {"attributes": {}, "type": "return", "children": [{"attributes": {"text": "<p>Collection with matching items</p>"}, "type": "desc"}, {"attributes": {}, "type": "types", "children": [{"attributes": {"type": "qxWeb"}, "type": "entry"}]}]}]}, {"attributes": {"line": 321, "isStatic": true, "name": "eq"}, "type": "method", "children": [{"attributes": {}, "type": "params", "children": [{"attributes": {"name": "index"}, "type": "param", "children": [{"attributes": {"text": "<p>The position of the element in the collection</p>"}, "type": "desc"}, {"attributes": {}, "type": "types", "children": [{"attributes": {"type": "Number"}, "type": "entry"}]}]}]}, {"attributes": {"text": "<p>Reduce the set of matched elements to a single element.</p>"}, "type": "desc"}, {"attributes": {"targetMethod": "", "targetClass": "qxWeb", "sourceMethod": "eq", "sourceClass": "qx.module.Traversing"}, "type": "attach"}, {"attributes": {}, "type": "return", "children": [{"attributes": {"text": "<p>A new collection containing one element</p>"}, "type": "desc"}, {"attributes": {}, "type": "types", "children": [{"attributes": {"type": "qxWeb"}, "type": "entry"}]}]}]}, {"attributes": {"line": 763, "isStatic": true, "name": "equalNodes"}, "type": "method", "children": [{"attributes": {}, "type": "params", "children": [{"attributes": {"name": "node1"}, "type": "param", "children": [{"attributes": {"text": "<p>first object to compare</p>"}, "type": "desc"}, {"attributes": {}, "type": "types", "children": [{"attributes": {"type": "String"}, "type": "entry"}, {"attributes": {"type": "Element"}, "type": "entry"}, {"attributes": {"type": "Element", "dimensions": 1}, "type": "entry"}, {"attributes": {"type": "qxWeb"}, "type": "entry"}]}]}, {"attributes": {"name": "node2"}, "type": "param", "children": [{"attributes": {"text": "<p>second object to compare</p>"}, "type": "desc"}, {"attributes": {}, "type": "types", "children": [{"attributes": {"type": "String"}, "type": "entry"}, {"attributes": {"type": "Element"}, "type": "entry"}, {"attributes": {"type": "Element", "dimensions": 1}, "type": "entry"}, {"attributes": {"type": "qxWeb"}, "type": "entry"}]}]}]}, {"attributes": {"text": "<p>Determines if two <span class=\"caps\">DOM</span> nodes are equal as defined in the\n<a href=\"http://www.w3.org/TR/DOM-Level-3-Core/core.html#Node3-isEqualNode\"><span class=\"caps\">DOM</span> Level 3 isEqualNode spec</a>.\nAlso works in legacy browsers without native <em>isEqualNode</em> support.</p>"}, "type": "desc"}, {"attributes": {"targetMethod": "", "targetClass": "qxWeb", "sourceMethod": "equalNodes", "sourceClass": "qx.module.Traversing"}, "type": "attachStatic"}, {"attributes": {}, "type": "return", "children": [{"attributes": {"text": "<code>true</code> if the nodes are equal"}, "type": "desc"}, {"attributes": {}, "type": "types", "children": [{"attributes": {"type": "Boolean"}, "type": "entry"}]}]}]}, {"attributes": {"line": 272, "isStatic": true, "name": "find"}, "type": "method", "children": [{"attributes": {}, "type": "params", "children": [{"attributes": {"name": "selector"}, "type": "param", "children": [{"attributes": {"text": "<p>Selector expression to match the child elements against</p>"}, "type": "desc"}, {"attributes": {}, "type": "types", "children": [{"attributes": {"type": "String"}, "type": "entry"}]}]}]}, {"attributes": {"text": "<p>Searches the child elements of each item in the collection and returns\na new collection containing the children that match the provided selector</p>"}, "type": "desc"}, {"attributes": {"targetMethod": "", "targetClass": "qxWeb", "sourceMethod": "find", "sourceClass": "qx.module.Traversing"}, "type": "attach"}, {"attributes": {}, "type": "return", "children": [{"attributes": {"text": "<p>New collection containing the matching child elements</p>"}, "type": "desc"}, {"attributes": {}, "type": "types", "children": [{"attributes": {"type": "qxWeb"}, "type": "entry"}]}]}]}, {"attributes": {"line": 109, "isStatic": true, "name": "forEach"}, "type": "method", "children": [{"attributes": {}, "type": "params", "children": [{"attributes": {"name": "fn"}, "type": "param", "children": [{"attributes": {"text": "<p>Callback function which is called with two parameters <ul> <li>current item &#8211; <span class=\"caps\">DOM</span> node</li> <li>current index &#8211; Number</li> </ul></p>"}, "type": "desc"}, {"attributes": {}, "type": "types", "children": [{"attributes": {"type": "Function"}, "type": "entry"}]}]}, {"attributes": {"name": "ctx"}, "type": "param", "children": [{"attributes": {"text": "<p>Context object</p>"}, "type": "desc"}, {"attributes": {}, "type": "types", "children": [{"attributes": {"type": "Object"}, "type": "entry"}]}]}]}, {"attributes": {"text": "<p>Executes the provided callback function once for each item in the\ncollection.</p>"}, "type": "desc"}, {"attributes": {"targetMethod": "", "targetClass": "qxWeb", "sourceMethod": "forEach", "sourceClass": "qx.module.Traversing"}, "type": "attach"}, {"attributes": {}, "type": "return", "children": [{"attributes": {"text": "<p>The collection for chaining</p>"}, "type": "desc"}, {"attributes": {}, "type": "types", "children": [{"attributes": {"type": "qxWeb"}, "type": "entry"}]}]}]}, {"attributes": {"line": 177, "isStatic": true, "name": "getAncestors"}, "type": "method", "children": [{"attributes": {}, "type": "params", "children": [{"attributes": {"defaultValue": "null", "optional": true, "name": "filter"}, "type": "param", "children": [{"attributes": {"text": "<p>Optional selector to match</p>"}, "type": "desc"}, {"attributes": {}, "type": "types", "children": [{"attributes": {"type": "String"}, "type": "entry"}]}]}]}, {"attributes": {"text": "<p>Gets a set of elements containing all ancestors of each element in the\ncollection.\nThis set can be filtered with an optional expression that will cause only\nelements matching the selector to be collected.</p>"}, "type": "desc"}, {"attributes": {"targetMethod": "", "targetClass": "qxWeb", "sourceMethod": "getAncestors", "sourceClass": "qx.module.Traversing"}, "type": "attach"}, {"attributes": {}, "type": "return", "children": [{"attributes": {"text": "<p>Collection containing the ancestor elements</p>"}, "type": "desc"}, {"attributes": {}, "type": "types", "children": [{"attributes": {"type": "qxWeb"}, "type": "entry"}]}]}]}, {"attributes": {"line": 195, "isStatic": true, "name": "getAncestorsUntil"}, "type": "method", "children": [{"attributes": {}, "type": "params", "children": [{"attributes": {"name": "selector"}, "type": "param", "children": [{"attributes": {"text": "<p>Selector that indicates where to stop including ancestor elements</p>"}, "type": "desc"}, {"attributes": {}, "type": "types", "children": [{"attributes": {"type": "String"}, "type": "entry"}]}]}, {"attributes": {"defaultValue": "null", "optional": true, "name": "filter"}, "type": "param", "children": [{"attributes": {"text": "<p>Optional selector to match</p>"}, "type": "desc"}, {"attributes": {}, "type": "types", "children": [{"attributes": {"type": "String"}, "type": "entry"}]}]}]}, {"attributes": {"text": "<p>Gets a set of elements containing all ancestors of each element in the\ncollection, up to (but not including) the element matched by the provided\nselector.\nThis set can be filtered with an optional expression that will cause only\nelements matching the selector to be collected.</p>"}, "type": "desc"}, {"attributes": {"targetMethod": "", "targetClass": "qxWeb", "sourceMethod": "getAncestorsUntil", "sourceClass": "qx.module.Traversing"}, "type": "attach"}, {"attributes": {}, "type": "return", "children": [{"attributes": {"text": "<p>Collection containing the ancestor elements</p>"}, "type": "desc"}, {"attributes": {}, "type": "types", "children": [{"attributes": {"type": "qxWeb"}, "type": "entry"}]}]}]}, {"attributes": {"line": 83, "isStatic": true, "name": "getChildren"}, "type": "method", "children": [{"attributes": {}, "type": "params", "children": [{"attributes": {"defaultValue": "null", "optional": true, "name": "selector"}, "type": "param", "children": [{"attributes": {"text": "<p>Optional selector to match</p>"}, "type": "desc"}, {"attributes": {}, "type": "types", "children": [{"attributes": {"type": "String"}, "type": "entry"}]}]}]}, {"attributes": {"text": "<p>Gets a set of elements containing all of the unique immediate children of\neach of the matched set of elements.\nThis set can be filtered with an optional expression that will cause only\nelements matching the selector to be collected.</p>"}, "type": "desc"}, {"attributes": {"targetMethod": "", "targetClass": "qxWeb", "sourceMethod": "getChildren", "sourceClass": "qx.module.Traversing"}, "type": "attach"}, {"attributes": {}, "type": "return", "children": [{"attributes": {"text": "<p>Collection containing the child elements</p>"}, "type": "desc"}, {"attributes": {}, "type": "types", "children": [{"attributes": {"type": "qxWeb"}, "type": "entry"}]}]}]}, {"attributes": {"line": 240, "isStatic": true, "name": "getClosest"}, "type": "method", "children": [{"attributes": {}, "type": "params", "children": [{"attributes": {"name": "selector"}, "type": "param", "children": [{"attributes": {"text": "<p>Selector expression to match</p>"}, "type": "desc"}, {"attributes": {}, "type": "types", "children": [{"attributes": {"type": "String"}, "type": "entry"}]}]}]}, {"attributes": {"text": "<p>Gets a set containing the closest matching ancestor for each item in\nthe collection.\nIf the item itself matches, it is added to the new set. Otherwise, the\nitem&#8217;s parent chain will be traversed until a match is found.</p>"}, "type": "desc"}, {"attributes": {"targetMethod": "", "targetClass": "qxWeb", "sourceMethod": "getClosest", "sourceClass": "qx.module.Traversing"}, "type": "attach"}, {"attributes": {}, "type": "return", "children": [{"attributes": {"text": "<p>New collection containing the closest matching ancestors</p>"}, "type": "desc"}, {"attributes": {}, "type": "types", "children": [{"attributes": {"type": "qxWeb"}, "type": "entry"}]}]}]}, {"attributes": {"line": 288, "isStatic": true, "name": "getContents"}, "type": "method", "children": [{"attributes": {"text": "<p>Gets a new set of elements containing the child nodes of each item in the\ncurrent set.</p>"}, "type": "desc"}, {"attributes": {"targetMethod": "", "targetClass": "qxWeb", "sourceMethod": "getContents", "sourceClass": "qx.module.Traversing"}, "type": "attach"}, {"attributes": {}, "type": "return", "children": [{"attributes": {"text": "<p>New collection containing the child nodes</p>"}, "type": "desc"}, {"attributes": {}, "type": "types", "children": [{"attributes": {"type": "qxWeb"}, "type": "entry"}]}]}]}, {"attributes": {"line": 712, "isStatic": true, "name": "getDocument"}, "type": "method", "children": [{"attributes": {}, "type": "params", "children": [{"attributes": {"name": "selector"}, "type": "param", "children": [{"attributes": {"text": "<p>Node to get the document for</p>"}, "type": "desc"}, {"attributes": {}, "type": "types", "children": [{"attributes": {"type": "Node"}, "type": "entry"}, {"attributes": {"type": "String"}, "type": "entry"}, {"attributes": {"type": "qxWeb"}, "type": "entry"}]}]}]}, {"attributes": {"text": "<p>Returns the owner document of the given node</p>"}, "type": "desc"}, {"attributes": {"targetMethod": "", "targetClass": "qxWeb", "sourceMethod": "getDocument", "sourceClass": "qx.module.Traversing"}, "type": "attachStatic"}, {"attributes": {}, "type": "return", "children": [{"attributes": {"text": "<p>The document of the given <span class=\"caps\">DOM</span> node</p>"}, "type": "desc"}, {"attributes": {}, "type": "types", "children": [{"attributes": {"type": "Document"}, "type": "entry"}, {"attributes": {"type": "null"}, "type": "entry"}]}]}]}, {"attributes": {"line": 332, "isStatic": true, "name": "getFirst"}, "type": "method", "children": [{"attributes": {"text": "<p>Reduces the collection to the first element.</p>"}, "type": "desc"}, {"attributes": {"targetMethod": "", "targetClass": "qxWeb", "sourceMethod": "getFirst", "sourceClass": "qx.module.Traversing"}, "type": "attach"}, {"attributes": {}, "type": "return", "children": [{"attributes": {"text": "<p>A new collection containing one element</p>"}, "type": "desc"}, {"attributes": {}, "type": "types", "children": [{"attributes": {"type": "qxWeb"}, "type": "entry"}]}]}]}, {"attributes": {"line": 343, "isStatic": true, "name": "getLast"}, "type": "method", "children": [{"attributes": {"text": "<p>Reduces the collection to the last element.</p>"}, "type": "desc"}, {"attributes": {"targetMethod": "", "targetClass": "qxWeb", "sourceMethod": "getLast", "sourceClass": "qx.module.Traversing"}, "type": "attach"}, {"attributes": {}, "type": "return", "children": [{"attributes": {"text": "<p>A new collection containing one element</p>"}, "type": "desc"}, {"attributes": {}, "type": "types", "children": [{"attributes": {"type": "qxWeb"}, "type": "entry"}]}]}]}, {"attributes": {"line": 412, "isStatic": true, "name": "getNext"}, "type": "method", "children": [{"attributes": {}, "type": "params", "children": [{"attributes": {"optional": true, "name": "selector"}, "type": "param", "children": [{"attributes": {"text": "<p>Optional selector expression</p>"}, "type": "desc"}, {"attributes": {}, "type": "types", "children": [{"attributes": {"type": "String"}, "type": "entry"}]}]}]}, {"attributes": {"text": "<p>Gets a collection containing the next sibling element of each item in\nthe current set.\nThis set can be filtered with an optional expression that will cause only\nelements matching the selector to be collected.</p>"}, "type": "desc"}, {"attributes": {"targetMethod": "", "targetClass": "qxWeb", "sourceMethod": "getNext", "sourceClass": "qx.module.Traversing"}, "type": "attach"}, {"attributes": {}, "type": "return", "children": [{"attributes": {"text": "<p>New set containing next siblings</p>"}, "type": "desc"}, {"attributes": {}, "type": "types", "children": [{"attributes": {"type": "qxWeb"}, "type": "entry"}]}]}]}, {"attributes": {"line": 431, "isStatic": true, "name": "getNextAll"}, "type": "method", "children": [{"attributes": {}, "type": "params", "children": [{"attributes": {"optional": true, "name": "selector"}, "type": "param", "children": [{"attributes": {"text": "<p>Optional selector expression</p>"}, "type": "desc"}, {"attributes": {}, "type": "types", "children": [{"attributes": {"type": "String"}, "type": "entry"}]}]}]}, {"attributes": {"text": "<p>Gets a collection containing all following sibling elements of each\nitem in the current set.\nThis set can be filtered with an optional expression that will cause only\nelements matching the selector to be collected.</p>"}, "type": "desc"}, {"attributes": {"targetMethod": "", "targetClass": "qxWeb", "sourceMethod": "getNextAll", "sourceClass": "qx.module.Traversing"}, "type": "attach"}, {"attributes": {}, "type": "return", "children": [{"attributes": {"text": "<p>New set containing following siblings</p>"}, "type": "desc"}, {"attributes": {}, "type": "types", "children": [{"attributes": {"type": "qxWeb"}, "type": "entry"}]}]}]}, {"attributes": {"line": 446, "isStatic": true, "name": "getNextUntil"}, "type": "method", "children": [{"attributes": {}, "type": "params", "children": [{"attributes": {"optional": true, "name": "selector"}, "type": "param", "children": [{"attributes": {"text": "<p>Optional selector expression</p>"}, "type": "desc"}, {"attributes": {}, "type": "types", "children": [{"attributes": {"type": "String"}, "type": "entry"}]}]}]}, {"attributes": {"text": "<p>Gets a collection containing the following sibling elements of each\nitem in the current set up to but not including any element that matches\nthe given selector.</p>"}, "type": "desc"}, {"attributes": {"targetMethod": "", "targetClass": "qxWeb", "sourceMethod": "getNextUntil", "sourceClass": "qx.module.Traversing"}, "type": "attach"}, {"attributes": {}, "type": "return", "children": [{"attributes": {"text": "<p>New set containing following siblings</p>"}, "type": "desc"}, {"attributes": {}, "type": "types", "children": [{"attributes": {"type": "qxWeb"}, "type": "entry"}]}]}]}, {"attributes": {"line": 723, "isStatic": true, "name": "getNodeName"}, "type": "method", "children": [{"attributes": {}, "type": "params", "children": [{"attributes": {"name": "selector"}, "type": "param", "children": [{"attributes": {"text": "<p><span class=\"caps\">DOM</span> Node</p>"}, "type": "desc"}, {"attributes": {}, "type": "types", "children": [{"attributes": {"type": "Node"}, "type": "entry"}, {"attributes": {"type": "String"}, "type": "entry"}, {"attributes": {"type": "qxWeb"}, "type": "entry"}]}]}]}, {"attributes": {"text": "<p>Get the <span class=\"caps\">DOM</span> node&#8217;s name as a lowercase string</p>"}, "type": "desc"}, {"attributes": {"targetMethod": "", "targetClass": "qxWeb", "sourceMethod": "getNodeName", "sourceClass": "qx.module.Traversing"}, "type": "attachStatic"}, {"attributes": {}, "type": "return", "children": [{"attributes": {"text": "<p>node name</p>"}, "type": "desc"}, {"attributes": {}, "type": "types", "children": [{"attributes": {"type": "String"}, "type": "entry"}]}]}]}, {"attributes": {"line": 737, "isStatic": true, "name": "getNodeText"}, "type": "method", "children": [{"attributes": {}, "type": "params", "children": [{"attributes": {"name": "selector"}, "type": "param", "children": [{"attributes": {"text": "<p>the node from where the search should start. If the node has subnodes the text contents are recursively retreived and joined</p>"}, "type": "desc"}, {"attributes": {}, "type": "types", "children": [{"attributes": {"type": "Node"}, "type": "entry"}, {"attributes": {"type": "String"}, "type": "entry"}, {"attributes": {"type": "qxWeb"}, "type": "entry"}]}]}]}, {"attributes": {"text": "<p>Returns the text content of a node where the node type may be one of\nNODE_ELEMENT, NODE_ATTRIBUTE, NODE_TEXT, NODE_CDATA</p>"}, "type": "desc"}, {"attributes": {"targetMethod": "", "targetClass": "qxWeb", "sourceMethod": "getNodeText", "sourceClass": "qx.module.Traversing"}, "type": "attachStatic"}, {"attributes": {}, "type": "return", "children": [{"attributes": {"text": "<p>the joined text content of the given node or null if not appropriate.</p>"}, "type": "desc"}, {"attributes": {}, "type": "types", "children": [{"attributes": {"type": "String"}, "type": "entry"}]}]}]}, {"attributes": {"line": 567, "isStatic": true, "name": "getOffsetParent"}, "type": "method", "children": [{"attributes": {"text": "<p>Gets a new collection containing the offset parent of each item in the\ncurrent set.</p>"}, "type": "desc"}, {"attributes": {"targetMethod": "", "targetClass": "qxWeb", "sourceMethod": "getOffsetParent", "sourceClass": "qx.module.Traversing"}, "type": "attach"}, {"attributes": {}, "type": "return", "children": [{"attributes": {"text": "<p>New collection containing offset parents</p>"}, "type": "desc"}, {"attributes": {}, "type": "types", "children": [{"attributes": {"type": "qxWeb"}, "type": "entry"}]}]}]}, {"attributes": {"line": 127, "isStatic": true, "name": "getParents"}, "type": "method", "children": [{"attributes": {}, "type": "params", "children": [{"attributes": {"defaultValue": "null", "optional": true, "name": "selector"}, "type": "param", "children": [{"attributes": {"text": "<p>Optional selector to match</p>"}, "type": "desc"}, {"attributes": {}, "type": "types", "children": [{"attributes": {"type": "String"}, "type": "entry"}]}]}]}, {"attributes": {"text": "<p>Gets a set of elements containing the parent of each element in the\ncollection.\nThis set can be filtered with an optional expression that will cause only\nelements matching the selector to be collected.</p>"}, "type": "desc"}, {"attributes": {"targetMethod": "", "targetClass": "qxWeb", "sourceMethod": "getParents", "sourceClass": "qx.module.Traversing"}, "type": "attach"}, {"attributes": {}, "type": "return", "children": [{"attributes": {"text": "<p>Collection containing the parent elements</p>"}, "type": "desc"}, {"attributes": {}, "type": "types", "children": [{"attributes": {"type": "qxWeb"}, "type": "entry"}]}]}]}, {"attributes": {"line": 472, "isStatic": true, "name": "getPrev"}, "type": "method", "children": [{"attributes": {}, "type": "params", "children": [{"attributes": {"optional": true, "name": "selector"}, "type": "param", "children": [{"attributes": {"text": "<p>Optional selector expression</p>"}, "type": "desc"}, {"attributes": {}, "type": "types", "children": [{"attributes": {"type": "String"}, "type": "entry"}]}]}]}, {"attributes": {"text": "<p>Gets a collection containing the previous sibling element of each item in\nthe current set.\nThis set can be filtered with an optional expression that will cause only\nelements matching the selector to be collected.</p>"}, "type": "desc"}, {"attributes": {"targetMethod": "", "targetClass": "qxWeb", "sourceMethod": "getPrev", "sourceClass": "qx.module.Traversing"}, "type": "attach"}, {"attributes": {}, "type": "return", "children": [{"attributes": {"text": "<p>New set containing previous siblings</p>"}, "type": "desc"}, {"attributes": {}, "type": "types", "children": [{"attributes": {"type": "qxWeb"}, "type": "entry"}]}]}]}, {"attributes": {"line": 491, "isStatic": true, "name": "getPrevAll"}, "type": "method", "children": [{"attributes": {}, "type": "params", "children": [{"attributes": {"optional": true, "name": "selector"}, "type": "param", "children": [{"attributes": {"text": "<p>Optional selector expression</p>"}, "type": "desc"}, {"attributes": {}, "type": "types", "children": [{"attributes": {"type": "String"}, "type": "entry"}]}]}]}, {"attributes": {"text": "<p>Gets a collection containing all preceding sibling elements of each\nitem in the current set.\nThis set can be filtered with an optional expression that will cause only\nelements matching the selector to be collected.</p>"}, "type": "desc"}, {"attributes": {"targetMethod": "", "targetClass": "qxWeb", "sourceMethod": "getPrevAll", "sourceClass": "qx.module.Traversing"}, "type": "attach"}, {"attributes": {}, "type": "return", "children": [{"attributes": {"text": "<p>New set containing preceding siblings</p>"}, "type": "desc"}, {"attributes": {}, "type": "types", "children": [{"attributes": {"type": "qxWeb"}, "type": "entry"}]}]}]}, {"attributes": {"line": 506, "isStatic": true, "name": "getPrevUntil"}, "type": "method", "children": [{"attributes": {}, "type": "params", "children": [{"attributes": {"optional": true, "name": "selector"}, "type": "param", "children": [{"attributes": {"text": "<p>Optional selector expression</p>"}, "type": "desc"}, {"attributes": {}, "type": "types", "children": [{"attributes": {"type": "String"}, "type": "entry"}]}]}]}, {"attributes": {"text": "<p>Gets a collection containing the preceding sibling elements of each\nitem in the current set up to but not including any element that matches\nthe given selector.</p>"}, "type": "desc"}, {"attributes": {"targetMethod": "", "targetClass": "qxWeb", "sourceMethod": "getPrevUntil", "sourceClass": "qx.module.Traversing"}, "type": "attach"}, {"attributes": {}, "type": "return", "children": [{"attributes": {"text": "<p>New set containing preceding siblings</p>"}, "type": "desc"}, {"attributes": {}, "type": "types", "children": [{"attributes": {"type": "qxWeb"}, "type": "entry"}]}]}]}, {"attributes": {"line": 532, "isStatic": true, "name": "getSiblings"}, "type": "method", "children": [{"attributes": {}, "type": "params", "children": [{"attributes": {"optional": true, "name": "selector"}, "type": "param", "children": [{"attributes": {"text": "<p>Optional selector expression</p>"}, "type": "desc"}, {"attributes": {}, "type": "types", "children": [{"attributes": {"type": "String"}, "type": "entry"}]}]}]}, {"attributes": {"text": "<p>Gets a collection containing all sibling elements of the items in the\ncurrent set.\nThis set can be filtered with an optional expression that will cause only\nelements matching the selector to be collected.</p>"}, "type": "desc"}, {"attributes": {"targetMethod": "", "targetClass": "qxWeb", "sourceMethod": "getSiblings", "sourceClass": "qx.module.Traversing"}, "type": "attach"}, {"attributes": {}, "type": "return", "children": [{"attributes": {"text": "<p>New set containing sibling elements</p>"}, "type": "desc"}, {"attributes": {}, "type": "types", "children": [{"attributes": {"type": "qxWeb"}, "type": "entry"}]}]}]}, {"attributes": {"line": 674, "isStatic": true, "name": "getWindow"}, "type": "method", "children": [{"attributes": {}, "type": "params", "children": [{"attributes": {"name": "selector"}, "type": "param", "children": [{"attributes": {"text": "<p>Node to inspect</p>"}, "type": "desc"}, {"attributes": {}, "type": "types", "children": [{"attributes": {"type": "Node"}, "type": "entry"}, {"attributes": {"type": "Document"}, "type": "entry"}, {"attributes": {"type": "Window"}, "type": "entry"}, {"attributes": {"type": "String"}, "type": "entry"}, {"attributes": {"type": "qxWeb"}, "type": "entry"}]}]}]}, {"attributes": {"text": "<p>Returns the DOM2 <code>defaultView</code> (window) for the given node.</p>"}, "type": "desc"}, {"attributes": {"targetMethod": "", "targetClass": "qxWeb", "sourceMethod": "getWindow", "sourceClass": "qx.module.Traversing"}, "type": "attachStatic"}, {"attributes": {}, "type": "return", "children": [{"attributes": {"text": "<p>the <code>defaultView</code> for the given node</p>"}, "type": "desc"}, {"attributes": {}, "type": "types", "children": [{"attributes": {"type": "Window"}, "type": "entry"}]}]}]}, {"attributes": {"line": 356, "isStatic": true, "name": "has"}, "type": "method", "children": [{"attributes": {}, "type": "params", "children": [{"attributes": {"name": "selector"}, "type": "param", "children": [{"attributes": {"text": "<p>Selector expression</p>"}, "type": "desc"}, {"attributes": {}, "type": "types", "children": [{"attributes": {"type": "String"}, "type": "entry"}]}]}]}, {"attributes": {"text": "<p>Gets a collection containing only the elements that have descendants\nmatching the given selector</p>"}, "type": "desc"}, {"attributes": {"targetMethod": "", "targetClass": "qxWeb", "sourceMethod": "has", "sourceClass": "qx.module.Traversing"}, "type": "attach"}, {"attributes": {}, "type": "return", "children": [{"attributes": {"text": "<p>a new collection containing only elements with matching descendants</p>"}, "type": "desc"}, {"attributes": {}, "type": "types", "children": [{"attributes": {"type": "qxWeb"}, "type": "entry"}]}]}]}, {"attributes": {"line": 306, "isStatic": true, "name": "is"}, "type": "method", "children": [{"attributes": {}, "type": "params", "children": [{"attributes": {"name": "selector"}, "type": "param", "children": [{"attributes": {"text": "<p>Selector expression or filter function</p>"}, "type": "desc"}, {"attributes": {}, "type": "types", "children": [{"attributes": {"type": "String"}, "type": "entry"}, {"attributes": {"type": "Function"}, "type": "entry"}]}]}]}, {"attributes": {"text": "<p>Checks if at least one element in the collection passes the provided\nfilter. This can be either a selector expression or a filter\nfunction</p>"}, "type": "desc"}, {"attributes": {"targetMethod": "", "targetClass": "qxWeb", "sourceMethod": "is", "sourceClass": "qx.module.Traversing"}, "type": "attach"}, {"attributes": {}, "type": "return", "children": [{"attributes": {"text": "<code>true</code> if at least one element matches"}, "type": "desc"}, {"attributes": {}, "type": "types", "children": [{"attributes": {"type": "Boolean"}, "type": "entry"}]}]}]}, {"attributes": {"line": 748, "isStatic": true, "name": "isBlockNode"}, "type": "method", "children": [{"attributes": {}, "type": "params", "children": [{"attributes": {"name": "selector"}, "type": "param", "children": [{"attributes": {"text": "<p>the node to check</p>"}, "type": "desc"}, {"attributes": {}, "type": "types", "children": [{"attributes": {"type": "Node"}, "type": "entry"}, {"attributes": {"type": "String"}, "type": "entry"}, {"attributes": {"type": "qxWeb"}, "type": "entry"}]}]}]}, {"attributes": {"text": "<p>Checks if the given node is a block node</p>"}, "type": "desc"}, {"attributes": {"targetMethod": "", "targetClass": "qxWeb", "sourceMethod": "isBlockNode", "sourceClass": "qx.module.Traversing"}, "type": "attachStatic"}, {"attributes": {}, "type": "return", "children": [{"attributes": {"text": "<code>true</code> if the node is a block node"}, "type": "desc"}, {"attributes": {}, "type": "types", "children": [{"attributes": {"type": "Boolean"}, "type": "entry"}]}]}]}, {"attributes": {"line": 149, "isStatic": true, "name": "isChildOf"}, "type": "method", "children": [{"attributes": {}, "type": "params", "children": [{"attributes": {"name": "parent"}, "type": "param", "children": [{"attributes": {"text": "<p>Collection or selector of the parent collection to check.</p>"}, "type": "desc"}, {"attributes": {}, "type": "types", "children": [{"attributes": {"type": "qxWeb"}, "type": "entry"}, {"attributes": {"type": "String"}, "type": "entry"}]}]}]}, {"attributes": {"text": "<p>Checks if any element of the current collection is child of any element of a given\nparent collection.</p>"}, "type": "desc"}, {"attributes": {"targetMethod": "", "targetClass": "qxWeb", "sourceMethod": "isChildOf", "sourceClass": "qx.module.Traversing"}, "type": "attach"}, {"attributes": {}, "type": "return", "children": [{"attributes": {"text": "<p>Returns true if at least one element of the current collection is child of the parent collection</p>"}, "type": "desc"}, {"attributes": {}, "type": "types", "children": [{"attributes": {"type": "Boolean"}, "type": "entry"}]}]}]}, {"attributes": {"line": 650, "isStatic": true, "name": "isDocument"}, "type": "method", "children": [{"attributes": {}, "type": "params", "children": [{"attributes": {"name": "node"}, "type": "param", "children": [{"attributes": {"text": "<p>Object to check</p>"}, "type": "desc"}, {"attributes": {}, "type": "types", "children": [{"attributes": {"type": "Object"}, "type": "entry"}]}]}]}, {"attributes": {"text": "<p>Checks if the given object is a <span class=\"caps\">DOM</span> document object</p>"}, "type": "desc"}, {"attributes": {"targetMethod": "", "targetClass": "qxWeb", "sourceMethod": "isDocument", "sourceClass": "qx.module.Traversing"}, "type": "attachStatic"}, {"attributes": {}, "type": "return", "children": [{"attributes": {"text": "<code>true</code> if the object is a DOM document"}, "type": "desc"}, {"attributes": {}, "type": "types", "children": [{"attributes": {"type": "Boolean"}, "type": "entry"}]}]}]}, {"attributes": {"line": 662, "isStatic": true, "name": "isDocumentFragment"}, "type": "method", "children": [{"attributes": {}, "type": "params", "children": [{"attributes": {"name": "node"}, "type": "param", "children": [{"attributes": {"text": "<p>Object to check</p>"}, "type": "desc"}, {"attributes": {}, "type": "types", "children": [{"attributes": {"type": "Object"}, "type": "entry"}]}]}]}, {"attributes": {"text": "<p>Checks if the given object is a <span class=\"caps\">DOM</span> document fragment object</p>"}, "type": "desc"}, {"attributes": {"targetMethod": "", "targetClass": "qxWeb", "sourceMethod": "isDocumentFragment", "sourceClass": "qx.module.Traversing"}, "type": "attachStatic"}, {"attributes": {}, "type": "return", "children": [{"attributes": {"text": "<code>true</code> if the object is a DOM document fragment"}, "type": "desc"}, {"attributes": {}, "type": "types", "children": [{"attributes": {"type": "Boolean"}, "type": "entry"}]}]}]}, {"attributes": {"line": 613, "isStatic": true, "name": "isElement"}, "type": "method", "children": [{"attributes": {}, "type": "params", "children": [{"attributes": {"name": "selector"}, "type": "param", "children": [{"attributes": {"text": "<p>Object to check</p>"}, "type": "desc"}, {"attributes": {}, "type": "types", "children": [{"attributes": {"type": "Object"}, "type": "entry"}, {"attributes": {"type": "String"}, "type": "entry"}, {"attributes": {"type": "qxWeb"}, "type": "entry"}]}]}]}, {"attributes": {"text": "<p>Checks if the given object is a <span class=\"caps\">DOM</span> element</p>"}, "type": "desc"}, {"attributes": {"targetMethod": "", "targetClass": "qxWeb", "sourceMethod": "isElement", "sourceClass": "qx.module.Traversing"}, "type": "attachStatic"}, {"attributes": {}, "type": "return", "children": [{"attributes": {"text": "<code>true</code> if the object is a DOM element"}, "type": "desc"}, {"attributes": {}, "type": "types", "children": [{"attributes": {"type": "Boolean"}, "type": "entry"}]}]}]}, {"attributes": {"line": 625, "isStatic": true, "name": "isNode"}, "type": "method", "children": [{"attributes": {}, "type": "params", "children": [{"attributes": {"name": "selector"}, "type": "param", "children": [{"attributes": {"text": "<p>Object to check</p>"}, "type": "desc"}, {"attributes": {}, "type": "types", "children": [{"attributes": {"type": "Node"}, "type": "entry"}, {"attributes": {"type": "String"}, "type": "entry"}, {"attributes": {"type": "qxWeb"}, "type": "entry"}]}]}]}, {"attributes": {"text": "<p>Checks if the given object is a <span class=\"caps\">DOM</span> node</p>"}, "type": "desc"}, {"attributes": {"targetMethod": "", "targetClass": "qxWeb", "sourceMethod": "isNode", "sourceClass": "qx.module.Traversing"}, "type": "attachStatic"}, {"attributes": {}, "type": "return", "children": [{"attributes": {"text": "<code>true</code> if the object is a DOM node"}, "type": "desc"}, {"attributes": {}, "type": "types", "children": [{"attributes": {"type": "Boolean"}, "type": "entry"}]}]}]}, {"attributes": {"line": 638, "isStatic": true, "name": "isNodeName"}, "type": "method", "children": [{"attributes": {}, "type": "params", "children": [{"attributes": {"name": "selector"}, "type": "param", "children": [{"attributes": {"text": "<p>the node to check</p>"}, "type": "desc"}, {"attributes": {}, "type": "types", "children": [{"attributes": {"type": "Node"}, "type": "entry"}, {"attributes": {"type": "String"}, "type": "entry"}, {"attributes": {"type": "qxWeb"}, "type": "entry"}]}]}, {"attributes": {"name": "nodeName"}, "type": "param", "children": [{"attributes": {"text": "<p>the node name to check for</p>"}, "type": "desc"}, {"attributes": {}, "type": "types", "children": [{"attributes": {"type": "String"}, "type": "entry"}]}]}]}, {"attributes": {"text": "<p>Whether the node has the given node name</p>"}, "type": "desc"}, {"attributes": {"targetMethod": "", "targetClass": "qxWeb", "sourceMethod": "isNodeName", "sourceClass": "qx.module.Traversing"}, "type": "attachStatic"}, {"attributes": {}, "type": "return", "children": [{"attributes": {"text": "<code>true</code> if the node has the given name"}, "type": "desc"}, {"attributes": {}, "type": "types", "children": [{"attributes": {"type": "Boolean"}, "type": "entry"}]}]}]}, {"attributes": {"line": 580, "isStatic": true, "name": "isRendered"}, "type": "method", "children": [{"attributes": {"text": "<p>Whether the first element in the collection is inserted into\nthe document for which it was created.</p>"}, "type": "desc"}, {"attributes": {"targetMethod": "", "targetClass": "qxWeb", "sourceMethod": "isRendered", "sourceClass": "qx.module.Traversing"}, "type": "attach"}, {"attributes": {}, "type": "return", "children": [{"attributes": {"text": "<code>true</code> when the element is inserted into the document."}, "type": "desc"}, {"attributes": {}, "type": "types", "children": [{"attributes": {"type": "Boolean"}, "type": "entry"}]}]}]}, {"attributes": {"line": 685, "isStatic": true, "name": "isTextNode"}, "type": "method", "children": [{"attributes": {}, "type": "params", "children": [{"attributes": {"name": "obj"}, "type": "param", "children": [{"attributes": {"text": "<p>the object to be tested</p>"}, "type": "desc"}, {"attributes": {}, "type": "types", "children": [{"attributes": {"type": "Object"}, "type": "entry"}]}]}]}, {"attributes": {"text": "<p>Checks whether the given object is a <span class=\"caps\">DOM</span> text node</p>"}, "type": "desc"}, {"attributes": {"targetMethod": "", "targetClass": "qxWeb", "sourceMethod": "isTextNode", "sourceClass": "qx.module.Traversing"}, "type": "attachStatic"}, {"attributes": {}, "type": "return", "children": [{"attributes": {"text": "<code>true</code> if the object is a textNode"}, "type": "desc"}, {"attributes": {}, "type": "types", "children": [{"attributes": {"type": "Boolean"}, "type": "entry"}]}]}]}, {"attributes": {"line": 697, "isStatic": true, "name": "isWindow"}, "type": "method", "children": [{"attributes": {}, "type": "params", "children": [{"attributes": {"name": "obj"}, "type": "param", "children": [{"attributes": {"text": "<p>the object to be tested</p>"}, "type": "desc"}, {"attributes": {}, "type": "types", "children": [{"attributes": {"type": "Object"}, "type": "entry"}, {"attributes": {"type": "qxWeb"}, "type": "entry"}]}]}]}, {"attributes": {"text": "<p>Check whether the given object is a browser window object.</p>"}, "type": "desc"}, {"attributes": {"targetMethod": "", "targetClass": "qxWeb", "sourceMethod": "isWindow", "sourceClass": "qx.module.Traversing"}, "type": "attachStatic"}, {"attributes": {}, "type": "return", "children": [{"attributes": {"text": "<code>true</code> if the object is a window object"}, "type": "desc"}, {"attributes": {}, "type": "types", "children": [{"attributes": {"type": "Boolean"}, "type": "entry"}]}]}]}, {"attributes": {"line": 546, "isStatic": true, "name": "not"}, "type": "method", "children": [{"attributes": {}, "type": "params", "children": [{"attributes": {"name": "selector"}, "type": "param", "children": [{"attributes": {"text": "<p>Selector or filter function</p>"}, "type": "desc"}, {"attributes": {}, "type": "types", "children": [{"attributes": {"type": "String"}, "type": "entry"}, {"attributes": {"type": "Function"}, "type": "entry"}]}]}]}, {"attributes": {"text": "<p>Remove elements from the collection that do not pass the given filter.\nThis can be either a selector expression or a filter function</p>"}, "type": "desc"}, {"attributes": {"targetMethod": "", "targetClass": "qxWeb", "sourceMethod": "not", "sourceClass": "qx.module.Traversing"}, "type": "attach"}, {"attributes": {}, "type": "return", "children": [{"attributes": {"text": "<p>Reduced collection</p>"}, "type": "desc"}, {"attributes": {}, "type": "types", "children": [{"attributes": {"type": "qxWeb"}, "type": "entry"}]}]}]}]}, {"attributes": {}, "type": "constants", "children": [{"attributes": {"type": "Array", "name": "EQUALITY_ATTRIBUTES", "value": "[\"nodeType\",\"nodeName\",\"localName\",\"namespaceURI\",\"prefix\",\"nodeValue\"]"}, "type": "constant", "children": [{"attributes": {"text": "<p>String attributes used to determine if two <span class=\"caps\">DOM</span> nodes are equal\nas defined in <a href=\"http://www.w3.org/TR/DOM-Level-3-Core/core.html#Node3-isEqualNode\">\n<span class=\"caps\">DOM</span> Level 3</a></p>"}, "type": "desc"}]}]}]}