{"attributes": {"fullName": "qx.module.TextSelection", "packageName": "qx.module", "isStatic": true, "type": "bootstrap", "name": "TextSelection"}, "type": "class", "children": [{"attributes": {"text": "<p>Text selection manipulation module</p>"}, "type": "desc"}, {"attributes": {}, "type": "methods-static", "children": [{"attributes": {"access": "private", "line": 173, "isStatic": true, "name": "__getTextNode"}, "type": "method", "children": [{"attributes": {}, "type": "params", "children": [{"attributes": {"name": "el"}, "type": "param", "children": [{"attributes": {"text": "<p><span class=\"caps\">DOM</span> element</p>"}, "type": "desc"}, {"attributes": {}, "type": "types", "children": [{"attributes": {"type": "Element"}, "type": "entry"}]}]}]}, {"attributes": {"text": "<p>Returns the first text child node of the given element</p>"}, "type": "desc"}, {"attributes": {}, "type": "return", "children": [{"attributes": {"text": "<p>text node</p>"}, "type": "desc"}, {"attributes": {}, "type": "types", "children": [{"attributes": {"type": "Node"}, "type": "entry"}, {"attributes": {"type": "null"}, "type": "entry"}]}]}, {"attributes": {"targetMethod": "", "targetClass": "qxWeb", "sourceMethod": "__getTextNode", "sourceClass": "qx.module.TextSelection"}, "type": "attach"}]}, {"attributes": {"access": "private", "line": 159, "isStatic": true, "name": "__isInput"}, "type": "method", "children": [{"attributes": {}, "type": "params", "children": [{"attributes": {"name": "el"}, "type": "param", "children": [{"attributes": {"text": "<p>The node to check</p>"}, "type": "desc"}, {"attributes": {}, "type": "types", "children": [{"attributes": {"type": "Element"}, "type": "entry"}]}]}]}, {"attributes": {"text": "<p>Checks if the given <span class=\"caps\">DOM</span> node is a text input field or textarea</p>"}, "type": "desc"}, {"attributes": {}, "type": "return", "children": [{"attributes": {"text": "<code>true</code> if the given node is an input field"}, "type": "desc"}, {"attributes": {}, "type": "types", "children": [{"attributes": {"type": "Boolean"}, "type": "entry"}]}]}, {"attributes": {"targetMethod": "", "targetClass": "qxWeb", "sourceMethod": "__isInput", "sourceClass": "qx.module.TextSelection"}, "type": "attach"}]}, {"attributes": {"line": 138, "isStatic": true, "name": "clearTextSelection"}, "type": "method", "children": [{"attributes": {"text": "<p>Clears the text selection of all elements.</p>"}, "type": "desc"}, {"attributes": {}, "type": "return", "children": [{"attributes": {"text": "<p>The collection for chaining.</p>"}, "type": "desc"}, {"attributes": {}, "type": "types", "children": [{"attributes": {"type": "qxWeb"}, "type": "entry"}]}]}, {"attributes": {"targetMethod": "", "targetClass": "qxWeb", "sourceMethod": "clearTextSelection", "sourceClass": "qx.module.TextSelection"}, "type": "attach"}]}, {"attributes": {"line": 31, "isStatic": true, "name": "getTextSelection"}, "type": "method", "children": [{"attributes": {"text": "<p>Get the text selection of the first element.</p>"}, "type": "desc"}, {"attributes": {}, "type": "return", "children": [{"attributes": {"text": ""}, "type": "desc"}, {"attributes": {}, "type": "types", "children": [{"attributes": {"type": "String"}, "type": "entry"}, {"attributes": {"type": "null"}, "type": "entry"}]}]}]}, {"attributes": {"line": 92, "isStatic": true, "name": "getTextSelectionEnd"}, "type": "method", "children": [{"attributes": {"text": "<p>Get the end of the text selection of the first element.</p>"}, "type": "desc"}, {"attributes": {}, "type": "return", "children": [{"attributes": {"text": ""}, "type": "desc"}, {"attributes": {}, "type": "types", "children": [{"attributes": {"type": "Integer"}, "type": "entry"}, {"attributes": {"type": "null"}, "type": "entry"}]}]}, {"attributes": {"targetMethod": "", "targetClass": "qxWeb", "sourceMethod": "getTextSelectionEnd", "sourceClass": "qx.module.TextSelection"}, "type": "attach"}]}, {"attributes": {"line": 52, "isStatic": true, "name": "getTextSelectionLength"}, "type": "method", "children": [{"attributes": {"text": "<p>Get the length of the text selection of the first element.</p>"}, "type": "desc"}, {"attributes": {}, "type": "return", "children": [{"attributes": {"text": ""}, "type": "desc"}, {"attributes": {}, "type": "types", "children": [{"attributes": {"type": "Integer"}, "type": "entry"}, {"attributes": {"type": "null"}, "type": "entry"}]}]}, {"attributes": {"targetMethod": "", "targetClass": "qxWeb", "sourceMethod": "getTextSelectionLength", "sourceClass": "qx.module.TextSelection"}, "type": "attach"}]}, {"attributes": {"line": 72, "isStatic": true, "name": "getTextSelectionStart"}, "type": "method", "children": [{"attributes": {"text": "<p>Get the start of the text selection of the first element.</p>"}, "type": "desc"}, {"attributes": {}, "type": "return", "children": [{"attributes": {"text": ""}, "type": "desc"}, {"attributes": {}, "type": "types", "children": [{"attributes": {"type": "Integer"}, "type": "entry"}, {"attributes": {"type": "null"}, "type": "entry"}]}]}, {"attributes": {"targetMethod": "", "targetClass": "qxWeb", "sourceMethod": "getTextSelectionStart", "sourceClass": "qx.module.TextSelection"}, "type": "attach"}]}, {"attributes": {"line": 116, "isStatic": true, "name": "setTextSelection"}, "type": "method", "children": [{"attributes": {}, "type": "params", "children": [{"attributes": {"name": "start"}, "type": "param", "children": [{"attributes": {"text": "<p>start of the selection (zero based)</p>"}, "type": "desc"}, {"attributes": {}, "type": "types", "children": [{"attributes": {"type": "Integer"}, "type": "entry"}]}]}, {"attributes": {"name": "end"}, "type": "param", "children": [{"attributes": {"text": "<p>end of the selection</p>"}, "type": "desc"}, {"attributes": {}, "type": "types", "children": [{"attributes": {"type": "Integer"}, "type": "entry"}]}]}]}, {"attributes": {"text": "<p>Set the text selection of the first element in the collection\nwith the given start and end value.\nIf no end value is passed the selection will extend to the end.</p>"}, "type": "desc"}, {"attributes": {}, "type": "return", "children": [{"attributes": {"text": "<p>The collection for chaining.</p>"}, "type": "desc"}, {"attributes": {}, "type": "types", "children": [{"attributes": {"type": "qxWeb"}, "type": "entry"}]}]}, {"attributes": {"targetMethod": "", "targetClass": "qxWeb", "sourceMethod": "setTextSelection", "sourceClass": "qx.module.TextSelection"}, "type": "attach"}]}]}]}