{"attributes": {"fullName": "qx.module.MatchMedia", "packageName": "qx.module", "isStatic": true, "type": "bootstrap", "name": "MatchMedia"}, "type": "class", "children": [{"attributes": {"text": "<p>Module for mediaqueries evaluation. The module is a wrapper for media.match.js,\nthat implements a polyfill for window.matchMedia when it&#8217;s not supported natively.</p>"}, "type": "desc"}, {"attributes": {}, "type": "methods-static", "children": [{"attributes": {"line": 35, "isStatic": true, "name": "matchMedia"}, "type": "method", "children": [{"attributes": {}, "type": "params", "children": [{"attributes": {"name": "query"}, "type": "param", "children": [{"attributes": {"text": "<p>the media query to evaluate</p>"}, "type": "desc"}, {"attributes": {}, "type": "types", "children": [{"attributes": {"type": "String"}, "type": "entry"}]}]}, {"attributes": {"defaultValue": "window", "optional": true, "name": "ctxWindow"}, "type": "param", "children": [{"attributes": {"text": "<p>the window object which should be operated on</p>"}, "type": "desc"}, {"attributes": {}, "type": "types", "children": [{"attributes": {"type": "Object"}, "type": "entry"}]}]}]}, {"attributes": {"text": "<p>Evaluates the specified mediaquery list</p>"}, "type": "desc"}, {"attributes": {"targetMethod": "matchMedia", "targetClass": "qxWeb", "sourceMethod": "matchMedia", "sourceClass": "qx.module.MatchMedia"}, "type": "attachStatic"}, {"attributes": {}, "type": "return", "children": [{"attributes": {"text": "<p>The media query</p>"}, "type": "desc"}, {"attributes": {}, "type": "types", "children": [{"attributes": {"type": "qx.bom.MediaQuery"}, "type": "entry"}]}]}]}]}]}