{"attributes": {"isStatic": true, "group": "IO", "name": "Rest", "packageName": "qx.module", "fullName": "qx.module.Rest", "type": "bootstrap"}, "type": "class", "children": [{"attributes": {"text": "<p>This modules eases the communication with a RESTful web service by providing\na client-side wrapper of a <span class=\"caps\">REST</span> resource.</p>\n\n<p>See {@link qx.bom.rest.Resource}.</p>"}, "type": "desc"}, {"attributes": {}, "type": "methods-static", "children": [{"attributes": {"line": 45, "isStatic": true, "name": "resource"}, "type": "method", "children": [{"attributes": {}, "type": "params", "children": [{"attributes": {"optional": true, "name": "description"}, "type": "param", "children": [{"attributes": {"text": "<p>Each key of the map is interpreted as <code>action</code> name. The value associated to the key must be a map with the properties <code>method</code> and <code>url</code>. <code>check</code> is optional. Also see {@link qx.bom.rest.Resource#map}. For example:</p>\n\n<pre class=\"javascript\"> { get: {method: \"GET\", url: \"/photos/{id}\", check: { id: /\\d+/ } } </pre>"}, "type": "desc"}, {"attributes": {}, "type": "types", "children": [{"attributes": {"type": "Map"}, "type": "entry"}]}]}]}, {"attributes": {"text": ""}, "type": "desc"}, {"attributes": {"targetMethod": "rest.resource", "targetClass": "qxWeb", "sourceMethod": "resource", "sourceClass": "qx.module.Rest"}, "type": "attachStatic"}, {"attributes": {}, "type": "return", "children": [{"attributes": {"text": "<p>The resource object.</p>"}, "type": "desc"}, {"attributes": {}, "type": "types", "children": [{"attributes": {"type": "qx.bom.rest.Resource"}, "type": "entry"}]}]}]}]}]}