{"attributes": {"fullName": "qx.module.Storage", "packageName": "qx.module", "isStatic": true, "type": "bootstrap", "name": "Storage"}, "type": "class", "children": [{"attributes": {"text": "<p>This module offers a cross browser storage implementation. The <span class=\"caps\">API</span> is aligned\nwith the <span class=\"caps\">API</span> of the <span class=\"caps\">HTML</span> web storage (<a href=\"http://www.w3.org/TR/webstorage/\">http://www.w3.org/TR/webstorage/</a>) which is\nalso the preferred implementation used. As fallback for IE < 8, we use user data.\nIf both techniques are unsupported, we supply a in memory storage, which is\nof course, not persistent.</p>"}, "type": "desc"}, {"attributes": {}, "type": "methods-static", "children": [{"attributes": {"line": 89, "isStatic": true, "name": "clearLocal"}, "type": "method", "children": [{"attributes": {"text": "<p>Deletes every stored item in the storage.</p>"}, "type": "desc"}, {"attributes": {"targetMethod": "localStorage.clear", "targetClass": "qxWeb", "sourceMethod": "clearLocal", "sourceClass": "qx.module.Storage"}, "type": "attachStatic"}]}, {"attributes": {"line": 167, "isStatic": true, "name": "clearSession"}, "type": "method", "children": [{"attributes": {"text": "<p>Deletes every stored item in the storage.</p>"}, "type": "desc"}, {"attributes": {"targetMethod": "sessionStorage.clear", "targetClass": "qxWeb", "sourceMethod": "clearSession", "sourceClass": "qx.module.Storage"}, "type": "attachStatic"}]}, {"attributes": {"line": 103, "isStatic": true, "name": "forEachLocal"}, "type": "method", "children": [{"attributes": {}, "type": "params", "children": [{"attributes": {"name": "callback"}, "type": "param", "children": [{"attributes": {"text": "<p>A function which will be called for every item. The function will have two arguments, first the key and second the value of the stored data.</p>"}, "type": "desc"}, {"attributes": {}, "type": "types", "children": [{"attributes": {"type": "Function"}, "type": "entry"}]}]}, {"attributes": {"name": "scope"}, "type": "param", "children": [{"attributes": {"text": "<p>The scope of the function.</p>"}, "type": "desc"}, {"attributes": {}, "type": "types", "children": [{"attributes": {"type": "var"}, "type": "entry"}]}]}]}, {"attributes": {"text": "<p>Helper to access every stored item.</p>"}, "type": "desc"}, {"attributes": {"targetMethod": "localStorage.forEach", "targetClass": "qxWeb", "sourceMethod": "forEachLocal", "sourceClass": "qx.module.Storage"}, "type": "attachStatic"}]}, {"attributes": {"line": 181, "isStatic": true, "name": "forEachSession"}, "type": "method", "children": [{"attributes": {}, "type": "params", "children": [{"attributes": {"name": "callback"}, "type": "param", "children": [{"attributes": {"text": "<p>A function which will be called for every item. The function will have two arguments, first the key and second the value of the stored data.</p>"}, "type": "desc"}, {"attributes": {}, "type": "types", "children": [{"attributes": {"type": "Function"}, "type": "entry"}]}]}, {"attributes": {"name": "scope"}, "type": "param", "children": [{"attributes": {"text": "<p>The scope of the function.</p>"}, "type": "desc"}, {"attributes": {}, "type": "types", "children": [{"attributes": {"type": "var"}, "type": "entry"}]}]}]}, {"attributes": {"text": "<p>Helper to access every stored item.</p>"}, "type": "desc"}, {"attributes": {"targetMethod": "sessionStorage.forEach", "targetClass": "qxWeb", "sourceMethod": "forEachSession", "sourceClass": "qx.module.Storage"}, "type": "attachStatic"}]}, {"attributes": {"line": 49, "isStatic": true, "name": "getLocalItem"}, "type": "method", "children": [{"attributes": {}, "type": "params", "children": [{"attributes": {"name": "key"}, "type": "param", "children": [{"attributes": {"text": "<p>The identifier to get the data.</p>"}, "type": "desc"}, {"attributes": {}, "type": "types", "children": [{"attributes": {"type": "String"}, "type": "entry"}]}]}]}, {"attributes": {"text": "<p>Returns the stored item.</p>"}, "type": "desc"}, {"attributes": {"targetMethod": "localStorage.getItem", "targetClass": "qxWeb", "sourceMethod": "getLocalItem", "sourceClass": "qx.module.Storage"}, "type": "attachStatic"}, {"attributes": {}, "type": "return", "children": [{"attributes": {"text": "<p>The stored data.</p>"}, "type": "desc"}, {"attributes": {}, "type": "types", "children": [{"attributes": {"type": "var"}, "type": "entry"}]}]}]}, {"attributes": {"line": 80, "isStatic": true, "name": "getLocalKey"}, "type": "method", "children": [{"attributes": {}, "type": "params", "children": [{"attributes": {"name": "index"}, "type": "param", "children": [{"attributes": {"text": "<p>The index in the storage.</p>"}, "type": "desc"}, {"attributes": {}, "type": "types", "children": [{"attributes": {"type": "Number"}, "type": "entry"}]}]}]}, {"attributes": {"text": "<p>Returns the named key at the given index.</p>"}, "type": "desc"}, {"attributes": {"targetMethod": "localStorage.getKey", "targetClass": "qxWeb", "sourceMethod": "getLocalKey", "sourceClass": "qx.module.Storage"}, "type": "attachStatic"}, {"attributes": {}, "type": "return", "children": [{"attributes": {"text": "<p>The key stored at the given index.</p>"}, "type": "desc"}, {"attributes": {}, "type": "types", "children": [{"attributes": {"type": "String"}, "type": "entry"}]}]}]}, {"attributes": {"line": 69, "isStatic": true, "name": "getLocalLength"}, "type": "method", "children": [{"attributes": {"text": "<p>Returns the amount of key-value pairs stored.</p>"}, "type": "desc"}, {"attributes": {"targetMethod": "localStorage.getLength", "targetClass": "qxWeb", "sourceMethod": "getLocalLength", "sourceClass": "qx.module.Storage"}, "type": "attachStatic"}, {"attributes": {}, "type": "return", "children": [{"attributes": {"text": "<p>The length of the storage.</p>"}, "type": "desc"}, {"attributes": {}, "type": "types", "children": [{"attributes": {"type": "Number"}, "type": "entry"}]}]}]}, {"attributes": {"line": 127, "isStatic": true, "name": "getSessionItem"}, "type": "method", "children": [{"attributes": {}, "type": "params", "children": [{"attributes": {"name": "key"}, "type": "param", "children": [{"attributes": {"text": "<p>The identifier to get the data.</p>"}, "type": "desc"}, {"attributes": {}, "type": "types", "children": [{"attributes": {"type": "String"}, "type": "entry"}]}]}]}, {"attributes": {"text": "<p>Returns the stored item.</p>"}, "type": "desc"}, {"attributes": {"targetMethod": "sessionStorage.getItem", "targetClass": "qxWeb", "sourceMethod": "getSessionItem", "sourceClass": "qx.module.Storage"}, "type": "attachStatic"}, {"attributes": {}, "type": "return", "children": [{"attributes": {"text": "<p>The stored data.</p>"}, "type": "desc"}, {"attributes": {}, "type": "types", "children": [{"attributes": {"type": "var"}, "type": "entry"}]}]}]}, {"attributes": {"line": 158, "isStatic": true, "name": "getSessionKey"}, "type": "method", "children": [{"attributes": {}, "type": "params", "children": [{"attributes": {"name": "index"}, "type": "param", "children": [{"attributes": {"text": "<p>The index in the storage.</p>"}, "type": "desc"}, {"attributes": {}, "type": "types", "children": [{"attributes": {"type": "Number"}, "type": "entry"}]}]}]}, {"attributes": {"text": "<p>Returns the named key at the given index.</p>"}, "type": "desc"}, {"attributes": {"targetMethod": "sessionStorage.getKey", "targetClass": "qxWeb", "sourceMethod": "getSessionKey", "sourceClass": "qx.module.Storage"}, "type": "attachStatic"}, {"attributes": {}, "type": "return", "children": [{"attributes": {"text": "<p>The key stored at the given index.</p>"}, "type": "desc"}, {"attributes": {}, "type": "types", "children": [{"attributes": {"type": "String"}, "type": "entry"}]}]}]}, {"attributes": {"line": 147, "isStatic": true, "name": "getSessionLength"}, "type": "method", "children": [{"attributes": {"text": "<p>Returns the amount of key-value pairs stored.</p>"}, "type": "desc"}, {"attributes": {"targetMethod": "sessionStorage.getLength", "targetClass": "qxWeb", "sourceMethod": "getSessionLength", "sourceClass": "qx.module.Storage"}, "type": "attachStatic"}, {"attributes": {}, "type": "return", "children": [{"attributes": {"text": "<p>The length of the storage.</p>"}, "type": "desc"}, {"attributes": {}, "type": "types", "children": [{"attributes": {"type": "Number"}, "type": "entry"}]}]}]}, {"attributes": {"line": 59, "isStatic": true, "name": "removeLocalItem"}, "type": "method", "children": [{"attributes": {}, "type": "params", "children": [{"attributes": {"name": "key"}, "type": "param", "children": [{"attributes": {"text": "<p>The identifier.</p>"}, "type": "desc"}, {"attributes": {}, "type": "types", "children": [{"attributes": {"type": "String"}, "type": "entry"}]}]}]}, {"attributes": {"text": "<p>Removes an item form the storage.</p>"}, "type": "desc"}, {"attributes": {"targetMethod": "localStorage.removeItem", "targetClass": "qxWeb", "sourceMethod": "removeLocalItem", "sourceClass": "qx.module.Storage"}, "type": "attachStatic"}]}, {"attributes": {"line": 137, "isStatic": true, "name": "removeSessionItem"}, "type": "method", "children": [{"attributes": {}, "type": "params", "children": [{"attributes": {"name": "key"}, "type": "param", "children": [{"attributes": {"text": "<p>The identifier.</p>"}, "type": "desc"}, {"attributes": {}, "type": "types", "children": [{"attributes": {"type": "String"}, "type": "entry"}]}]}]}, {"attributes": {"text": "<p>Removes an item form the storage.</p>"}, "type": "desc"}, {"attributes": {"targetMethod": "sessionStorage.removeItem", "targetClass": "qxWeb", "sourceMethod": "removeSessionItem", "sourceClass": "qx.module.Storage"}, "type": "attachStatic"}]}, {"attributes": {"line": 37, "isStatic": true, "name": "setLocalItem"}, "type": "method", "children": [{"attributes": {}, "type": "params", "children": [{"attributes": {"name": "key"}, "type": "param", "children": [{"attributes": {"text": "<p>The identifier key.</p>"}, "type": "desc"}, {"attributes": {}, "type": "types", "children": [{"attributes": {"type": "String"}, "type": "entry"}]}]}, {"attributes": {"name": "value"}, "type": "param", "children": [{"attributes": {"text": "<p>The data, which will be stored as <span class=\"caps\">JSON</span>.</p>"}, "type": "desc"}, {"attributes": {}, "type": "types", "children": [{"attributes": {"type": "var"}, "type": "entry"}]}]}]}, {"attributes": {"text": "<p>Store an item in the storage.</p>"}, "type": "desc"}, {"attributes": {"targetMethod": "localStorage.setItem", "targetClass": "qxWeb", "sourceMethod": "setLocalItem", "sourceClass": "qx.module.Storage"}, "type": "attachStatic"}]}, {"attributes": {"line": 115, "isStatic": true, "name": "setSessionItem"}, "type": "method", "children": [{"attributes": {}, "type": "params", "children": [{"attributes": {"name": "key"}, "type": "param", "children": [{"attributes": {"text": "<p>The identifier key.</p>"}, "type": "desc"}, {"attributes": {}, "type": "types", "children": [{"attributes": {"type": "String"}, "type": "entry"}]}]}, {"attributes": {"name": "value"}, "type": "param", "children": [{"attributes": {"text": "<p>The data, which will be stored as <span class=\"caps\">JSON</span>.</p>"}, "type": "desc"}, {"attributes": {}, "type": "types", "children": [{"attributes": {"type": "var"}, "type": "entry"}]}]}]}, {"attributes": {"text": "<p>Store an item in the storage.</p>"}, "type": "desc"}, {"attributes": {"targetMethod": "sessionStorage.setItem", "targetClass": "qxWeb", "sourceMethod": "setSessionItem", "sourceClass": "qx.module.Storage"}, "type": "attachStatic"}]}]}]}