{"attributes": {"isStatic": true, "group": "Event_Normalization", "name": "Tap", "packageName": "qx.module.event", "fullName": "qx.module.event.Tap", "type": "bootstrap"}, "type": "class", "children": [{"attributes": {"text": "<p>Normalization for tap gesture events. These gestures are based on <a href=\"#Pointer\">Pointer events</a>,\nmeaning that they are available on all devices, no matter which input device type is used (e.g. mouse or\ntouchscreen).</p>"}, "type": "desc"}, {"attributes": {}, "type": "methods-static", "children": [{"attributes": {"line": 81, "isStatic": true, "name": "getDocumentLeft"}, "type": "method", "children": [{"attributes": {"text": "<p>Get the horizontal position at which the event occurred relative to the\nleft of the document. This property takes into account any scrolling of\nthe page.</p>"}, "type": "desc"}, {"attributes": {}, "type": "return", "children": [{"attributes": {"text": "<p>The horizontal contact position in the document.</p>"}, "type": "desc"}, {"attributes": {}, "type": "types", "children": [{"attributes": {"type": "Number"}, "type": "entry"}]}]}]}, {"attributes": {"line": 94, "isStatic": true, "name": "getDocumentTop"}, "type": "method", "children": [{"attributes": {"text": "<p>Get the vertical position at which the event occurred relative to the\ntop of the document. This property takes into account any scrolling of\nthe page.</p>"}, "type": "desc"}, {"attributes": {}, "type": "return", "children": [{"attributes": {"text": "<p>The vertical contact position in the document.</p>"}, "type": "desc"}, {"attributes": {}, "type": "types", "children": [{"attributes": {"type": "Number"}, "type": "entry"}]}]}]}, {"attributes": {"line": 109, "isStatic": true, "name": "getScreenLeft"}, "type": "method", "children": [{"attributes": {"text": "<p>Get the horizontal coordinate at which the event occurred relative to\nthe origin of the screen coordinate system.</p>\n\n<p>Note: This value is usually not very useful unless you want to\nposition a native popup window at this coordinate.</p>"}, "type": "desc"}, {"attributes": {}, "type": "return", "children": [{"attributes": {"text": "<p>The horizontal contact position on the screen.</p>"}, "type": "desc"}, {"attributes": {}, "type": "types", "children": [{"attributes": {"type": "Number"}, "type": "entry"}]}]}]}, {"attributes": {"line": 123, "isStatic": true, "name": "getScreenTop"}, "type": "method", "children": [{"attributes": {"text": "<p>Get the vertical coordinate at which the event occurred relative to\nthe origin of the screen coordinate system.</p>\n\n<p>Note: This value is usually not very useful unless you want to\nposition a native popup window at this coordinate.</p>"}, "type": "desc"}, {"attributes": {}, "type": "return", "children": [{"attributes": {"text": "<p>The vertical contact position on the screen.</p>"}, "type": "desc"}, {"attributes": {}, "type": "types", "children": [{"attributes": {"type": "Number"}, "type": "entry"}]}]}]}, {"attributes": {"line": 57, "isStatic": true, "name": "getViewportLeft"}, "type": "method", "children": [{"attributes": {"text": "<p>Get the horizontal coordinate at which the event occurred relative\nto the viewport.</p>"}, "type": "desc"}, {"attributes": {}, "type": "return", "children": [{"attributes": {"text": "<p>The horizontal contact position</p>"}, "type": "desc"}, {"attributes": {}, "type": "types", "children": [{"attributes": {"type": "Number"}, "type": "entry"}]}]}]}, {"attributes": {"line": 69, "isStatic": true, "name": "getViewportTop"}, "type": "method", "children": [{"attributes": {"text": "<p>Get the vertical coordinate at which the event occurred relative\nto the viewport.</p>"}, "type": "desc"}, {"attributes": {}, "type": "return", "children": [{"attributes": {"text": "<p>The vertical contact position</p>"}, "type": "desc"}, {"attributes": {}, "type": "types", "children": [{"attributes": {"type": "Number"}, "type": "entry"}]}]}]}, {"attributes": {"access": "internal", "isInternal": true, "line": 137, "isStatic": true, "name": "normalize"}, "type": "method", "children": [{"attributes": {}, "type": "params", "children": [{"attributes": {"name": "event"}, "type": "param", "children": [{"attributes": {"text": "<p>Native event object</p>"}, "type": "desc"}, {"attributes": {}, "type": "types", "children": [{"attributes": {"type": "Event"}, "type": "entry"}]}]}, {"attributes": {"name": "element"}, "type": "param", "children": [{"attributes": {"text": "<p><span class=\"caps\">DOM</span> element the listener was attached to</p>"}, "type": "desc"}, {"attributes": {}, "type": "types", "children": [{"attributes": {"type": "Element"}, "type": "entry"}]}]}]}, {"attributes": {"text": "<p>Manipulates the native event object, adding methods if they&#8217;re not\nalready present</p>"}, "type": "desc"}, {"attributes": {}, "type": "return", "children": [{"attributes": {"text": "<p>Normalized event object</p>"}, "type": "desc"}, {"attributes": {}, "type": "types", "children": [{"attributes": {"type": "Event"}, "type": "entry"}]}]}]}]}, {"attributes": {}, "type": "constants", "children": [{"attributes": {"access": "internal", "isInternal": true, "type": "Array", "name": "BIND_METHODS", "value": "[\"getViewportLeft\",\"getViewportTop\",\"getDocumentLeft\",\"getDocumentTop\",\"getScreenLeft\",\"getScreenTop\"]"}, "type": "constant", "children": [{"attributes": {"text": "<p>List methods to be attached to gesture event\nobjects</p>"}, "type": "desc"}]}, {"attributes": {"type": "Array", "name": "TYPES", "value": "[\"tap\",\"longtap\",\"dbltap\"]"}, "type": "constant", "children": [{"attributes": {"text": "<p>List of event types to be normalized</p>"}, "type": "desc"}]}]}]}