{"attributes": {"fullName": "qx.module.Blocker", "packageName": "qx.module", "isStatic": true, "type": "define", "name": "Blocker"}, "type": "class", "children": [{"attributes": {"text": "<p>Provides a way to block elements so they will no longer receive (native)\nevents by overlaying them with a <span class=\"caps\">DIV</span> element.</p>\n\n<p>The blocker can also be applied to the entire document, e.g.:</p>\n\n<pre class=\"javascript\">\nq(document).block();\n</pre>"}, "type": "desc"}, {"attributes": {}, "type": "methods-static", "children": [{"attributes": {"access": "private", "line": 47, "isStatic": true, "name": "__attachBlocker"}, "type": "method", "children": [{"attributes": {}, "type": "params", "children": [{"attributes": {"name": "item"}, "type": "param", "children": [{"attributes": {"text": "<p>The element to be overlaid with the blocker</p>"}, "type": "desc"}, {"attributes": {}, "type": "types", "children": [{"attributes": {"type": "Element"}, "type": "entry"}, {"attributes": {"type": "Document"}, "type": "entry"}]}]}, {"attributes": {"name": "color"}, "type": "param", "children": [{"attributes": {"text": "<p>The color for the blocker element (any <span class=\"caps\">CSS</span> color value)</p>"}, "type": "desc"}, {"attributes": {}, "type": "types", "children": [{"attributes": {"type": "String"}, "type": "entry"}]}]}, {"attributes": {"name": "opacity"}, "type": "param", "children": [{"attributes": {"text": "<p>The <span class=\"caps\">CSS</span> opacity value for the blocker</p>"}, "type": "desc"}, {"attributes": {}, "type": "types", "children": [{"attributes": {"type": "Number"}, "type": "entry"}]}]}, {"attributes": {"name": "zIndex"}, "type": "param", "children": [{"attributes": {"text": "<p>The zIndex value for the blocker</p>"}, "type": "desc"}, {"attributes": {}, "type": "types", "children": [{"attributes": {"type": "Number"}, "type": "entry"}]}]}]}, {"attributes": {"text": "<p>Attaches a blocker div to the given element.</p>"}, "type": "desc"}]}, {"attributes": {"access": "private", "line": 123, "isStatic": true, "name": "__detachBlocker"}, "type": "method", "children": [{"attributes": {}, "type": "params", "children": [{"attributes": {"name": "item"}, "type": "param", "children": [{"attributes": {"text": "<p>Blocked element</p>"}, "type": "desc"}, {"attributes": {}, "type": "types", "children": [{"attributes": {"type": "Element"}, "type": "entry"}]}]}, {"attributes": {"name": "index"}, "type": "param", "children": [{"attributes": {"text": "<p>index of the item in the collection</p>"}, "type": "desc"}, {"attributes": {}, "type": "types", "children": [{"attributes": {"type": "Number"}, "type": "entry"}]}]}]}, {"attributes": {"text": "<p>Removes the given item&#8217;s blocker element(s) from the <span class=\"caps\">DOM</span></p>"}, "type": "desc"}]}, {"attributes": {"access": "private", "line": 138, "isStatic": true, "name": "__getBlocker"}, "type": "method", "children": [{"attributes": {}, "type": "params", "children": [{"attributes": {"name": "collection"}, "type": "param", "children": [{"attributes": {"text": "<p>Collection to get the blocker elements from</p>"}, "type": "desc"}, {"attributes": {}, "type": "types", "children": [{"attributes": {"type": "qxWeb"}, "type": "entry"}]}]}]}, {"attributes": {"text": "<p>Returns the blocker elements as collection</p>"}, "type": "desc"}, {"attributes": {}, "type": "return", "children": [{"attributes": {"text": "<p>collection of blocker elements</p>"}, "type": "desc"}, {"attributes": {}, "type": "types", "children": [{"attributes": {"type": "qxWeb"}, "type": "entry"}]}]}]}, {"attributes": {"access": "private", "line": 81, "isStatic": true, "name": "__styleBlocker"}, "type": "method", "children": [{"attributes": {}, "type": "params", "children": [{"attributes": {"name": "item"}, "type": "param", "children": [{"attributes": {"text": "<p>The element to be overlaid with the blocker</p>"}, "type": "desc"}, {"attributes": {}, "type": "types", "children": [{"attributes": {"type": "Element"}, "type": "entry"}, {"attributes": {"type": "Document"}, "type": "entry"}]}]}, {"attributes": {"name": "color"}, "type": "param", "children": [{"attributes": {"text": "<p>The color for the blocker element (any <span class=\"caps\">CSS</span> color value)</p>"}, "type": "desc"}, {"attributes": {}, "type": "types", "children": [{"attributes": {"type": "String"}, "type": "entry"}]}]}, {"attributes": {"name": "opacity"}, "type": "param", "children": [{"attributes": {"text": "<p>The <span class=\"caps\">CSS</span> opacity value for the blocker</p>"}, "type": "desc"}, {"attributes": {}, "type": "types", "children": [{"attributes": {"type": "Number"}, "type": "entry"}]}]}, {"attributes": {"name": "zIndex"}, "type": "param", "children": [{"attributes": {"text": "<p>The zIndex value for the blocker</p>"}, "type": "desc"}, {"attributes": {}, "type": "types", "children": [{"attributes": {"type": "Number"}, "type": "entry"}]}]}, {"attributes": {"name": "isDocument"}, "type": "param", "children": [{"attributes": {"text": "<p>Whether the item is a document node</p>"}, "type": "desc"}, {"attributes": {}, "type": "types", "children": [{"attributes": {"type": "Boolean"}, "type": "entry"}]}]}]}, {"attributes": {"text": "<p>Styles the blocker element(s)</p>"}, "type": "desc"}]}, {"attributes": {"line": 162, "isStatic": true, "name": "block"}, "type": "method", "children": [{"attributes": {}, "type": "params", "children": [{"attributes": {"defaultValue": "transparent", "optional": true, "name": "color"}, "type": "param", "children": [{"attributes": {"text": "<p>The color for the blocker element (any <span class=\"caps\">CSS</span> color value)</p>"}, "type": "desc"}, {"attributes": {}, "type": "types", "children": [{"attributes": {"type": "String"}, "type": "entry"}]}]}, {"attributes": {"defaultValue": "0", "optional": true, "name": "opacity"}, "type": "param", "children": [{"attributes": {"text": "<p>The <span class=\"caps\">CSS</span> opacity value for the blocker (floating point number from 0 to 1)</p>"}, "type": "desc"}, {"attributes": {}, "type": "types", "children": [{"attributes": {"type": "Number"}, "type": "entry"}]}]}, {"attributes": {"defaultValue": "10000", "optional": true, "name": "zIndex"}, "type": "param", "children": [{"attributes": {"text": "<p>The zIndex value for the blocker</p>"}, "type": "desc"}, {"attributes": {}, "type": "types", "children": [{"attributes": {"type": "Number"}, "type": "entry"}]}]}]}, {"attributes": {"text": "<p>Adds an overlay to all items in the collection that intercepts mouse\nevents.</p>"}, "type": "desc"}, {"attributes": {"targetMethod": "", "targetClass": "qxWeb", "sourceMethod": "block", "sourceClass": "qx.module.Blocker"}, "type": "attach"}, {"attributes": {}, "type": "return", "children": [{"attributes": {"text": "<p>The collection for chaining</p>"}, "type": "desc"}, {"attributes": {}, "type": "types", "children": [{"attributes": {"type": "qxWeb"}, "type": "entry"}]}]}]}, {"attributes": {"line": 204, "isStatic": true, "name": "getBlocker"}, "type": "method", "children": [{"attributes": {"text": "<p>Returns all blocker elements as collection.</p>\n\n<strong>Note:</strong> This will only return elements if\nthe <code>block</code> method was called at least once,\nsince the blocker elements are created on-demand."}, "type": "desc"}, {"attributes": {"targetMethod": "", "targetClass": "qxWeb", "sourceMethod": "getBlocker", "sourceClass": "qx.module.Blocker"}, "type": "attach"}, {"attributes": {}, "type": "return", "children": [{"attributes": {"text": "<p>collection with all blocker elements</p>"}, "type": "desc"}, {"attributes": {}, "type": "types", "children": [{"attributes": {"type": "qxWeb"}, "type": "entry"}]}]}]}, {"attributes": {"line": 182, "isStatic": true, "name": "unblock"}, "type": "method", "children": [{"attributes": {"text": "<p>Removes the blockers from all items in the collection</p>"}, "type": "desc"}, {"attributes": {"targetMethod": "", "targetClass": "qxWeb", "sourceMethod": "unblock", "sourceClass": "qx.module.Blocker"}, "type": "attach"}, {"attributes": {}, "type": "return", "children": [{"attributes": {"text": "<p>The collection for chaining</p>"}, "type": "desc"}, {"attributes": {}, "type": "types", "children": [{"attributes": {"type": "qxWeb"}, "type": "entry"}]}]}]}]}]}