{"attributes": {"isStatic": true, "group": "Event_Normalization", "name": "TouchHandler", "packageName": "qx.module.event", "fullName": "qx.module.event.TouchHandler", "type": "bootstrap"}, "type": "class", "children": [{"attributes": {"text": "<p>Creates a touch event handler that fires high-level events such as &#8220;swipe&#8221;\nbased on low-level event sequences on the given element</p>"}, "type": "desc"}, {"attributes": {}, "type": "methods-static", "children": [{"attributes": {"line": 43, "isStatic": true, "name": "register"}, "type": "method", "children": [{"attributes": {}, "type": "params", "children": [{"attributes": {"name": "element"}, "type": "param", "children": [{"attributes": {"text": "<p><span class=\"caps\">DOM</span> element</p>"}, "type": "desc"}, {"attributes": {}, "type": "types", "children": [{"attributes": {"type": "Element"}, "type": "entry"}]}]}]}, {"attributes": {"text": "<p>Creates a touch handler for the given element when a touch event listener\nis attached to it</p>"}, "type": "desc"}]}, {"attributes": {"line": 59, "isStatic": true, "name": "unregister"}, "type": "method", "children": [{"attributes": {}, "type": "params", "children": [{"attributes": {"name": "element"}, "type": "param", "children": [{"attributes": {"text": "<p><span class=\"caps\">DOM</span> element</p>"}, "type": "desc"}, {"attributes": {}, "type": "types", "children": [{"attributes": {"type": "Element"}, "type": "entry"}]}]}]}, {"attributes": {"text": "<p>Removes the touch event handler from the element if there are no more\ntouch event listeners attached to it</p>"}, "type": "desc"}]}]}, {"attributes": {}, "type": "constants", "children": [{"attributes": {"type": "Array", "name": "TYPES", "value": "[\"touchstart\",\"touchend\",\"touchmove\",\"touchcancel\"]"}, "type": "constant", "children": [{"attributes": {"text": "<p>List of events that require a touch handler</p>"}, "type": "desc"}]}]}]}