{"attributes": {"fullName": "qx.module.Placement", "packageName": "qx.module", "isStatic": true, "type": "define", "name": "Placement"}, "type": "class", "children": [{"attributes": {"text": "<p>The Placement module provides a convenient way to align two elements relative\nto each other using various pre-defined algorithms.</p>"}, "type": "desc"}, {"attributes": {}, "type": "methods-static", "children": [{"attributes": {"access": "protected", "line": 220, "isStatic": true, "name": "_computePlacement"}, "type": "method", "children": [{"attributes": {}, "type": "params", "children": [{"attributes": {"name": "axes"}, "type": "param", "children": [{"attributes": {"text": "<p>Map with the keys <code>x</code> and <code>y</code>. Values are the axis implementations</p>"}, "type": "desc"}, {"attributes": {}, "type": "types", "children": [{"attributes": {"type": "Map"}, "type": "entry"}]}]}, {"attributes": {"name": "size"}, "type": "param", "children": [{"attributes": {"text": "<p>Map with the keys <code>width</code> and <code>height</code> containing the size of the placement target</p>"}, "type": "desc"}, {"attributes": {}, "type": "types", "children": [{"attributes": {"type": "Map"}, "type": "entry"}]}]}, {"attributes": {"name": "area"}, "type": "param", "children": [{"attributes": {"text": "<p>Map with the keys <code>width</code> and <code>height</code> containing the size of the two elements&#8217; common parent (available space for placement)</p>"}, "type": "desc"}, {"attributes": {}, "type": "types", "children": [{"attributes": {"type": "Map"}, "type": "entry"}]}]}, {"attributes": {"name": "target"}, "type": "param", "children": [{"attributes": {"text": "<p>Location of the object to align the object to. This map should have the keys <code>left</code>, <code>top</code>, <code>right</code> and <code>bottom</code></p>"}, "type": "desc"}, {"attributes": {}, "type": "types", "children": [{"attributes": {"type": "Map"}, "type": "entry"}]}]}, {"attributes": {"name": "offsets"}, "type": "param", "children": [{"attributes": {"text": "<p>Map of offsets (top, right, bottom, left)</p>"}, "type": "desc"}, {"attributes": {}, "type": "types", "children": [{"attributes": {"type": "Map"}, "type": "entry"}]}]}, {"attributes": {"name": "position"}, "type": "param", "children": [{"attributes": {"text": "<p>Map with the keys <code>x</code> and <code>y</code>, containing the type of positioning for each axis</p>"}, "type": "desc"}, {"attributes": {}, "type": "types", "children": [{"attributes": {"type": "Map"}, "type": "entry"}]}]}]}, {"attributes": {"text": "<p>Returns the computed coordinates for the element to be placed</p>"}, "type": "desc"}, {"attributes": {}, "type": "return", "children": [{"attributes": {"text": "<p>Map with the keys <code>left</code> and <code>top</code> containing the computed coordinates to which the element should be moved</p>"}, "type": "desc"}, {"attributes": {}, "type": "types", "children": [{"attributes": {"type": "Map"}, "type": "entry"}]}]}]}, {"attributes": {"access": "protected", "line": 185, "isStatic": true, "name": "_getAxis"}, "type": "method", "children": [{"attributes": {}, "type": "params", "children": [{"attributes": {"name": "mode"}, "type": "param", "children": [{"attributes": {"text": "<p>Placement mode</p>"}, "type": "desc"}, {"attributes": {}, "type": "types", "children": [{"attributes": {"type": "String"}, "type": "entry"}]}]}]}, {"attributes": {"text": "<p>Returns the appropriate axis implementation for the given placement\nmode</p>"}, "type": "desc"}, {"attributes": {}, "type": "return", "children": [{"attributes": {"text": "<p>Placement axis class</p>"}, "type": "desc"}, {"attributes": {}, "type": "types", "children": [{"attributes": {"type": "Object"}, "type": "entry"}]}]}]}, {"attributes": {"access": "protected", "line": 253, "isStatic": true, "name": "_getPositionX"}, "type": "method", "children": [{"attributes": {}, "type": "params", "children": [{"attributes": {"name": "edge"}, "type": "param", "children": [{"attributes": {"text": "<p>edge value</p>"}, "type": "desc"}, {"attributes": {}, "type": "types", "children": [{"attributes": {"type": "String"}, "type": "entry"}]}]}, {"attributes": {"name": "align"}, "type": "param", "children": [{"attributes": {"text": "<p>align value</p>"}, "type": "desc"}, {"attributes": {}, "type": "types", "children": [{"attributes": {"type": "String"}, "type": "entry"}]}]}]}, {"attributes": {"text": "<p>Returns the X axis positioning type for the given edge and alignment\nvalues</p>"}, "type": "desc"}, {"attributes": {}, "type": "return", "children": [{"attributes": {"text": "<p>X positioning type</p>"}, "type": "desc"}, {"attributes": {}, "type": "types", "children": [{"attributes": {"type": "String"}, "type": "entry"}]}]}]}, {"attributes": {"access": "protected", "line": 277, "isStatic": true, "name": "_getPositionY"}, "type": "method", "children": [{"attributes": {}, "type": "params", "children": [{"attributes": {"name": "edge"}, "type": "param", "children": [{"attributes": {"text": "<p>edge value</p>"}, "type": "desc"}, {"attributes": {}, "type": "types", "children": [{"attributes": {"type": "String"}, "type": "entry"}]}]}, {"attributes": {"name": "align"}, "type": "param", "children": [{"attributes": {"text": "<p>align value</p>"}, "type": "desc"}, {"attributes": {}, "type": "types", "children": [{"attributes": {"type": "String"}, "type": "entry"}]}]}]}, {"attributes": {"text": "<p>Returns the Y axis positioning type for the given edge and alignment\nvalues</p>"}, "type": "desc"}, {"attributes": {}, "type": "return", "children": [{"attributes": {"text": "<p>Y positioning type</p>"}, "type": "desc"}, {"attributes": {}, "type": "types", "children": [{"attributes": {"type": "String"}, "type": "entry"}]}]}]}, {"attributes": {"line": 76, "isStatic": true, "name": "placeTo"}, "type": "method", "children": [{"attributes": {}, "type": "params", "children": [{"attributes": {"name": "target"}, "type": "param", "children": [{"attributes": {"text": "<p>Placement target</p>"}, "type": "desc"}, {"attributes": {}, "type": "types", "children": [{"attributes": {"type": "Element"}, "type": "entry"}]}]}, {"attributes": {"name": "position"}, "type": "param", "children": [{"attributes": {"text": "<p>Alignment of the object with the target, any of <code>&#8220;top-left&#8221;</code>, <code>&#8220;top-center&#8221;</code>, <code>&#8220;top-right&#8221;</code>, <code>&#8220;bottom-left&#8221;</code>, <code>&#8220;bottom-center&#8221;</code>, <code>&#8220;bottom-right&#8221;</code>, <code>&#8220;left-top&#8221;</code>, <code>&#8220;left-middle&#8221;</code>, <code>&#8220;left-bottom&#8221;</code>, <code>&#8220;right-top&#8221;</code>, <code>&#8220;right-middle&#8221;</code>, <code>&#8220;right-bottom&#8221;</code></p>"}, "type": "desc"}, {"attributes": {}, "type": "types", "children": [{"attributes": {"type": "String"}, "type": "entry"}]}]}, {"attributes": {"defaultValue": "null", "optional": true, "name": "offsets"}, "type": "param", "children": [{"attributes": {"text": "<p>Map with the desired offsets between the two elements. Must contain the keys <code>left</code>, <code>top</code>, <code>right</code> and <code>bottom</code></p>"}, "type": "desc"}, {"attributes": {}, "type": "types", "children": [{"attributes": {"type": "Map"}, "type": "entry"}]}]}, {"attributes": {"defaultValue": "\"direct\"", "optional": true, "name": "modeX"}, "type": "param", "children": [{"attributes": {"text": "<p>Horizontal placement mode. Valid values are: <ul> <li><code>direct</code>: place the element directly at the given location.</li> <li><code>keep-align</code>: if the element is partially outside of the visible area, it is moved to the best fitting &#8216;edge&#8217; and &#8216;alignment&#8217; of the target. It is guaranteed the the new position attaches the object to one of the target edges and that it is aligned with a target edge.</li> <li><code>best-fit</code>: If the element is partially outside of the visible area, it is moved into the view port, ignoring any offset and position values.</li> </ul></p>"}, "type": "desc"}, {"attributes": {}, "type": "types", "children": [{"attributes": {"type": "String"}, "type": "entry"}]}]}, {"attributes": {"defaultValue": "\"direct\"", "optional": true, "name": "modeY"}, "type": "param", "children": [{"attributes": {"text": "<p>Vertical placement mode. Accepts the same values as the &#8216;modeX&#8217; argument.</p>"}, "type": "desc"}, {"attributes": {}, "type": "types", "children": [{"attributes": {"type": "String"}, "type": "entry"}]}]}]}, {"attributes": {"text": "<p>Moves the first element in the collection, aligning it with the given\ntarget.</p>\n\n<div>\n<strong>NOTE:</strong> The <code>placeTo</code> method also works for hidden\nelements. However, the visibility / display styles are only manipulated during\nthe placement operation. As a result a previously hidden element <strong>stays hidden</strong>\n</div>\n\n<div>\n<strong>NOTE:</strong> If the target is changing its position due e.g. a DOM manipulation the\nplaced element <strong>is not</strong> updated automatically. You have to call <code>placeTo</code>\nagain to place the element to the target. The element is <strong>always</strong> positioned by using\n<code>position:absolute</code> independently on the chosen <code>position</code> and <code>mode</code>.\n</div>"}, "type": "desc"}, {"attributes": {"targetMethod": "", "targetClass": "qxWeb", "sourceMethod": "placeTo", "sourceClass": "qx.module.Placement"}, "type": "attach"}, {"attributes": {}, "type": "return", "children": [{"attributes": {"text": "<p>The collection for chaining</p>"}, "type": "desc"}, {"attributes": {}, "type": "types", "children": [{"attributes": {"type": "qxWeb"}, "type": "entry"}]}]}]}]}]}