{"attributes": {"fullName": "qx.module.Core", "packageName": "qx.module", "isStatic": true, "type": "bootstrap", "name": "Core"}, "type": "class", "children": [{"attributes": {"text": "<p>Placeholder class which simply defines and includes the core of qxWeb.\nThe core modules are:</p>\n\n<ul>\n<li>{@link qx.module.Attribute}</li>\n<li>{@link qx.module.Css}</li>\n<li>{@link qx.module.Environment}</li>\n<li>{@link qx.module.Event}</li>\n<li>{@link qx.module.Manipulating}</li>\n<li>{@link qx.module.Polyfill}</li>\n<li>{@link qx.module.Traversing}</li>\n</ul>"}, "type": "desc"}]}