{"attributes": {"isStatic": true, "group": "Event_Normalization", "name": "OrientationHandler", "packageName": "qx.module.event", "fullName": "qx.module.event.OrientationHandler", "type": "bootstrap"}, "type": "class", "children": [{"attributes": {"text": "<p>Orientation handler which is responsible for registering and unregistering a\n{@link qx.event.handler.OrientationCore} handler for each given element.</p>"}, "type": "desc"}, {"attributes": {}, "type": "methods-static", "children": [{"attributes": {"line": 43, "isStatic": true, "name": "register"}, "type": "method", "children": [{"attributes": {}, "type": "params", "children": [{"attributes": {"name": "element"}, "type": "param", "children": [{"attributes": {"text": "<p><span class=\"caps\">DOM</span> Window</p>"}, "type": "desc"}, {"attributes": {}, "type": "types", "children": [{"attributes": {"type": "Window"}, "type": "entry"}]}]}]}, {"attributes": {"text": "<p>Creates an orientation handler for the given window when an\norientationchange event listener is attached to it</p>"}, "type": "desc"}]}, {"attributes": {"line": 64, "isStatic": true, "name": "unregister"}, "type": "method", "children": [{"attributes": {}, "type": "params", "children": [{"attributes": {"name": "element"}, "type": "param", "children": [{"attributes": {"text": "<p><span class=\"caps\">DOM</span> element</p>"}, "type": "desc"}, {"attributes": {}, "type": "types", "children": [{"attributes": {"type": "Element"}, "type": "entry"}]}]}]}, {"attributes": {"text": "<p>Removes the orientation event handler from the element if there are no more\norientationchange event listeners attached to it</p>"}, "type": "desc"}]}]}, {"attributes": {}, "type": "constants", "children": [{"attributes": {"type": "Array", "name": "TYPES", "value": "[\"orientationchange\"]"}, "type": "constant", "children": [{"attributes": {"text": "<p>List of events that require an orientation handler</p>"}, "type": "desc"}]}]}]}