{"attributes": {"isStatic": true, "group": "Event_Normalization", "name": "Orientation", "packageName": "qx.module.event", "fullName": "qx.module.event.Orientation", "type": "bootstrap"}, "type": "class", "children": [{"attributes": {"text": "<p>Normalization for orientationchange events\nExample:</p>\n\n<pre class=\"javascript\">\n  q(window).on(\"orientationchange\", function(ev) {\n    ev.getOrientation();\n    ev.isLandscape();\n  });\n</pre>"}, "type": "desc"}, {"attributes": {}, "type": "methods-static", "children": [{"attributes": {"line": 63, "isStatic": true, "name": "getOrientation"}, "type": "method", "children": [{"attributes": {"text": "<p>Returns the current orientation of the viewport in degrees.</p>\n\n<p>All possible values and their meaning:</p>\n\n<ul>\n<li><code>0</code>: &#8220;Portrait&#8221;</li>\n<li><code>-90</code>: &#8220;Landscape (right, screen turned clockwise)&#8221;</li>\n<li><code>90</code>: &#8220;Landscape (left, screen turned counterclockwise)&#8221;</li>\n<li><code>180</code>: &#8220;Portrait (upside-down portrait)&#8221;</li>\n</ul>"}, "type": "desc"}, {"attributes": {}, "type": "return", "children": [{"attributes": {"text": "<p>The current orientation in degrees</p>"}, "type": "desc"}, {"attributes": {}, "type": "types", "children": [{"attributes": {"type": "Number"}, "type": "entry"}]}]}]}, {"attributes": {"line": 74, "isStatic": true, "name": "isLandscape"}, "type": "method", "children": [{"attributes": {"text": "<p>Whether the viewport orientation is currently in landscape mode.</p>"}, "type": "desc"}, {"attributes": {}, "type": "return", "children": [{"attributes": {"text": "<code>true</code> when the viewport orientation is currently in landscape mode."}, "type": "desc"}, {"attributes": {}, "type": "types", "children": [{"attributes": {"type": "Boolean"}, "type": "entry"}]}]}]}, {"attributes": {"line": 85, "isStatic": true, "name": "isPortrait"}, "type": "method", "children": [{"attributes": {"text": "<p>Whether the viewport orientation is currently in portrait mode.</p>"}, "type": "desc"}, {"attributes": {}, "type": "return", "children": [{"attributes": {"text": "<code>true</code> when the viewport orientation is currently in portrait mode."}, "type": "desc"}, {"attributes": {}, "type": "types", "children": [{"attributes": {"type": "Boolean"}, "type": "entry"}]}]}]}, {"attributes": {"access": "internal", "isInternal": true, "line": 101, "isStatic": true, "name": "normalize"}, "type": "method", "children": [{"attributes": {}, "type": "params", "children": [{"attributes": {"name": "event"}, "type": "param", "children": [{"attributes": {"text": "<p>Native event object</p>"}, "type": "desc"}, {"attributes": {}, "type": "types", "children": [{"attributes": {"type": "Event"}, "type": "entry"}]}]}, {"attributes": {"name": "element"}, "type": "param", "children": [{"attributes": {"text": "<p><span class=\"caps\">DOM</span> element the listener was attached to</p>"}, "type": "desc"}, {"attributes": {}, "type": "types", "children": [{"attributes": {"type": "Element"}, "type": "entry"}]}]}, {"attributes": {"name": "type"}, "type": "param", "children": [{"attributes": {"text": "<p>Event type</p>"}, "type": "desc"}, {"attributes": {}, "type": "types", "children": [{"attributes": {"type": "String"}, "type": "entry"}]}]}]}, {"attributes": {"text": "<p>Manipulates the native event object, adding methods if they&#8217;re not\nalready present</p>"}, "type": "desc"}, {"attributes": {}, "type": "return", "children": [{"attributes": {"text": "<p>Normalized event object</p>"}, "type": "desc"}, {"attributes": {}, "type": "types", "children": [{"attributes": {"type": "Event"}, "type": "entry"}]}]}]}]}, {"attributes": {}, "type": "constants", "children": [{"attributes": {"access": "internal", "isInternal": true, "type": "Array", "name": "BIND_METHODS", "value": "[\"getOrientation\",\"isLandscape\",\"isPortrait\"]"}, "type": "constant", "children": [{"attributes": {"text": "<p>List of qx.module.event.Orientation methods to be attached to native\nevent objects</p>"}, "type": "desc"}]}, {"attributes": {"type": "Array", "name": "TYPES", "value": "[\"orientationchange\"]"}, "type": "constant", "children": [{"attributes": {"text": "<p>List of event types to be normalized</p>"}, "type": "desc"}]}]}]}