{"attributes": {"name": "BaseError", "packageName": "qx.type", "superClass": "Error", "childClasses": "qx.core.AssertionError,qx.core.ValidationError", "fullName": "qx.type.BaseError", "type": "class"}, "type": "class", "children": [{"attributes": {"text": "<p>This class is the common super class for all error classes in qooxdoo.</p>\n\n<p>It has a comment and a fail message as members. The toString method returns\nthe comment and the fail message separated by a colon.</p>"}, "type": "desc"}, {"attributes": {}, "type": "constructor", "children": [{"attributes": {"line": 42, "isCtor": true, "name": "ctor"}, "type": "method", "children": [{"attributes": {}, "type": "params", "children": [{"attributes": {"name": "comment"}, "type": "param", "children": [{"attributes": {"text": "<p>Comment passed to the assertion call</p>"}, "type": "desc"}, {"attributes": {}, "type": "types", "children": [{"attributes": {"type": "String"}, "type": "entry"}]}]}, {"attributes": {"name": "failMessage"}, "type": "param", "children": [{"attributes": {"text": "<p>Fail message provided by the assertion</p>"}, "type": "desc"}, {"attributes": {}, "type": "types", "children": [{"attributes": {"type": "String"}, "type": "entry"}]}]}]}, {"attributes": {"text": ""}, "type": "desc"}]}]}, {"attributes": {}, "type": "constants", "children": [{"attributes": {"type": "String", "name": "DEFAULTMESSAGE", "value": "error"}, "type": "constant"}]}, {"attributes": {}, "type": "methods", "children": [{"attributes": {"line": 92, "name": "getComment"}, "type": "method", "children": [{"attributes": {"text": "<p>Comment passed to the assertion call</p>"}, "type": "desc"}, {"attributes": {}, "type": "return", "children": [{"attributes": {"text": "<p>The comment passed to the assertion call</p>"}, "type": "desc"}, {"attributes": {}, "type": "types", "children": [{"attributes": {"type": "String"}, "type": "entry"}]}]}]}, {"attributes": {"line": 102, "name": "toString"}, "type": "method", "children": [{"attributes": {"text": "<p>Get the error message</p>"}, "type": "desc"}, {"attributes": {}, "type": "return", "children": [{"attributes": {"text": "<p>The error message</p>"}, "type": "desc"}, {"attributes": {}, "type": "types", "children": [{"attributes": {"type": "String"}, "type": "entry"}]}]}]}]}]}