{"attributes": {"group": "Widget", "name": "Calendar", "packageName": "qx.ui.website", "superClass": "qx.ui.website.Widget", "fullName": "qx.ui.website.Calendar", "type": "bootstrap"}, "type": "class", "children": [{"attributes": {"text": "<p>This is a calendar widget used to select a date. It contain a set of\nbuttons to switch to the next or previous month as well as a button for\neach day in the month.</p>\n\n<h2>CSS Classes</h2>\n<table>\n  <thead>\n    <tr>\n      <td>Class Name</td>\n      <td>Applied to</td>\n      <td>Description</td>\n    </tr>\n  </thead>\n  <tbody>\n    <tr>\n      <td><code>qx-calendar</code></td>\n      <td>Container element</td>\n      <td>Identifies the Calendar widget</td>\n    </tr>\n    <tr>\n      <td><code>qx-calendar-container</code></td>\n      <td>Container element (<code>table</code>)</td>\n      <td>Identifies the table container of the Calendar widget</td>\n    </tr>\n    <tr>\n      <td><code>qx-calendar-prev</code></td>\n      <td><code>button</code></td>\n      <td>Identifies and styles the \"previous month\" button</td>\n    </tr>\n    <tr>\n      <td><code>qx-calendar-prev-container</code></td>\n      <td>Container element (<code>td</code>)</td>\n      <td>Identifies and styles the \"previous month\" container</td>\n    </tr>\n    <tr>\n      <td><code>qx-calendar-next</code></td>\n      <td><code>button</code></td>\n      <td>Identifies and styles the \"next month\" button</td>\n    </tr>\n    <tr>\n      <td><code>qx-calendar-next-container</code></td>\n      <td>Container element (<code>td</code>)</td>\n      <td>Identifies and styles the \"next month\" container</td>\n    </tr>\n    <tr>\n      <td><code>qx-calendar-othermonth</code></td>\n      <td>Day cell (<code>td</code>)</td>\n      <td>Identifies and styles calendar cells for days from the previous or following month</td>\n    </tr>\n    <tr>\n      <td><code>qx-calendar-dayname</code></td>\n      <td>Day name (<code>td</code>)</td>\n      <td>Identifies and styles the day name cell</td>\n    </tr>\n    <tr>\n      <td><code>qx-calendar-day</code></td>\n      <td>Day (<code>button</code>)</td>\n      <td>Identifies and styles the day buttons</td>\n    </tr>\n    <tr>\n      <td><code>qx-calendar-weekday</code></td>\n      <td>Day cell (<code>td</code>)</td>\n      <td>Identifies and styles the weekday cells</td>\n    </tr>\n    <tr>\n      <td><code>qx-calendar-weekend</code></td>\n      <td>Day cell (<code>td</code>)</td>\n      <td>Identifies and styles the weekend cells</td>\n    </tr>\n    <tr>\n      <td><code>qx-calendar-selected</code></td>\n      <td>Day cell (<code>td</code>)</td>\n      <td>Identifies and styles the cell containing the selected day's button</td>\n    </tr>\n  </tbody>\n</table>\n\n<h2 class=\"widget-markup\">Generated DOM Structure</h2>"}, "type": "desc"}, {"attributes": {}, "type": "constants", "children": [{"attributes": {"access": "protected", "name": "_templates"}, "type": "constant", "children": [{"attributes": {"text": "<p><strong>controls</strong></p>\n\n<p>Template for the controls. This should be a <code>tr</code> tag containing\nthe first row of the calendar.</p>\n\n<p>Default value:</p>\n\n<pre><tr>\n <td colspan=\"1\" class=\"{{cssPrefix}}-prev-container\"><button class=\"{{cssPrefix}}-prev\" title=\"Previous Month\">&lt;</button></td>\n <td colspan=\"5\">{{month}} {{year}}</td>\n <td colspan=\"1\" class=\"{{cssPrefix}}-next-container\"><button class=\"{{cssPrefix}}-next\" title=\"Next Month\">&gt;</button></td>\n</tr></pre>\n\n<p><strong>dayRow</strong></p>\n\n<p>Template for the row of each day. This should be a tr tag containing the day names.</p>\n\n<p>Default value:</p>\n\n<pre><tr>\n {{#row}}<td class=\"{{cssPrefix}}-dayname\">{{.}}</td>{{/row}}\n</tr></pre>\n\n<p><strong>row</strong></p>\n\n<p>Template for the row of days. This should be a <code>tr</code> tag containing\na <code>button</code> for each day.</p>\n\n<p>Default value:</p>\n\n<pre><tr>\n  {{#row}}<td class=\"{{cssClass}}\">\n    <button class=\"{{cssPrefix}}-day\" value=\"{{date}}\">{{day}}</button>\n  </td>{{/row}}\n</tr></pre>\n\n<p><strong>table</strong></p>\n\n<p>Wrapper template for all other templates. This should be a table.</p>\n\n<p>Default value:</p>\n\n<pre><table class=\"{{cssPrefix}}-container\"><thead>{{{thead}}}</thead><tbody>{{{tbody}}}</tbody></table></pre>"}, "type": "desc"}]}, {"attributes": {"access": "protected", "name": "_config"}, "type": "constant", "children": [{"attributes": {"text": "<p><strong>monthNames</strong></p>\n\n<p>Array of strings containing the names of the month.</p>\n\n<p>Default value:</p>\n\n<pre>[\"January\", \"February\", \"March\", \"April\", \"May\", \"June\",\n \"July\", \"August\", \"September\", \"October\", \"November\", \"December\"]</pre>\n\n<p><strong>dayNames</strong></p>\n\n<p>Array of strings containing the day names.</p>\n\n<p>Default values:</p>\n\n<pre>[\"Mon\", \"Tue\", \"Wed\", \"Thu\", \"Fri\", \"Sat\", \"Sun\"]</pre>\n\n<p><strong>minDate</strong></p>\n\n<p>Earliest user-selectable date (<code>Date</code> object). Default: <code>null</code> (no restriction).</p>\n\n<p><strong>maxDate</strong></p>\n\n<p>Latest user-selectable date (<code>Date</code> object). Default: <code>null</code> (no restriction).</p>\n\n<p><strong>selectableWeekDays</strong></p>\n\n<p>Array of user-selectable week days (Sunday is 0). Default: <code>[0, 1, 2, 3, 4, 5, 6]</code> (no restrictions).</p>"}, "type": "desc"}]}]}, {"attributes": {}, "type": "methods-static", "children": [{"attributes": {"line": 216, "isStatic": true, "name": "calendar"}, "type": "method", "children": [{"attributes": {}, "type": "params", "children": [{"attributes": {"defaultValue": "null", "optional": true, "name": "date"}, "type": "param", "children": [{"attributes": {"text": "<p>The initial Date of the calendar.</p>"}, "type": "desc"}, {"attributes": {}, "type": "types", "children": [{"attributes": {"type": "Date"}, "type": "entry"}]}]}]}, {"attributes": {"text": "<p>Factory method which converts the current collection into a collection of\nCalendar widgets. Therefore, an initialization process needs to be done which\ncan be configured with some parameter.</p>"}, "type": "desc"}, {"attributes": {}, "type": "return", "children": [{"attributes": {"text": "<p>A new calendar collection.</p>"}, "type": "desc"}, {"attributes": {}, "type": "types", "children": [{"attributes": {"type": "qx.ui.website.Calendar"}, "type": "entry"}]}]}, {"attributes": {"targetMethod": "", "targetClass": "qxWeb", "sourceMethod": "calendar", "sourceClass": "qx.ui.website.Calendar"}, "type": "attach"}]}]}, {"attributes": {}, "type": "constructor", "children": [{"attributes": {"docFrom": "qxWeb", "line": 229, "isCtor": true, "overriddenFrom": "qx.ui.website.Widget", "name": "ctor"}, "type": "method", "children": [{"attributes": {}, "type": "params", "children": [{"attributes": {"name": "selector"}, "type": "param"}, {"attributes": {"name": "context"}, "type": "param"}]}]}]}, {"attributes": {}, "type": "events", "children": [{"attributes": {"name": "changeValue"}, "type": "event", "children": [{"attributes": {"text": "<p>Fired at each value change</p>"}, "type": "desc"}, {"attributes": {}, "type": "types", "children": [{"attributes": {"type": "Date"}, "type": "entry"}]}]}]}, {"attributes": {}, "type": "methods", "children": [{"attributes": {"access": "protected", "line": 623, "name": "_focusNextDay"}, "type": "method", "children": [{"attributes": {}, "type": "params", "children": [{"attributes": {"name": "currentDay"}, "type": "param", "children": [{"attributes": {"text": "<p>The button for the current day.</p>"}, "type": "desc"}, {"attributes": {}, "type": "types", "children": [{"attributes": {"type": "qxWeb"}, "type": "entry"}]}]}]}, {"attributes": {"text": "<p>Focuses the day button following the given one.</p>"}, "type": "desc"}]}, {"attributes": {"access": "protected", "line": 649, "name": "_focusPrevDay"}, "type": "method", "children": [{"attributes": {}, "type": "params", "children": [{"attributes": {"name": "currentDay"}, "type": "param", "children": [{"attributes": {"text": "<p>The button for the current day.</p>"}, "type": "desc"}, {"attributes": {}, "type": "types", "children": [{"attributes": {"type": "qxWeb"}, "type": "entry"}]}]}]}, {"attributes": {"text": "<p>Focuses the day button preceding the given one.</p>"}, "type": "desc"}]}, {"attributes": {"access": "protected", "line": 414, "name": "_getControlsData"}, "type": "method", "children": [{"attributes": {}, "type": "params", "children": [{"attributes": {"name": "date"}, "type": "param", "children": [{"attributes": {"text": "<p>The date to be displayed.</p>"}, "type": "desc"}, {"attributes": {}, "type": "types", "children": [{"attributes": {"type": "Date"}, "type": "entry"}]}]}]}, {"attributes": {"text": "<p>Returns the month and year to be displayed in the calendar controls.</p>"}, "type": "desc"}, {"attributes": {}, "type": "return", "children": [{"attributes": {"text": "<p>A map containing the month and year.</p>"}, "type": "desc"}, {"attributes": {}, "type": "types", "children": [{"attributes": {"type": "Map"}, "type": "entry"}]}]}]}, {"attributes": {"access": "protected", "line": 449, "name": "_getDayRowData"}, "type": "method", "children": [{"attributes": {"text": "<p>Returns the week day names to be displayed in the calendar.</p>"}, "type": "desc"}, {"attributes": {}, "type": "return", "children": [{"attributes": {"text": "<p>Array of day names.</p>"}, "type": "desc"}, {"attributes": {}, "type": "types", "children": [{"attributes": {"type": "String", "dimensions": 1}, "type": "entry"}]}]}]}, {"attributes": {"access": "protected", "line": 519, "name": "_getHelpDate"}, "type": "method", "children": [{"attributes": {}, "type": "params", "children": [{"attributes": {"name": "date"}, "type": "param", "children": [{"attributes": {"text": "<p>Current date</p>"}, "type": "desc"}, {"attributes": {}, "type": "types", "children": [{"attributes": {"type": "Date"}, "type": "entry"}]}]}]}, {"attributes": {"text": "<p>Returns a date instance for the first visible day to be displayed</p>"}, "type": "desc"}, {"attributes": {}, "type": "return", "children": [{"attributes": {"text": "<p>Helper date</p>"}, "type": "desc"}, {"attributes": {}, "type": "types", "children": [{"attributes": {"type": "Date"}, "type": "entry"}]}]}]}, {"attributes": {"access": "protected", "line": 394, "name": "_getTable"}, "type": "method", "children": [{"attributes": {}, "type": "params", "children": [{"attributes": {"name": "date"}, "type": "param", "children": [{"attributes": {"text": "<p>The date to render.</p>"}, "type": "desc"}, {"attributes": {}, "type": "types", "children": [{"attributes": {"type": "Date"}, "type": "entry"}]}]}]}, {"attributes": {"text": "<p>Renders the calendar for the given date.</p>"}, "type": "desc"}, {"attributes": {}, "type": "return", "children": [{"attributes": {"text": "<p>The calendar <span class=\"caps\">HTML</span>.</p>"}, "type": "desc"}, {"attributes": {}, "type": "types", "children": [{"attributes": {"type": "String"}, "type": "entry"}]}]}]}, {"attributes": {"access": "protected", "line": 463, "name": "_getWeekRows"}, "type": "method", "children": [{"attributes": {}, "type": "params", "children": [{"attributes": {"name": "date"}, "type": "param", "children": [{"attributes": {"text": "<p>The date to be displayed.</p>"}, "type": "desc"}, {"attributes": {}, "type": "types", "children": [{"attributes": {"type": "Date"}, "type": "entry"}]}]}]}, {"attributes": {"text": "<p>Returns the table rows displaying the days of the month.</p>"}, "type": "desc"}, {"attributes": {}, "type": "return", "children": [{"attributes": {"text": "<p>The table rows as an <span class=\"caps\">HTML</span> string.</p>"}, "type": "desc"}, {"attributes": {}, "type": "types", "children": [{"attributes": {"type": "String"}, "type": "entry"}]}]}]}, {"attributes": {"access": "protected", "line": 369, "name": "_nextMonth"}, "type": "method", "children": [{"attributes": {"text": "<p>Displays the next month</p>"}, "type": "desc"}]}, {"attributes": {"access": "protected", "line": 539, "name": "_normalizeDate"}, "type": "method", "children": [{"attributes": {}, "type": "params", "children": [{"attributes": {"name": "date"}, "type": "param", "children": [{"attributes": {"text": "<p>Date to normalize</p>"}, "type": "desc"}, {"attributes": {}, "type": "types", "children": [{"attributes": {"type": "Date"}, "type": "entry"}]}]}]}, {"attributes": {"text": "<p>Sets the hours, minutes and seconds of a date object to 0\nto facilitate date comparisons.</p>"}, "type": "desc"}]}, {"attributes": {"access": "protected", "line": 562, "name": "_onBlur"}, "type": "method", "children": [{"attributes": {}, "type": "params", "children": [{"attributes": {"name": "e"}, "type": "param", "children": [{"attributes": {"text": "<p>blur event</p>"}, "type": "desc"}, {"attributes": {}, "type": "types", "children": [{"attributes": {"type": "Event"}, "type": "entry"}]}]}]}, {"attributes": {"text": "<p>Removes the keydown listener if the focus moves outside of the calendar.</p>"}, "type": "desc"}]}, {"attributes": {"access": "protected", "line": 552, "name": "_onFocus"}, "type": "method", "children": [{"attributes": {}, "type": "params", "children": [{"attributes": {"name": "e"}, "type": "param", "children": [{"attributes": {"text": "<p>focus event</p>"}, "type": "desc"}, {"attributes": {}, "type": "types", "children": [{"attributes": {"type": "Event"}, "type": "entry"}]}]}]}, {"attributes": {"text": "<p>Attaches the keydown listener.</p>"}, "type": "desc"}]}, {"attributes": {"access": "protected", "line": 574, "name": "_onKeyDown"}, "type": "method", "children": [{"attributes": {}, "type": "params", "children": [{"attributes": {"name": "e"}, "type": "param", "children": [{"attributes": {"text": "<p>The keydown event.</p>"}, "type": "desc"}, {"attributes": {}, "type": "types", "children": [{"attributes": {"type": "Event"}, "type": "entry"}]}]}]}, {"attributes": {"text": "<p>Keyboard handling.</p>"}, "type": "desc"}]}, {"attributes": {"access": "protected", "line": 360, "name": "_prevMonth"}, "type": "method", "children": [{"attributes": {"text": "<p>Displays the previous month</p>"}, "type": "desc"}]}, {"attributes": {"access": "protected", "line": 379, "name": "_selectDay"}, "type": "method", "children": [{"attributes": {}, "type": "params", "children": [{"attributes": {"name": "e"}, "type": "param", "children": [{"attributes": {"text": "<p>The tap event.</p>"}, "type": "desc"}, {"attributes": {}, "type": "types", "children": [{"attributes": {"type": "Event"}, "type": "entry"}]}]}]}, {"attributes": {"text": "<p>Sets the current value to the day selected by the user</p>"}, "type": "desc"}]}, {"attributes": {"docFrom": "qx.ui.website.Widget", "line": 670, "overriddenFrom": "qx.ui.website.Widget", "name": "dispose"}, "type": "method"}, {"attributes": {"line": 315, "name": "getValue"}, "type": "method", "children": [{"attributes": {"text": "<p>Returns the currently selected date of the first\ncalendar widget in the collection.</p>"}, "type": "desc"}, {"attributes": {}, "type": "return", "children": [{"attributes": {"text": "<p>The collection for chaining.</p>"}, "type": "desc"}, {"attributes": {}, "type": "types", "children": [{"attributes": {"type": "qx.ui.website.Calendar"}, "type": "entry"}]}]}]}, {"attributes": {"docFrom": "qx.ui.website.Widget", "line": 243, "overriddenFrom": "qx.ui.website.Widget", "name": "init"}, "type": "method"}, {"attributes": {"docFrom": "qx.ui.website.Widget", "line": 259, "overriddenFrom": "qx.ui.website.Widget", "name": "render"}, "type": "method"}, {"attributes": {"line": 280, "name": "setValue"}, "type": "method", "children": [{"attributes": {}, "type": "params", "children": [{"attributes": {"name": "value"}, "type": "param", "children": [{"attributes": {"text": "<p>Date to display.</p>"}, "type": "desc"}, {"attributes": {}, "type": "types", "children": [{"attributes": {"type": "Date"}, "type": "entry"}]}]}]}, {"attributes": {"text": "<p>Sets the given date as the current value displays it</p>"}, "type": "desc"}, {"attributes": {}, "type": "return", "children": [{"attributes": {"text": "<p>The collection for chaining.</p>"}, "type": "desc"}, {"attributes": {}, "type": "types", "children": [{"attributes": {"type": "qx.ui.website.Calendar"}, "type": "entry"}]}]}]}, {"attributes": {"line": 327, "name": "showValue"}, "type": "method", "children": [{"attributes": {}, "type": "params", "children": [{"attributes": {"name": "value"}, "type": "param", "children": [{"attributes": {"text": "<p>Date to display.</p>"}, "type": "desc"}, {"attributes": {}, "type": "types", "children": [{"attributes": {"type": "Date"}, "type": "entry"}]}]}]}, {"attributes": {"text": "<p>Displays the given date</p>"}, "type": "desc"}, {"attributes": {}, "type": "return", "children": [{"attributes": {"text": "<p>The collection for chaining.</p>"}, "type": "desc"}, {"attributes": {}, "type": "types", "children": [{"attributes": {"type": "qx.ui.website.Calendar"}, "type": "entry"}]}]}]}]}]}