{"attributes": {"fullName": "qx.util.placement.AbstractAxis", "packageName": "qx.util.placement", "type": "bootstrap", "name": "AbstractAxis", "superClass": "Object"}, "type": "class", "children": [{"attributes": {"text": "<p>Abstract class to compute the position of an object on one axis.</p>"}, "type": "desc"}, {"attributes": {}, "type": "methods-static", "children": [{"attributes": {"access": "protected", "line": 99, "isStatic": true, "name": "_isInRange"}, "type": "method", "children": [{"attributes": {}, "type": "params", "children": [{"attributes": {"name": "start"}, "type": "param", "children": [{"attributes": {"text": "<p>Computed start position of the object</p>"}, "type": "desc"}, {"attributes": {}, "type": "types", "children": [{"attributes": {"type": "Integer"}, "type": "entry"}]}]}, {"attributes": {"name": "size"}, "type": "param", "children": [{"attributes": {"text": "<p>Size of the object</p>"}, "type": "desc"}, {"attributes": {}, "type": "types", "children": [{"attributes": {"type": "Integer"}, "type": "entry"}]}]}, {"attributes": {"name": "areaSize"}, "type": "param", "children": [{"attributes": {"text": "<p>The size of the axis</p>"}, "type": "desc"}, {"attributes": {}, "type": "types", "children": [{"attributes": {"type": "Integer"}, "type": "entry"}]}]}]}, {"attributes": {"text": "<p>Whether the object specified by <code>start</code> and <code>size</code>\nis completely inside of the axis&#8217; range..</p>"}, "type": "desc"}, {"attributes": {}, "type": "return", "children": [{"attributes": {"text": "<p>Whether the object is inside of the axis&#8217; range</p>"}, "type": "desc"}, {"attributes": {}, "type": "types", "children": [{"attributes": {"type": "Boolean"}, "type": "entry"}]}]}]}, {"attributes": {"access": "protected", "line": 68, "isStatic": true, "name": "_moveToEdgeAndAlign"}, "type": "method", "children": [{"attributes": {}, "type": "params", "children": [{"attributes": {"name": "size"}, "type": "param", "children": [{"attributes": {"text": "<p>Size of the object to align</p>"}, "type": "desc"}, {"attributes": {}, "type": "types", "children": [{"attributes": {"type": "Integer"}, "type": "entry"}]}]}, {"attributes": {"name": "target"}, "type": "param", "children": [{"attributes": {"text": "<p>Location of the object to align the object to. This map should have the keys <code>start</code> and <code>end</code>.</p>"}, "type": "desc"}, {"attributes": {}, "type": "types", "children": [{"attributes": {"type": "Map"}, "type": "entry"}]}]}, {"attributes": {"name": "offsets"}, "type": "param", "children": [{"attributes": {"text": "<p>Map with all offsets on each side. Comes with the keys <code>start</code> and <code>end</code>.</p>"}, "type": "desc"}, {"attributes": {}, "type": "types", "children": [{"attributes": {"type": "Map"}, "type": "entry"}]}]}, {"attributes": {"name": "position"}, "type": "param", "children": [{"attributes": {"text": "<p>Accepts the same values as the <code> position</code> argument of {@link #computeStart}.</p>"}, "type": "desc"}, {"attributes": {}, "type": "types", "children": [{"attributes": {"type": "String"}, "type": "entry"}]}]}]}, {"attributes": {"text": "<p>Computes the start of the object by taking only the attachment and\nalignment into account. The object by be not fully visible.</p>"}, "type": "desc"}, {"attributes": {}, "type": "return", "children": [{"attributes": {"text": "<p>The computed start position of the object.</p>"}, "type": "desc"}, {"attributes": {}, "type": "types", "children": [{"attributes": {"type": "Integer"}, "type": "entry"}]}]}]}, {"attributes": {"isAbstract": true, "line": 50, "isStatic": true, "name": "computeStart"}, "type": "method", "children": [{"attributes": {}, "type": "params", "children": [{"attributes": {"name": "size"}, "type": "param", "children": [{"attributes": {"text": "<p>Size of the object to align</p>"}, "type": "desc"}, {"attributes": {}, "type": "types", "children": [{"attributes": {"type": "Integer"}, "type": "entry"}]}]}, {"attributes": {"name": "target"}, "type": "param", "children": [{"attributes": {"text": "<p>Location of the object to align the object to. This map should have the keys <code>start</code> and <code>end</code>.</p>"}, "type": "desc"}, {"attributes": {}, "type": "types", "children": [{"attributes": {"type": "Map"}, "type": "entry"}]}]}, {"attributes": {"name": "offsets"}, "type": "param", "children": [{"attributes": {"text": "<p>Map with all offsets on each side. Comes with the keys <code>start</code> and <code>end</code>.</p>"}, "type": "desc"}, {"attributes": {}, "type": "types", "children": [{"attributes": {"type": "Map"}, "type": "entry"}]}]}, {"attributes": {"name": "areaSize"}, "type": "param", "children": [{"attributes": {"text": "<p>Size of the axis.</p>"}, "type": "desc"}, {"attributes": {}, "type": "types", "children": [{"attributes": {"type": "Integer"}, "type": "entry"}]}]}, {"attributes": {"name": "position"}, "type": "param", "children": [{"attributes": {"text": "<p>Alignment of the object on the target. Valid values are <ul> <li><code>edge-start</code> The object is placed before the target</li> <li><code>edge-end</code> The object is placed after the target</li> <li><code>align-start</code>The start of the object is aligned with the start of the target</li> <li><code>align-center</code>The center of the object is aligned with the center of the target</li> <li><code>align-end</code>The end of the object is aligned with the end of the object</li> </ul></p>"}, "type": "desc"}, {"attributes": {}, "type": "types", "children": [{"attributes": {"type": "String"}, "type": "entry"}]}]}]}, {"attributes": {"text": "<p>Computes the start of the object on the axis</p>"}, "type": "desc"}, {"attributes": {}, "type": "return", "children": [{"attributes": {"text": "<p>The computed start position of the object.</p>"}, "type": "desc"}, {"attributes": {}, "type": "types", "children": [{"attributes": {"type": "Integer"}, "type": "entry"}]}]}]}]}]}