{"attributes": {"fullName": "qx.util.Uri", "packageName": "qx.util", "isStatic": true, "type": "bootstrap", "name": "Uri"}, "type": "class", "children": [{"attributes": {"text": "<p>Static helpers for parsing and modifying URIs.</p>"}, "type": "desc"}, {"attributes": {}, "type": "methods-static", "children": [{"attributes": {"access": "private", "line": 150, "isStatic": true, "name": "__toParameterPair"}, "type": "method", "children": [{"attributes": {}, "type": "params", "children": [{"attributes": {"name": "key"}, "type": "param", "children": [{"attributes": {"text": "<p>Key.</p>"}, "type": "desc"}, {"attributes": {}, "type": "types", "children": [{"attributes": {"type": "String"}, "type": "entry"}]}]}, {"attributes": {"name": "value"}, "type": "param", "children": [{"attributes": {"text": "<p>Value.</p>"}, "type": "desc"}, {"attributes": {}, "type": "types", "children": [{"attributes": {"type": "String"}, "type": "entry"}]}]}, {"attributes": {"name": "parts"}, "type": "param", "children": [{"attributes": {"text": "<p>Array to push to.</p>"}, "type": "desc"}, {"attributes": {}, "type": "types", "children": [{"attributes": {"type": "Array"}, "type": "entry"}]}]}, {"attributes": {"name": "post"}, "type": "param", "children": [{"attributes": {"text": "<p>Whether spaces should be encoded with &#8221;+&#8221;.</p>"}, "type": "desc"}, {"attributes": {}, "type": "types", "children": [{"attributes": {"type": "Boolean"}, "type": "entry"}]}]}]}, {"attributes": {"text": "<p>Encodes key/value to <span class=\"caps\">URI</span> safe string and pushes to given array.</p>"}, "type": "desc"}]}, {"attributes": {"line": 80, "isStatic": true, "name": "appendParamsToUrl"}, "type": "method", "children": [{"attributes": {}, "type": "params", "children": [{"attributes": {"name": "url"}, "type": "param", "children": [{"attributes": {"text": "<p><span class=\"caps\">URL</span> to append string to.</p>"}, "type": "desc"}, {"attributes": {}, "type": "types", "children": [{"attributes": {"type": "String"}, "type": "entry"}]}]}, {"attributes": {"name": "params"}, "type": "param", "children": [{"attributes": {"text": "<p>Parameters to append to <span class=\"caps\">URL</span>.</p>"}, "type": "desc"}, {"attributes": {}, "type": "types", "children": [{"attributes": {"type": "String"}, "type": "entry"}]}]}]}, {"attributes": {"text": "<p>Append string to query part of <span class=\"caps\">URL</span>. Respects existing query.</p>"}, "type": "desc"}, {"attributes": {}, "type": "return", "children": [{"attributes": {"text": "<p><span class=\"caps\">URL</span> with string appended in query part.</p>"}, "type": "desc"}, {"attributes": {}, "type": "types", "children": [{"attributes": {"type": "String"}, "type": "entry"}]}]}]}, {"attributes": {"line": 167, "isStatic": true, "name": "getAbsolute"}, "type": "method", "children": [{"attributes": {}, "type": "params", "children": [{"attributes": {"name": "uri"}, "type": "param", "children": [{"attributes": {"text": "<p>relative <span class=\"caps\">URI</span></p>"}, "type": "desc"}, {"attributes": {}, "type": "types", "children": [{"attributes": {"type": "String"}, "type": "entry"}]}]}]}, {"attributes": {"text": "<p>Takes a relative <span class=\"caps\">URI</span> and returns an absolute one.</p>"}, "type": "desc"}, {"attributes": {}, "type": "return", "children": [{"attributes": {"text": "<p>absolute <span class=\"caps\">URI</span></p>"}, "type": "desc"}, {"attributes": {}, "type": "types", "children": [{"attributes": {"type": "String"}, "type": "entry"}]}]}]}, {"attributes": {"line": 41, "isStatic": true, "name": "parseUri"}, "type": "method", "children": [{"attributes": {}, "type": "params", "children": [{"attributes": {"name": "str"}, "type": "param", "children": [{"attributes": {"text": "<p>String to parse as <span class=\"caps\">URI</span></p>"}, "type": "desc"}, {"attributes": {}, "type": "types", "children": [{"attributes": {"type": "String"}, "type": "entry"}]}]}, {"attributes": {"name": "strict"}, "type": "param", "children": [{"attributes": {"text": "<p>Whether to parse strictly by the rules</p>"}, "type": "desc"}, {"attributes": {}, "type": "types", "children": [{"attributes": {"type": "Boolean"}, "type": "entry"}]}]}]}, {"attributes": {"text": "<p>Split <span class=\"caps\">URL</span></p>\n\n<p>Code taken from:\n  parseUri 1.2.2\n  (c) Steven Levithan \n  <span class=\"caps\">MIT</span> License</p>"}, "type": "desc"}, {"attributes": {}, "type": "return", "children": [{"attributes": {"text": "<p>Map with parts of <span class=\"caps\">URI</span> as properties</p>"}, "type": "desc"}, {"attributes": {}, "type": "types", "children": [{"attributes": {"type": "Object"}, "type": "entry"}]}]}]}, {"attributes": {"line": 120, "isStatic": true, "name": "toParameter"}, "type": "method", "children": [{"attributes": {}, "type": "params", "children": [{"attributes": {"name": "obj"}, "type": "param", "children": [{"attributes": {"text": "<p>Object to serialize.</p>"}, "type": "desc"}, {"attributes": {}, "type": "types", "children": [{"attributes": {"type": "Object"}, "type": "entry"}]}]}, {"attributes": {"name": "post"}, "type": "param", "children": [{"attributes": {"text": "<p>Whether spaces should be encoded with &#8221;+&#8221;.</p>"}, "type": "desc"}, {"attributes": {}, "type": "types", "children": [{"attributes": {"type": "Boolean"}, "type": "entry"}]}]}]}, {"attributes": {"text": "<p>Serializes an object to <span class=\"caps\">URI</span> parameters (also known as query string).</p>\n\n<p>Escapes characters that have a special meaning in URIs as well as\numlauts. Uses the global function encodeURIComponent, see\n<a href=\"https://developer.mozilla.org/en-US/docs/JavaScript/Reference/Global_Objects/encodeURIComponent\">https://developer.mozilla.org/en-US/docs/JavaScript/Reference/Global_Objects/encodeURIComponent</a></p>\n\n<p>Note: For <span class=\"caps\">URI</span> parameters that are to be sent as\napplication/x-www-form-urlencoded (POST), spaces should be encoded\nwith &#8221;+&#8221;.</p>"}, "type": "desc"}, {"attributes": {}, "type": "return", "children": [{"attributes": {"text": "<p>Serialized object. Safe to append to URIs or send as <span class=\"caps\">URL</span> encoded string.</p>"}, "type": "desc"}, {"attributes": {}, "type": "types", "children": [{"attributes": {"type": "String"}, "type": "entry"}]}]}]}]}]}