{"attributes": {"group": "Widget", "name": "Tabs", "packageName": "qx.ui.website", "superClass": "qx.ui.website.Widget", "childClasses": "qx.ui.website.Accordion", "fullName": "qx.ui.website.Tabs", "type": "bootstrap"}, "type": "class", "children": [{"attributes": {"text": "<p>A row of buttons used to switch between connected pages. The buttons can be\nright- or left-aligned, or they can be justified, i.e. they will be stretched\nto fill the available width.</p>\n\n<h2>Markup</h2>\nEach Tabs widget contains an unordered list element (<code>ul</code>), which\nwill be created if not already present.\nThe tabs are list items (<code>li</code>). Each tab can contain\na button with a <code>tabsPage</code> data attribute where the value is a\nCSS selector string identifying the corresponding page. Headers and pages\nwill not be created automatically. They can be predefined in the DOM before\nthe <code>q().tabs()</code> factory method is called, or added programmatically.\n\n<h2>CSS Classes</h2>\n<table>\n  <thead>\n    <tr>\n      <td>Class Name</td>\n      <td>Applied to</td>\n      <td>Description</td>\n    </tr>\n  </thead>\n  <tbody>\n    <tr>\n      <td><code>qx-tabs</code></td>\n      <td>Container element</td>\n      <td>Identifies the Tabs widget</td>\n    </tr>\n    <tr>\n      <td><code>qx-tabs-justify</code></td>\n      <td>Container element</td>\n      <td>Styles the tab buttons when they are stretched to fill out the available width</td>\n    </tr>\n    <tr>\n      <td><code>qx-tabs-right</code></td>\n      <td>Container element</td>\n      <td>Styles the tab buttons when they are right-aligned</td>\n    </tr>\n    <tr>\n      <td><code>qx-tabs-button</code></td>\n      <td>Tab (<code>li</code>)</td>\n      <td>Identifies and styles the tabs</td>\n    </tr>\n    <tr>\n      <td><code>qx-tabs-button-active</code></td>\n      <td>Tab (<code>li</code>)</td>\n      <td>Identifies and styles the currently selected tab. Applied in addition to <code>qx-tabs-button</code></td>\n    </tr>\n  </tbody>\n</table>\n\n<h2 class=\"widget-markup\">Generated DOM Structure</h2>"}, "type": "desc"}, {"attributes": {}, "type": "methods-static", "children": [{"attributes": {"line": 93, "isStatic": true, "name": "tabs"}, "type": "method", "children": [{"attributes": {}, "type": "params", "children": [{"attributes": {"optional": true, "name": "align"}, "type": "param", "children": [{"attributes": {"text": "<p>Tab button alignment. Default: <code>left</code></p>"}, "type": "desc"}, {"attributes": {}, "type": "types", "children": [{"attributes": {"type": "String"}, "type": "entry"}]}]}, {"attributes": {"optional": true, "name": "preselected"}, "type": "param", "children": [{"attributes": {"text": "<p>The (zero-based) index of the tab that should initially be selected. Default: <code>0</code></p>"}, "type": "desc"}, {"attributes": {}, "type": "types", "children": [{"attributes": {"type": "Integer"}, "type": "entry"}]}]}]}, {"attributes": {"text": "<p>Factory method which converts the current collection into a collection of\ntabs widgets.</p>"}, "type": "desc"}, {"attributes": {"targetMethod": "", "targetClass": "qxWeb", "sourceMethod": "tabs", "sourceClass": "qx.ui.website.Tabs"}, "type": "attach"}, {"attributes": {}, "type": "return", "children": [{"attributes": {"text": ""}, "type": "desc"}, {"attributes": {}, "type": "types", "children": [{"attributes": {"type": "qx.ui.website.Tabs"}, "type": "entry"}]}]}]}]}, {"attributes": {}, "type": "constants", "children": [{"attributes": {"access": "protected", "name": "_templates"}, "type": "constant", "children": [{"attributes": {"text": "<p><strong>button</strong></p>\n\n<p>Template used by {@link #addButton} to create a new button.</p>\n\n<p>Default value:</p>\n\n<pre><li><button>{{{content}}}</button></li></pre>"}, "type": "desc"}]}, {"attributes": {"access": "protected", "name": "_config"}, "type": "constant", "children": [{"attributes": {"text": "<p><strong>preselected</strong>\nThe index of the page that should be opened after initial\nrendering, or <code>null</code> if no page should be opened.</p>\n\n<p>Default value:</p>\n\n<pre>0</pre>\n\n<p><strong>align</strong></p>\n\n<p>Configuration for the alignment of the tab buttons. This possible\nvalues are <code>left</code>, <code>justify</code> and\n<code>right</code></p>\n\n<p>Default value:</p>\n\n<pre>left</pre>"}, "type": "desc"}]}]}, {"attributes": {}, "type": "constructor", "children": [{"attributes": {"docFrom": "qxWeb", "line": 144, "isCtor": true, "overriddenFrom": "qx.ui.website.Widget", "name": "ctor"}, "type": "method", "children": [{"attributes": {}, "type": "params", "children": [{"attributes": {"name": "selector"}, "type": "param"}, {"attributes": {"name": "context"}, "type": "param"}]}]}]}, {"attributes": {}, "type": "events", "children": [{"attributes": {"name": "changeSelected"}, "type": "event", "children": [{"attributes": {"text": "<p>Fired when the selected page has changed. The value is\nthe newly selected page&#8217;s index</p>"}, "type": "desc"}, {"attributes": {}, "type": "types", "children": [{"attributes": {"type": "Number"}, "type": "entry"}]}]}]}, {"attributes": {}, "type": "methods", "children": [{"attributes": {"access": "protected", "line": 471, "name": "_getPage"}, "type": "method", "children": [{"attributes": {}, "type": "params", "children": [{"attributes": {"name": "button"}, "type": "param", "children": [{"attributes": {"text": "<p>Tab button</p>"}, "type": "desc"}, {"attributes": {}, "type": "types", "children": [{"attributes": {"type": "qxWeb"}, "type": "entry"}]}]}]}, {"attributes": {"text": "<p>Returns the tab page associated with the given button</p>"}, "type": "desc"}, {"attributes": {}, "type": "return", "children": [{"attributes": {"text": "<p>Tab page</p>"}, "type": "desc"}, {"attributes": {}, "type": "types", "children": [{"attributes": {"type": "qxWeb"}, "type": "entry"}]}]}]}, {"attributes": {"access": "protected", "line": 396, "name": "_onKeyDown"}, "type": "method", "children": [{"attributes": {}, "type": "params", "children": [{"attributes": {"name": "e"}, "type": "param", "children": [{"attributes": {"text": "<p>keydown event</p>"}, "type": "desc"}, {"attributes": {}, "type": "types", "children": [{"attributes": {"type": "Event"}, "type": "entry"}]}]}]}, {"attributes": {"text": "<p>Allows tab selection using the left and right arrow keys</p>"}, "type": "desc"}]}, {"attributes": {"access": "protected", "line": 360, "name": "_onTap"}, "type": "method", "children": [{"attributes": {}, "type": "params", "children": [{"attributes": {"name": "e"}, "type": "param", "children": [{"attributes": {"text": "<p>Tap event</p>"}, "type": "desc"}, {"attributes": {}, "type": "types", "children": [{"attributes": {"type": "Event"}, "type": "entry"}]}]}]}, {"attributes": {"text": "<p>Initiates the page switch when a button was clicked/tapped</p>"}, "type": "desc"}]}, {"attributes": {"access": "protected", "line": 437, "name": "_showPage"}, "type": "method", "children": [{"attributes": {}, "type": "params", "children": [{"attributes": {"name": "newButton"}, "type": "param", "children": [{"attributes": {"text": "<p>selected button</p>"}, "type": "desc"}, {"attributes": {}, "type": "types", "children": [{"attributes": {"type": "qxWeb"}, "type": "entry"}]}]}, {"attributes": {"name": "oldButton"}, "type": "param", "children": [{"attributes": {"text": "<p>previously active button</p>"}, "type": "desc"}, {"attributes": {}, "type": "types", "children": [{"attributes": {"type": "qxWeb"}, "type": "entry"}]}]}]}, {"attributes": {"text": "<p>Initiates the page switch if a tab button is selected</p>"}, "type": "desc"}]}, {"attributes": {"access": "protected", "line": 454, "name": "_switchPages"}, "type": "method", "children": [{"attributes": {}, "type": "params", "children": [{"attributes": {"name": "oldPage"}, "type": "param", "children": [{"attributes": {"text": "<p>the previously selected page</p>"}, "type": "desc"}, {"attributes": {}, "type": "types", "children": [{"attributes": {"type": "qxWeb"}, "type": "entry"}]}]}, {"attributes": {"name": "newPage"}, "type": "param", "children": [{"attributes": {"text": "<p>the newly selected page</p>"}, "type": "desc"}, {"attributes": {}, "type": "types", "children": [{"attributes": {"type": "qxWeb"}, "type": "entry"}]}]}]}, {"attributes": {"text": "<p>Executes a page switch</p>"}, "type": "desc"}]}, {"attributes": {"line": 292, "name": "addButton"}, "type": "method", "children": [{"attributes": {}, "type": "params", "children": [{"attributes": {"name": "label"}, "type": "param", "children": [{"attributes": {"text": "<p>The button&#8217;s content. Can include markup.</p>"}, "type": "desc"}, {"attributes": {}, "type": "types", "children": [{"attributes": {"type": "String"}, "type": "entry"}]}]}, {"attributes": {"name": "pageSelector"}, "type": "param", "children": [{"attributes": {"text": "<p><span class=\"caps\">CSS</span> Selector that identifies the associated page</p>"}, "type": "desc"}, {"attributes": {}, "type": "types", "children": [{"attributes": {"type": "String"}, "type": "entry"}]}]}]}, {"attributes": {"text": "<p>Adds a new tab button</p>"}, "type": "desc"}, {"attributes": {}, "type": "return", "children": [{"attributes": {"text": "<p>The collection for chaining</p>"}, "type": "desc"}, {"attributes": {}, "type": "types", "children": [{"attributes": {"type": "qx.ui.website.Tabs"}, "type": "entry"}]}]}]}, {"attributes": {"docFrom": "qx.ui.website.Widget", "line": 480, "overriddenFrom": "qx.ui.website.Widget", "name": "dispose"}, "type": "method"}, {"attributes": {"docFrom": "qx.ui.website.Widget", "line": 160, "overriddenFrom": "qx.ui.website.Widget", "name": "init"}, "type": "method"}, {"attributes": {"docFrom": "qx.ui.website.Widget", "line": 232, "overriddenFrom": "qx.ui.website.Widget", "name": "render"}, "type": "method"}, {"attributes": {"line": 338, "name": "select"}, "type": "method", "children": [{"attributes": {}, "type": "params", "children": [{"attributes": {"name": "index"}, "type": "param", "children": [{"attributes": {"text": "<p>index of the button to select</p>"}, "type": "desc"}, {"attributes": {}, "type": "types", "children": [{"attributes": {"type": "Integer"}, "type": "entry"}]}]}]}, {"attributes": {"text": "<p>Selects a tab button</p>"}, "type": "desc"}, {"attributes": {}, "type": "return", "children": [{"attributes": {"text": "<p>The collection for chaining</p>"}, "type": "desc"}, {"attributes": {}, "type": "types", "children": [{"attributes": {"type": "qx.ui.website.Tabs"}, "type": "entry"}]}]}]}]}]}