{"attributes": {"fullName": "qx.util.DisposeUtil", "packageName": "qx.util", "isStatic": true, "type": "class", "name": "DisposeUtil"}, "type": "class", "children": [{"attributes": {"text": "<p>Methods to cleanup fields from maps/objects.</p>"}, "type": "desc"}, {"attributes": {}, "type": "methods-static", "children": [{"attributes": {"access": "private", "line": 238, "isStatic": true, "name": "__isChildrenContainer"}, "type": "method", "children": [{"attributes": {}, "type": "params", "children": [{"attributes": {"name": "obj"}, "type": "param", "children": [{"attributes": {"text": "<p>The object to check</p>"}, "type": "desc"}, {"attributes": {}, "type": "types", "children": [{"attributes": {"type": "Object"}, "type": "entry"}]}]}]}, {"attributes": {"text": "<p>Checks if the given object is a qx container widget</p>"}, "type": "desc"}, {"attributes": {}, "type": "return", "children": [{"attributes": {"text": "<code>true</code> if the object is a container for child widgets"}, "type": "desc"}, {"attributes": {}, "type": "types", "children": [{"attributes": {"type": "Boolean"}, "type": "entry"}]}]}]}, {"attributes": {"access": "protected", "line": 215, "isStatic": true, "name": "_collectContainerChildren"}, "type": "method", "children": [{"attributes": {}, "type": "params", "children": [{"attributes": {"name": "container"}, "type": "param", "children": [{"attributes": {"text": "<p>Container to be destroyed</p>"}, "type": "desc"}, {"attributes": {}, "type": "types", "children": [{"attributes": {"type": "qx.ui.container.Composite"}, "type": "entry"}, {"attributes": {"type": "qx.ui.container.Scroll"}, "type": "entry"}, {"attributes": {"type": "qx.ui.container.SlideBar"}, "type": "entry"}, {"attributes": {"type": "qx.ui.container.Stack"}, "type": "entry"}]}]}, {"attributes": {"name": "arr"}, "type": "param", "children": [{"attributes": {"text": "<p>Array wich holds all children widgets</p>"}, "type": "desc"}, {"attributes": {}, "type": "types", "children": [{"attributes": {"type": "Array"}, "type": "entry"}]}]}]}, {"attributes": {"text": "<p>Helper function to collect all children widgets of an container recursivly.</p>"}, "type": "desc"}]}, {"attributes": {"line": 182, "isStatic": true, "name": "destroyContainer"}, "type": "method", "children": [{"attributes": {}, "type": "params", "children": [{"attributes": {"name": "container"}, "type": "param", "children": [{"attributes": {"text": "<p>Container to be destroyed</p>"}, "type": "desc"}, {"attributes": {}, "type": "types", "children": [{"attributes": {"type": "qx.ui.container.Composite"}, "type": "entry"}, {"attributes": {"type": "qx.ui.container.Scroll"}, "type": "entry"}, {"attributes": {"type": "qx.ui.container.SlideBar"}, "type": "entry"}, {"attributes": {"type": "qx.ui.container.Stack"}, "type": "entry"}]}]}]}, {"attributes": {"text": "<p>Destroys a container and all of its children recursivly.</p>"}, "type": "desc"}]}, {"attributes": {"line": 81, "isStatic": true, "name": "disposeArray"}, "type": "method", "children": [{"attributes": {}, "type": "params", "children": [{"attributes": {"name": "obj"}, "type": "param", "children": [{"attributes": {"text": "<p>Object which contains the field</p>"}, "type": "desc"}, {"attributes": {}, "type": "types", "children": [{"attributes": {"type": "Object"}, "type": "entry"}]}]}, {"attributes": {"name": "field"}, "type": "param", "children": [{"attributes": {"text": "<p>Name of the field which refers to the array</p>"}, "type": "desc"}, {"attributes": {}, "type": "types", "children": [{"attributes": {"type": "String"}, "type": "entry"}]}]}]}, {"attributes": {"text": "<p>Disposes all members of the given array and deletes\nthe field which refers to the array afterwards.</p>"}, "type": "desc"}]}, {"attributes": {"line": 126, "isStatic": true, "name": "disposeMap"}, "type": "method", "children": [{"attributes": {}, "type": "params", "children": [{"attributes": {"name": "obj"}, "type": "param", "children": [{"attributes": {"text": "<p>Object which contains the field</p>"}, "type": "desc"}, {"attributes": {}, "type": "types", "children": [{"attributes": {"type": "Object"}, "type": "entry"}]}]}, {"attributes": {"name": "field"}, "type": "param", "children": [{"attributes": {"text": "<p>Name of the field which refers to the array</p>"}, "type": "desc"}, {"attributes": {}, "type": "types", "children": [{"attributes": {"type": "String"}, "type": "entry"}]}]}]}, {"attributes": {"text": "<p>Disposes all members of the given map and deletes\nthe field which refers to the map afterwards.</p>"}, "type": "desc"}]}, {"attributes": {"line": 45, "isStatic": true, "name": "disposeObjects"}, "type": "method", "children": [{"attributes": {}, "type": "params", "children": [{"attributes": {"name": "obj"}, "type": "param", "children": [{"attributes": {"text": "<p>Object which contains the fields</p>"}, "type": "desc"}, {"attributes": {}, "type": "types", "children": [{"attributes": {"type": "Object"}, "type": "entry"}]}]}, {"attributes": {"name": "arr"}, "type": "param", "children": [{"attributes": {"text": "<p>List of fields (which store objects) to dispose</p>"}, "type": "desc"}, {"attributes": {}, "type": "types", "children": [{"attributes": {"type": "Array"}, "type": "entry"}]}]}, {"attributes": {"optional": true, "name": "disposeSingletons"}, "type": "param", "children": [{"attributes": {"text": "<p>true, if singletons should be disposed</p>"}, "type": "desc"}, {"attributes": {}, "type": "types", "children": [{"attributes": {"type": "Boolean"}, "type": "entry"}]}]}]}, {"attributes": {"text": "<p>Disconnects and disposes given objects from instance.\nOnly works with qx.core.Object based objects e.g. Widgets.</p>"}, "type": "desc"}]}, {"attributes": {"line": 167, "isStatic": true, "name": "disposeTriggeredBy"}, "type": "method", "children": [{"attributes": {}, "type": "params", "children": [{"attributes": {"name": "disposeMe"}, "type": "param", "children": [{"attributes": {"text": "<p>Object to dispose when other object is disposed</p>"}, "type": "desc"}, {"attributes": {}, "type": "types", "children": [{"attributes": {"type": "Object"}, "type": "entry"}]}]}, {"attributes": {"name": "trigger"}, "type": "param", "children": [{"attributes": {"text": "<p>Other object</p>"}, "type": "desc"}, {"attributes": {}, "type": "types", "children": [{"attributes": {"type": "Object"}, "type": "entry"}]}]}]}, {"attributes": {"text": "<p>Disposes a given object when another object is disposed</p>"}, "type": "desc"}]}]}]}