{"attributes": {"group": "Widget", "name": "Button", "packageName": "qx.ui.website", "superClass": "qx.ui.website.Widget", "fullName": "qx.ui.website.Button", "type": "bootstrap"}, "type": "class", "children": [{"attributes": {"text": "<p>This is a simple button widget which takes care of setting the label\nand icon of a button.</p>\n\n<h2>Markup</h2>\nThe Button can contain a <code>span</code> element for the label and/or\nan <code>img</code> element for the icon.\n\n<h2>CSS Classes</h2>\n<table>\n  <thead>\n    <tr>\n      <td>Class Name</td>\n      <td>Applied to</td>\n      <td>Description</td>\n    </tr>\n  </thead>\n  <tbody>\n    <tr>\n      <td><code>qx-button</code></td>\n      <td>Container element</td>\n      <td>Identifies the Button widget</td>\n    </tr>\n  </tbody>\n</table>\n\n<h2 class=\"widget-markup\">Generated DOM Structure</h2>"}, "type": "desc"}, {"attributes": {}, "type": "methods-static", "children": [{"attributes": {"line": 64, "isStatic": true, "name": "button"}, "type": "method", "children": [{"attributes": {}, "type": "params", "children": [{"attributes": {"optional": true, "name": "label"}, "type": "param", "children": [{"attributes": {"text": "<p>The label of the button.</p>"}, "type": "desc"}, {"attributes": {}, "type": "types", "children": [{"attributes": {"type": "String"}, "type": "entry"}]}]}, {"attributes": {"optional": true, "name": "icon"}, "type": "param", "children": [{"attributes": {"text": "<p>The url for the button icon.</p>"}, "type": "desc"}, {"attributes": {}, "type": "types", "children": [{"attributes": {"type": "String"}, "type": "entry"}]}]}]}, {"attributes": {"text": "<p>Factory method for the button widget which converts a standard\ncollection into a collection of buttons.</p>"}, "type": "desc"}, {"attributes": {}, "type": "return", "children": [{"attributes": {"text": "<p>A collection of buttons.</p>"}, "type": "desc"}, {"attributes": {}, "type": "types", "children": [{"attributes": {"type": "qx.ui.website.Button"}, "type": "entry"}]}]}, {"attributes": {"targetMethod": "", "targetClass": "qxWeb", "sourceMethod": "button", "sourceClass": "qx.ui.website.Button"}, "type": "attach"}]}]}, {"attributes": {}, "type": "constructor", "children": [{"attributes": {"docFrom": "qxWeb", "line": 79, "isCtor": true, "overriddenFrom": "qx.ui.website.Widget", "name": "ctor"}, "type": "method", "children": [{"attributes": {}, "type": "params", "children": [{"attributes": {"name": "selector"}, "type": "param"}, {"attributes": {"name": "context"}, "type": "param"}]}]}]}, {"attributes": {}, "type": "methods", "children": [{"attributes": {"line": 147, "name": "getIcon"}, "type": "method", "children": [{"attributes": {"text": "<p>Returns the <span class=\"caps\">URI</span> of the button&#8217;s icon</p>"}, "type": "desc"}, {"attributes": {}, "type": "return", "children": [{"attributes": {"text": "<p>Icon image <span class=\"caps\">URI</span></p>"}, "type": "desc"}, {"attributes": {}, "type": "types", "children": [{"attributes": {"type": "String"}, "type": "entry"}, {"attributes": {"type": "null"}, "type": "entry"}]}]}]}, {"attributes": {"line": 122, "name": "getLabel"}, "type": "method", "children": [{"attributes": {"text": "<p>Returns the button&#8217;s label text</p>"}, "type": "desc"}, {"attributes": {}, "type": "return", "children": [{"attributes": {"text": "<p>label text</p>"}, "type": "desc"}, {"attributes": {}, "type": "types", "children": [{"attributes": {"type": "String"}, "type": "entry"}]}]}]}, {"attributes": {"docFrom": "qx.ui.website.Widget", "line": 86, "overriddenFrom": "qx.ui.website.Widget", "name": "init"}, "type": "method"}, {"attributes": {"line": 133, "name": "setIcon"}, "type": "method", "children": [{"attributes": {}, "type": "params", "children": [{"attributes": {"name": "src"}, "type": "param", "children": [{"attributes": {"text": "<p>source <span class=\"caps\">URI</span> for the icon</p>"}, "type": "desc"}, {"attributes": {}, "type": "types", "children": [{"attributes": {"type": "String"}, "type": "entry"}]}]}]}, {"attributes": {"text": "<p>Sets the source of the button&#8217;s icon</p>"}, "type": "desc"}, {"attributes": {}, "type": "return", "children": [{"attributes": {"text": "<p>The collection for chaining</p>"}, "type": "desc"}, {"attributes": {}, "type": "types", "children": [{"attributes": {"type": "qxWeb"}, "type": "entry"}]}]}]}, {"attributes": {"line": 111, "name": "setLabel"}, "type": "method", "children": [{"attributes": {}, "type": "params", "children": [{"attributes": {"name": "value"}, "type": "param", "children": [{"attributes": {"text": "<p>label text</p>"}, "type": "desc"}, {"attributes": {}, "type": "types", "children": [{"attributes": {"type": "String"}, "type": "entry"}]}]}]}, {"attributes": {"text": "<p>Sets the button&#8217;s label text</p>"}, "type": "desc"}, {"attributes": {}, "type": "return", "children": [{"attributes": {"text": "<p>The collection for chaining</p>"}, "type": "desc"}, {"attributes": {}, "type": "types", "children": [{"attributes": {"type": "qxWeb"}, "type": "entry"}]}]}]}, {"attributes": {"line": 158, "name": "setMenu"}, "type": "method", "children": [{"attributes": {}, "type": "params", "children": [{"attributes": {"name": "menu"}, "type": "param", "children": [{"attributes": {"text": "<p>menu element wrapped in a collection</p>"}, "type": "desc"}, {"attributes": {}, "type": "types", "children": [{"attributes": {"type": "qxWeb"}, "type": "entry"}]}]}]}, {"attributes": {"text": "<p>Sets the menu to be shown when the button is clicked or tapped</p>"}, "type": "desc"}, {"attributes": {}, "type": "return", "children": [{"attributes": {"text": "<p>The collection for chaining</p>"}, "type": "desc"}, {"attributes": {}, "type": "types", "children": [{"attributes": {"type": "qxWeb"}, "type": "entry"}]}]}]}]}]}