{"attributes": {"group": "Widget", "name": "Table", "packageName": "qx.ui.website", "superClass": "qx.ui.website.Widget", "fullName": "qx.ui.website.Table", "type": "bootstrap"}, "type": "class", "children": [{"attributes": {"text": "<p>This is a widget that enhances an <span class=\"caps\">HTML</span> table with some basic features like\nSorting.</p>\n\n<p><span class=\"caps\">EXPERIMENTAL</span> &#8211; <span class=\"caps\">NOT</span> <span class=\"caps\">READY</span> <span class=\"caps\">FOR</span> <span class=\"caps\">PRODUCTION</span></p>"}, "type": "desc"}, {"attributes": {}, "type": "constructor", "children": [{"attributes": {"docFrom": "qxWeb", "line": 36, "isCtor": true, "overriddenFrom": "qx.ui.website.Widget", "name": "ctor"}, "type": "method", "children": [{"attributes": {}, "type": "params", "children": [{"attributes": {"name": "selector"}, "type": "param"}, {"attributes": {"name": "context"}, "type": "param"}]}]}]}, {"attributes": {}, "type": "events", "children": [{"attributes": {"name": "cellClicked"}, "type": "event", "children": [{"attributes": {"text": "<p>Fires each time a cell of the widget is clicked</p>"}, "type": "desc"}, {"attributes": {}, "type": "types", "children": [{"attributes": {"type": "Object"}, "type": "entry"}]}]}, {"attributes": {"name": "cellRender"}, "type": "event", "children": [{"attributes": {"text": "<p>Fires each time the value of a cell is rendered into the cell</p>"}, "type": "desc"}, {"attributes": {}, "type": "types", "children": [{"attributes": {"type": "Object"}, "type": "entry"}]}]}, {"attributes": {"name": "modelApplied"}, "type": "event", "children": [{"attributes": {"text": "<p>Fires after the model has been applied to the widget</p>"}, "type": "desc"}, {"attributes": {}, "type": "types", "children": [{"attributes": {"type": "Array"}, "type": "entry"}]}]}, {"attributes": {"name": "modelChanged"}, "type": "event", "children": [{"attributes": {"text": "<p>Fires at each model change</p>"}, "type": "desc"}, {"attributes": {}, "type": "types", "children": [{"attributes": {"type": "Array"}, "type": "entry"}]}]}, {"attributes": {"name": "selectionChanged"}, "type": "event", "children": [{"attributes": {"text": "<p>Fires at each selection change</p>"}, "type": "desc"}, {"attributes": {}, "type": "types", "children": [{"attributes": {"type": "qxWeb"}, "type": "entry"}]}]}]}, {"attributes": {}, "type": "constants", "children": [{"attributes": {"access": "private", "type": "String", "name": "__internalCellClass", "value": "qx-table-cell"}, "type": "constant", "children": [{"attributes": {"text": ""}, "type": "desc"}]}, {"attributes": {"access": "protected", "name": "_config"}, "type": "constant"}, {"attributes": {"access": "private", "type": "String", "name": "__internalHeaderClass", "value": "qx-table-header"}, "type": "constant"}, {"attributes": {"access": "private", "type": "String", "name": "__internalSelectionClass", "value": "qx-row-selection-class"}, "type": "constant", "children": [{"attributes": {"text": ""}, "type": "desc"}]}, {"attributes": {"access": "private", "type": "String", "name": "__internalInputClass", "value": "qx-selection-input"}, "type": "constant", "children": [{"attributes": {"text": ""}, "type": "desc"}]}, {"attributes": {"access": "private", "type": "Array", "name": "__selectionTypes", "value": "[\"single\",\"multiple\",\"none\"]"}, "type": "constant", "children": [{"attributes": {"text": ""}, "type": "desc"}]}]}, {"attributes": {}, "type": "methods-static", "children": [{"attributes": {"access": "private", "line": 101, "isStatic": true, "name": "__getIndex"}, "type": "method", "children": [{"attributes": {}, "type": "params", "children": [{"attributes": {"name": "htmlCollection"}, "type": "param", "children": [{"attributes": {"text": "<p>The HTMLCollection</p>"}, "type": "desc"}, {"attributes": {}, "type": "types", "children": [{"attributes": {"type": "HTMLCollection"}, "type": "entry"}]}]}, {"attributes": {"name": "htmlElement"}, "type": "param", "children": [{"attributes": {"text": "<p>The HTMLElement</p>"}, "type": "desc"}, {"attributes": {}, "type": "types", "children": [{"attributes": {"type": "HTMLElement"}, "type": "entry"}]}]}]}, {"attributes": {"text": "<p>Gets the index of an HTMLElement inside of an HTMLCollection</p>"}, "type": "desc"}, {"attributes": {}, "type": "return", "children": [{"attributes": {"text": "<p>The position of the htmlElement or -1</p>"}, "type": "desc"}, {"attributes": {}, "type": "types", "children": [{"attributes": {"type": "Integer"}, "type": "entry"}]}]}]}, {"attributes": {"access": "private", "line": 116, "isStatic": true, "name": "__getUID"}, "type": "method", "children": [{"attributes": {"text": "<p>Generates an unique id</p>"}, "type": "desc"}, {"attributes": {}, "type": "return", "children": [{"attributes": {"text": "<p>The generated id</p>"}, "type": "desc"}, {"attributes": {}, "type": "types", "children": [{"attributes": {"type": "String"}, "type": "entry"}]}]}]}, {"attributes": {"access": "private", "line": 90, "isStatic": true, "name": "__isDate"}, "type": "method", "children": [{"attributes": {}, "type": "params", "children": [{"attributes": {"name": "val"}, "type": "param", "children": [{"attributes": {"text": "<p>The String to check the type for</p>"}, "type": "desc"}, {"attributes": {}, "type": "types", "children": [{"attributes": {"type": "String"}, "type": "entry"}]}]}]}, {"attributes": {"text": "<p>Checks if a given string is a Date</p>"}, "type": "desc"}, {"attributes": {}, "type": "return", "children": [{"attributes": {"text": "<p>The result of the check</p>"}, "type": "desc"}, {"attributes": {}, "type": "types", "children": [{"attributes": {"type": "Boolean"}, "type": "entry"}]}]}]}, {"attributes": {"access": "private", "line": 80, "isStatic": true, "name": "__isNumber"}, "type": "method", "children": [{"attributes": {}, "type": "params", "children": [{"attributes": {"name": "n"}, "type": "param", "children": [{"attributes": {"text": "<p>The String to check the type for</p>"}, "type": "desc"}, {"attributes": {}, "type": "types", "children": [{"attributes": {"type": "String"}, "type": "entry"}]}]}]}, {"attributes": {"text": "<p>Checks if a given string is a number</p>"}, "type": "desc"}, {"attributes": {}, "type": "return", "children": [{"attributes": {"text": "<p>The result of the check</p>"}, "type": "desc"}, {"attributes": {}, "type": "types", "children": [{"attributes": {"type": "Boolean"}, "type": "entry"}]}]}]}, {"attributes": {"line": 69, "isStatic": true, "name": "table"}, "type": "method", "children": [{"attributes": {}, "type": "params", "children": [{"attributes": {"name": "model"}, "type": "param", "children": [{"attributes": {"text": "<p>The model of the widgets in the collection</p>"}, "type": "desc"}, {"attributes": {}, "type": "types", "children": [{"attributes": {"type": "Array"}, "type": "entry"}]}]}]}, {"attributes": {"text": "<p>Factory method which converts the current collection into a collection of\ntable widgets.</p>"}, "type": "desc"}, {"attributes": {}, "type": "return", "children": [{"attributes": {"text": "<p>A new table collection.</p>"}, "type": "desc"}, {"attributes": {}, "type": "types", "children": [{"attributes": {"type": "qx.ui.website.Table"}, "type": "entry"}]}]}, {"attributes": {"targetMethod": "", "targetClass": "qxWeb", "sourceMethod": "table", "sourceClass": "qx.ui.website.Table"}, "type": "attach"}]}]}, {"attributes": {}, "type": "methods", "children": [{"attributes": {"access": "private", "line": 524, "name": "__addClassToHeaderAndFooter"}, "type": "method", "children": [{"attributes": {}, "type": "params", "children": [{"attributes": {"name": "footOrHead"}, "type": "param", "children": [{"attributes": {"text": "<p>Html element representing the header or footer of the table</p>"}, "type": "desc"}, {"attributes": {}, "type": "types", "children": [{"attributes": {"type": "HTMLElement"}, "type": "entry"}]}]}]}, {"attributes": {"text": "<p>Adds the internal css class to the header and footer cells</p>"}, "type": "desc"}, {"attributes": {}, "type": "return", "children": [{"attributes": {"text": "<code>this</code> reference for chaining."}, "type": "desc"}, {"attributes": {}, "type": "types", "children": [{"attributes": {"type": "qx.ui.website.Table"}, "type": "entry"}]}]}]}, {"attributes": {"access": "private", "line": 825, "name": "__addSortingClassToCol"}, "type": "method", "children": [{"attributes": {}, "type": "params", "children": [{"attributes": {"name": "HeaderOrFooter"}, "type": "param", "children": [{"attributes": {"text": "<p>The n</p>"}, "type": "desc"}, {"attributes": {}, "type": "types", "children": [{"attributes": {"type": "Node"}, "type": "entry"}]}]}, {"attributes": {"name": "columnName"}, "type": "param", "children": [{"attributes": {"text": "<p>The name of the sorted column</p>"}, "type": "desc"}, {"attributes": {}, "type": "types", "children": [{"attributes": {"type": "String"}, "type": "entry"}]}]}, {"attributes": {"name": "dir"}, "type": "param", "children": [{"attributes": {"text": "<p>The sorting direction</p>"}, "type": "desc"}, {"attributes": {}, "type": "types", "children": [{"attributes": {"type": "String"}, "type": "entry"}]}]}]}, {"attributes": {"text": "<p>Adds a class to the head or footer of the current sorted column</p>"}, "type": "desc"}]}, {"attributes": {"access": "private", "line": 680, "name": "__applyTemplate"}, "type": "method", "children": [{"attributes": {}, "type": "params", "children": [{"attributes": {"name": "model"}, "type": "param", "children": [{"attributes": {"text": "<p>The model to apply</p>"}, "type": "desc"}, {"attributes": {}, "type": "types", "children": [{"attributes": {"type": "Array"}, "type": "entry"}]}]}]}, {"attributes": {"text": "<p>Applies the given model to the table cells depending on\nthe mustache template specified before</p>"}, "type": "desc"}, {"attributes": {}, "type": "return", "children": [{"attributes": {"text": "<code>this</code> reference for chaining."}, "type": "desc"}, {"attributes": {}, "type": "types", "children": [{"attributes": {"type": "qx.ui.website.Table"}, "type": "entry"}]}]}]}, {"attributes": {"access": "private", "line": 443, "name": "__checkColumnExistance"}, "type": "method", "children": [{"attributes": {}, "type": "params", "children": [{"attributes": {"name": "columnName"}, "type": "param", "children": [{"attributes": {"text": "<p>The name of the column to check</p>"}, "type": "desc"}, {"attributes": {}, "type": "types", "children": [{"attributes": {"type": "String"}, "type": "entry"}]}]}]}, {"attributes": {"text": "<p>Checks if a column with the specified name exists</p>"}, "type": "desc"}]}, {"attributes": {"access": "private", "line": 893, "name": "__compareDate"}, "type": "method", "children": [{"attributes": {}, "type": "params", "children": [{"attributes": {"name": "x"}, "type": "param", "children": [{"attributes": {"text": "<p>The String value of the first date to compare</p>"}, "type": "desc"}, {"attributes": {}, "type": "types", "children": [{"attributes": {"type": "String"}, "type": "entry"}]}]}, {"attributes": {"name": "y"}, "type": "param", "children": [{"attributes": {"text": "<p>The String value of the second date to compare</p>"}, "type": "desc"}, {"attributes": {}, "type": "types", "children": [{"attributes": {"type": "String"}, "type": "entry"}]}]}, {"attributes": {"name": "direction"}, "type": "param", "children": [{"attributes": {"text": "<p>The sorting direction</p>"}, "type": "desc"}, {"attributes": {}, "type": "types", "children": [{"attributes": {"type": "String"}, "type": "entry"}]}]}]}, {"attributes": {"text": "<p>Compares two Dates</p>"}, "type": "desc"}, {"attributes": {}, "type": "return", "children": [{"attributes": {"text": "<p>The result of the comparison</p>"}, "type": "desc"}, {"attributes": {}, "type": "types", "children": [{"attributes": {"type": "Integer"}, "type": "entry"}]}]}]}, {"attributes": {"access": "private", "line": 864, "name": "__compareNumber"}, "type": "method", "children": [{"attributes": {}, "type": "params", "children": [{"attributes": {"name": "x"}, "type": "param", "children": [{"attributes": {"text": "<p>The String value of the first number to compare</p>"}, "type": "desc"}, {"attributes": {}, "type": "types", "children": [{"attributes": {"type": "String"}, "type": "entry"}]}]}, {"attributes": {"name": "y"}, "type": "param", "children": [{"attributes": {"text": "<p>The String value of the second number to compare</p>"}, "type": "desc"}, {"attributes": {}, "type": "types", "children": [{"attributes": {"type": "String"}, "type": "entry"}]}]}, {"attributes": {"name": "direction"}, "type": "param", "children": [{"attributes": {"text": "<p>The sorting direction</p>"}, "type": "desc"}, {"attributes": {}, "type": "types", "children": [{"attributes": {"type": "String"}, "type": "entry"}]}]}]}, {"attributes": {"text": "<p>Compares two number</p>"}, "type": "desc"}, {"attributes": {}, "type": "return", "children": [{"attributes": {"text": "<p>The result of the comparison</p>"}, "type": "desc"}, {"attributes": {}, "type": "types", "children": [{"attributes": {"type": "Integer"}, "type": "entry"}]}]}]}, {"attributes": {"access": "private", "line": 907, "name": "__compareString"}, "type": "method", "children": [{"attributes": {}, "type": "params", "children": [{"attributes": {"name": "x"}, "type": "param", "children": [{"attributes": {"text": "<p>The first string to compare</p>"}, "type": "desc"}, {"attributes": {}, "type": "types", "children": [{"attributes": {"type": "String"}, "type": "entry"}]}]}, {"attributes": {"name": "y"}, "type": "param", "children": [{"attributes": {"text": "<p>The second string to compare</p>"}, "type": "desc"}, {"attributes": {}, "type": "types", "children": [{"attributes": {"type": "String"}, "type": "entry"}]}]}, {"attributes": {"name": "direction"}, "type": "param", "children": [{"attributes": {"text": "<p>The sorting direction</p>"}, "type": "desc"}, {"attributes": {}, "type": "types", "children": [{"attributes": {"type": "String"}, "type": "entry"}]}]}]}, {"attributes": {"text": "<p>Compares two Strings</p>"}, "type": "desc"}, {"attributes": {}, "type": "return", "children": [{"attributes": {"text": "<p>The result of the comparison</p>"}, "type": "desc"}, {"attributes": {}, "type": "types", "children": [{"attributes": {"type": "Integer"}, "type": "entry"}]}]}]}, {"attributes": {"access": "private", "line": 422, "name": "__createInput"}, "type": "method", "children": [{"attributes": {}, "type": "params", "children": [{"attributes": {"name": "row"}, "type": "param", "children": [{"attributes": {"text": "<p>The row to create the input for</p>"}, "type": "desc"}, {"attributes": {}, "type": "types", "children": [{"attributes": {"type": "HTMLTableRowElement"}, "type": "entry"}]}]}, {"attributes": {"name": "type"}, "type": "param", "children": [{"attributes": {"text": "<p>The type of the input tom create (radio or checkbox)</p>"}, "type": "desc"}, {"attributes": {}, "type": "types", "children": [{"attributes": {"type": "String"}, "type": "entry"}]}]}, {"attributes": {"name": "nodeName"}, "type": "param", "children": [{"attributes": {"text": "<p>The nodename of the table cell that will contain the input</p>"}, "type": "desc"}, {"attributes": {}, "type": "types", "children": [{"attributes": {"type": "String"}, "type": "entry"}]}]}]}, {"attributes": {"text": "<p>Creates an input an input node for a specific row</p>"}, "type": "desc"}]}, {"attributes": {"access": "private", "line": 407, "name": "__createInputs"}, "type": "method", "children": [{"attributes": {}, "type": "params", "children": [{"attributes": {"name": "type"}, "type": "param", "children": [{"attributes": {"text": "<p>The type of the inputs to creates</p>"}, "type": "desc"}, {"attributes": {}, "type": "types", "children": [{"attributes": {"type": "String"}, "type": "entry"}]}]}]}, {"attributes": {"text": "<p>Creates input nodes for the row selection</p>"}, "type": "desc"}, {"attributes": {}, "type": "return", "children": [{"attributes": {"text": "<code>this</code> reference for chaining."}, "type": "desc"}, {"attributes": {}, "type": "types", "children": [{"attributes": {"type": "qx.ui.website.Table"}, "type": "entry"}]}]}]}, {"attributes": {"access": "private", "line": 966, "name": "__defaultColumnSort"}, "type": "method", "children": [{"attributes": {}, "type": "params", "children": [{"attributes": {"name": "data"}, "type": "param", "children": [{"attributes": {"text": "<p>Sorting data</p>"}, "type": "desc"}, {"attributes": {}, "type": "types", "children": [{"attributes": {"type": "Map"}, "type": "entry"}]}]}]}, {"attributes": {"text": "<p>Default sorting processing</p>"}, "type": "desc"}]}, {"attributes": {"access": "private", "line": 745, "name": "__deleteRows"}, "type": "method", "children": [{"attributes": {}, "type": "params", "children": [{"attributes": {"name": "startIndex"}, "type": "param", "children": [{"attributes": {"text": "<p>The start index</p>"}, "type": "desc"}, {"attributes": {}, "type": "types", "children": [{"attributes": {"type": "Integer"}, "type": "entry"}]}]}]}, {"attributes": {"text": "<p>Removes row from the <span class=\"caps\">DOM</span> starting from the specified index</p>"}, "type": "desc"}, {"attributes": {}, "type": "return", "children": [{"attributes": {"text": "<code>this</code> reference for chaining."}, "type": "desc"}, {"attributes": {}, "type": "types", "children": [{"attributes": {"type": "qx.ui.website.Table"}, "type": "entry"}]}]}]}, {"attributes": {"access": "private", "line": 636, "name": "__detectClickedCell"}, "type": "method", "children": [{"attributes": {}, "type": "params", "children": [{"attributes": {"name": "e"}, "type": "param", "children": [{"attributes": {"text": "<p>The native click event.</p>"}, "type": "desc"}, {"attributes": {}, "type": "types", "children": [{"attributes": {"type": "Event"}, "type": "entry"}]}]}]}, {"attributes": {"text": "<p>Click callbak</p>"}, "type": "desc"}, {"attributes": {}, "type": "return", "children": [{"attributes": {"text": "<code>this</code> reference for chaining."}, "type": "desc"}, {"attributes": {}, "type": "types", "children": [{"attributes": {"type": "qx.ui.website.Table"}, "type": "entry"}]}]}]}, {"attributes": {"access": "private", "line": 926, "name": "__getCellValue"}, "type": "method", "children": [{"attributes": {}, "type": "params", "children": [{"attributes": {"name": "cell"}, "type": "param", "children": [{"attributes": {"text": "<p>The cell to get the value of</p>"}, "type": "desc"}, {"attributes": {}, "type": "types", "children": [{"attributes": {"type": "qxWeb"}, "type": "entry"}]}]}]}, {"attributes": {"text": "<p>Returns the value of the cell that will be used for sorting</p>"}, "type": "desc"}, {"attributes": {}, "type": "return", "children": [{"attributes": {"text": "<p>The text content of the cell</p>"}, "type": "desc"}, {"attributes": {}, "type": "types", "children": [{"attributes": {"type": "String"}, "type": "entry"}]}]}]}, {"attributes": {"access": "private", "line": 881, "name": "__getColumName"}, "type": "method", "children": [{"attributes": {}, "type": "params", "children": [{"attributes": {"name": "headerCell"}, "type": "param", "children": [{"attributes": {"text": "<p>The cell to get the column name for</p>"}, "type": "desc"}, {"attributes": {}, "type": "types", "children": [{"attributes": {"type": "HTMLTableCellElement"}, "type": "entry"}]}]}]}, {"attributes": {"text": "<p>Gets the name of the column containing the given cell</p>"}, "type": "desc"}, {"attributes": {}, "type": "return", "children": [{"attributes": {"text": "<p>The column name</p>"}, "type": "desc"}, {"attributes": {}, "type": "types", "children": [{"attributes": {"type": "String"}, "type": "entry"}]}]}]}, {"attributes": {"access": "private", "line": 987, "name": "__getColumnIndex"}, "type": "method", "children": [{"attributes": {}, "type": "params", "children": [{"attributes": {"name": "columnName"}, "type": "param", "children": [{"attributes": {"text": "<p>The colukn name</p>"}, "type": "desc"}, {"attributes": {}, "type": "types", "children": [{"attributes": {"type": "String"}, "type": "entry"}]}]}]}, {"attributes": {"text": "<p>Gets the index of the column with the specified name</p>"}, "type": "desc"}, {"attributes": {}, "type": "return", "children": [{"attributes": {"text": "<p>The index of the column</p>"}, "type": "desc"}, {"attributes": {}, "type": "types", "children": [{"attributes": {"type": "Integer"}, "type": "entry"}]}]}]}, {"attributes": {"access": "private", "line": 472, "name": "__getColumnMetaData"}, "type": "method", "children": [{"attributes": {}, "type": "params", "children": [{"attributes": {"name": "model"}, "type": "param", "children": [{"attributes": {"text": "<p>The widget&#8217;s model</p>"}, "type": "desc"}, {"attributes": {}, "type": "types", "children": [{"attributes": {"type": "Array"}, "type": "entry"}]}]}]}, {"attributes": {"text": "<p>Initializes columns metadata</p>"}, "type": "desc"}, {"attributes": {}, "type": "return", "children": [{"attributes": {"text": "<code>this</code> reference for chaining."}, "type": "desc"}, {"attributes": {}, "type": "types", "children": [{"attributes": {"type": "qx.ui.website.Table"}, "type": "entry"}]}]}]}, {"attributes": {"access": "private", "line": 759, "name": "__getDataForColumn"}, "type": "method", "children": [{"attributes": {}, "type": "params", "children": [{"attributes": {"name": "columName"}, "type": "param", "children": [{"attributes": {"text": "<p>The name of the column to get the metadata for</p>"}, "type": "desc"}, {"attributes": {}, "type": "types", "children": [{"attributes": {"type": "String"}, "type": "entry"}]}]}]}, {"attributes": {"text": "<p>Gets the metadata of the column width the specified name</p>"}, "type": "desc"}, {"attributes": {}, "type": "return", "children": [{"attributes": {"text": "<p>Map containing the metadata</p>"}, "type": "desc"}, {"attributes": {}, "type": "types", "children": [{"attributes": {"type": "Map"}, "type": "entry"}]}]}]}, {"attributes": {"access": "private", "line": 939, "name": "__getDataRows"}, "type": "method", "children": [{"attributes": {"text": "<p>Gets the table&#8217;s data rows from the <span class=\"caps\">DOM</span></p>"}, "type": "desc"}, {"attributes": {}, "type": "return", "children": [{"attributes": {"text": "<p>Array containing the rows of the table</p>"}, "type": "desc"}, {"attributes": {}, "type": "types", "children": [{"attributes": {"type": "Array"}, "type": "entry"}]}]}]}, {"attributes": {"access": "private", "line": 455, "name": "__getHeaderRow"}, "type": "method", "children": [{"attributes": {"text": "<p>Returns the row containing the cells with the column names</p>"}, "type": "desc"}, {"attributes": {}, "type": "return", "children": [{"attributes": {"text": "<p>The row with meta information</p>"}, "type": "desc"}, {"attributes": {}, "type": "types", "children": [{"attributes": {"type": "HTMLTableRowElement"}, "type": "entry"}]}]}]}, {"attributes": {"access": "private", "line": 768, "name": "__getRoot"}, "type": "method", "children": [{"attributes": {"text": "<p>Gets the Root element contening the data rows</p>"}, "type": "desc"}, {"attributes": {}, "type": "return", "children": [{"attributes": {"text": "<p>The element containing the data rows</p>"}, "type": "desc"}, {"attributes": {}, "type": "types", "children": [{"attributes": {"type": "HTMLElement"}, "type": "entry"}]}]}]}, {"attributes": {"access": "private", "line": 792, "name": "__isCellRendered"}, "type": "method", "children": [{"attributes": {}, "type": "params", "children": [{"attributes": {"name": "rowIndex"}, "type": "param", "children": [{"attributes": {"text": "<p>The index of the row to check</p>"}, "type": "desc"}, {"attributes": {}, "type": "types", "children": [{"attributes": {"type": "Integer"}, "type": "entry"}]}]}, {"attributes": {"name": "colIndex"}, "type": "param", "children": [{"attributes": {"text": "<p>The index of the column</p>"}, "type": "desc"}, {"attributes": {}, "type": "types", "children": [{"attributes": {"type": "Integer"}, "type": "entry"}]}]}]}, {"attributes": {"text": "<p>Checks if the cell with the given row and column indexes is rendered</p>"}, "type": "desc"}, {"attributes": {}, "type": "return", "children": [{"attributes": {"text": "<p>The result of the check</p>"}, "type": "desc"}, {"attributes": {}, "type": "types", "children": [{"attributes": {"type": "Boolean"}, "type": "entry"}]}]}]}, {"attributes": {"access": "private", "line": 778, "name": "__isRowRendered"}, "type": "method", "children": [{"attributes": {}, "type": "params", "children": [{"attributes": {"name": "index"}, "type": "param", "children": [{"attributes": {"text": "<p>The index of the row to check</p>"}, "type": "desc"}, {"attributes": {}, "type": "types", "children": [{"attributes": {"type": "Integer"}, "type": "entry"}]}]}]}, {"attributes": {"text": "<p>Checks if the row with the given index is rendered</p>"}, "type": "desc"}, {"attributes": {}, "type": "return", "children": [{"attributes": {"text": "<p>The result of the check</p>"}, "type": "desc"}, {"attributes": {}, "type": "types", "children": [{"attributes": {"type": "Boolean"}, "type": "entry"}]}]}]}, {"attributes": {"access": "private", "line": 581, "name": "__processSelection"}, "type": "method", "children": [{"attributes": {}, "type": "params", "children": [{"attributes": {"name": "cell"}, "type": "param", "children": [{"attributes": {"text": "<p>The table cell containing the clicked input</p>"}, "type": "desc"}, {"attributes": {}, "type": "types", "children": [{"attributes": {"type": "qxWeb"}, "type": "entry"}]}]}]}, {"attributes": {"text": "<p>Handles clicks that happen on the selection inputs</p>"}, "type": "desc"}, {"attributes": {}, "type": "return", "children": [{"attributes": {"text": "<code>this</code> reference for chaining."}, "type": "desc"}, {"attributes": {}, "type": "types", "children": [{"attributes": {"type": "qx.ui.website.Table"}, "type": "entry"}]}]}]}, {"attributes": {"access": "private", "line": 369, "name": "__processSelectionInputs"}, "type": "method", "children": [{"attributes": {}, "type": "params", "children": [{"attributes": {"name": "columnSelection"}, "type": "param", "children": [{"attributes": {"text": "<p>The selection mode</p>"}, "type": "desc"}, {"attributes": {}, "type": "types", "children": [{"attributes": {"type": "String"}, "type": "entry"}]}]}]}, {"attributes": {"text": "<p>Renders or removes the selection inputs according to the specified widget selection mode</p>"}, "type": "desc"}, {"attributes": {}, "type": "return", "children": [{"attributes": {"text": "<code>this</code> reference for chaining."}, "type": "desc"}, {"attributes": {}, "type": "types", "children": [{"attributes": {"type": "qx.ui.website.Table"}, "type": "entry"}]}]}]}, {"attributes": {"access": "private", "line": 558, "name": "__registerEvents"}, "type": "method", "children": [{"attributes": {"text": "<p>registers global events</p>"}, "type": "desc"}, {"attributes": {}, "type": "return", "children": [{"attributes": {"text": "<code>this</code> reference for chaining."}, "type": "desc"}, {"attributes": {}, "type": "types", "children": [{"attributes": {"type": "qx.ui.website.Table"}, "type": "entry"}]}]}]}, {"attributes": {"access": "private", "line": 571, "name": "__selectionRendered"}, "type": "method", "children": [{"attributes": {"text": "<p>Checks if the selection inputs are already rendered</p>"}, "type": "desc"}, {"attributes": {}, "type": "return", "children": [{"attributes": {"text": "<p>True if the inputs are rendered and false otherwise</p>"}, "type": "desc"}, {"attributes": {}, "type": "types", "children": [{"attributes": {"type": "Boolean"}, "type": "entry"}]}]}]}, {"attributes": {"access": "private", "line": 808, "name": "__setSortingClass"}, "type": "method", "children": [{"attributes": {}, "type": "params", "children": [{"attributes": {"name": "columnName"}, "type": "param", "children": [{"attributes": {"text": "<p>The name of the sorted column</p>"}, "type": "desc"}, {"attributes": {}, "type": "types", "children": [{"attributes": {"type": "String"}, "type": "entry"}]}]}, {"attributes": {"name": "dir"}, "type": "param", "children": [{"attributes": {"text": "<p>The sorting direction</p>"}, "type": "desc"}, {"attributes": {}, "type": "types", "children": [{"attributes": {"type": "String"}, "type": "entry"}]}]}]}, {"attributes": {"text": "<p>Adds a class to the head and footer of the current sorted column</p>"}, "type": "desc"}]}, {"attributes": {"access": "private", "line": 840, "name": "__sort"}, "type": "method", "children": [{"attributes": {}, "type": "params", "children": [{"attributes": {"name": "columnName"}, "type": "param", "children": [{"attributes": {"text": "<p>The name of the column to be sorted</p>"}, "type": "desc"}, {"attributes": {}, "type": "types", "children": [{"attributes": {"type": "String"}, "type": "entry"}]}]}, {"attributes": {"name": "direction"}, "type": "param", "children": [{"attributes": {"text": "<p>The sorting direction</p>"}, "type": "desc"}, {"attributes": {}, "type": "types", "children": [{"attributes": {"type": "String"}, "type": "entry"}]}]}]}, {"attributes": {"text": "<p>Sorts the table rows for the given row and direction</p>"}, "type": "desc"}, {"attributes": {}, "type": "return", "children": [{"attributes": {"text": "<p>Array containinfg the sorted rows</p>"}, "type": "desc"}, {"attributes": {}, "type": "types", "children": [{"attributes": {"type": "Array"}, "type": "entry"}]}]}]}, {"attributes": {"access": "private", "line": 541, "name": "__sortDOM"}, "type": "method", "children": [{"attributes": {}, "type": "params", "children": [{"attributes": {"name": "dataRows"}, "type": "param", "children": [{"attributes": {"text": "<p>Array containing the sorted rows</p>"}, "type": "desc"}, {"attributes": {}, "type": "types", "children": [{"attributes": {"type": "Array"}, "type": "entry"}]}]}]}, {"attributes": {"text": "<p>Sorts the rows of the table widget</p>"}, "type": "desc"}, {"attributes": {}, "type": "return", "children": [{"attributes": {"text": "<code>this</code> reference for chaining."}, "type": "desc"}, {"attributes": {}, "type": "types", "children": [{"attributes": {"type": "qx.ui.website.Table"}, "type": "entry"}]}]}]}, {"attributes": {"line": 213, "name": "getCell"}, "type": "method", "children": [{"attributes": {}, "type": "params", "children": [{"attributes": {"name": "row"}, "type": "param", "children": [{"attributes": {"text": "<p>The row number</p>"}, "type": "desc"}, {"attributes": {}, "type": "types", "children": [{"attributes": {"type": "Integer"}, "type": "entry"}]}]}, {"attributes": {"name": "col"}, "type": "param", "children": [{"attributes": {"text": "<p>The column number</p>"}, "type": "desc"}, {"attributes": {}, "type": "types", "children": [{"attributes": {"type": "Integer"}, "type": "entry"}]}]}]}, {"attributes": {"text": "<p>Returns the cell at the given position for the first widget in the collection</p>"}, "type": "desc"}, {"attributes": {}, "type": "return", "children": [{"attributes": {"text": "<p>The cell found at the given position</p>"}, "type": "desc"}, {"attributes": {}, "type": "types", "children": [{"attributes": {"type": "qxWeb"}, "type": "entry"}]}]}]}, {"attributes": {"line": 201, "name": "getColumnType"}, "type": "method", "children": [{"attributes": {}, "type": "params", "children": [{"attributes": {"name": "columnName"}, "type": "param", "children": [{"attributes": {"text": "<p>The column name</p>"}, "type": "desc"}, {"attributes": {}, "type": "types", "children": [{"attributes": {"type": "String"}, "type": "entry"}]}]}]}, {"attributes": {"text": "<p>Returns the type of the specified column</p>"}, "type": "desc"}, {"attributes": {}, "type": "return", "children": [{"attributes": {"text": "<p>The type of the specified column</p>"}, "type": "desc"}, {"attributes": {}, "type": "types", "children": [{"attributes": {"type": "String"}, "type": "entry"}]}]}]}, {"attributes": {"line": 253, "name": "getCompareFunction"}, "type": "method", "children": [{"attributes": {}, "type": "params", "children": [{"attributes": {"name": "type"}, "type": "param", "children": [{"attributes": {"text": "<p>The type to get the comparison function for</p>"}, "type": "desc"}, {"attributes": {}, "type": "types", "children": [{"attributes": {"type": "String"}, "type": "entry"}]}]}]}, {"attributes": {"text": "<p>Returns the comparison function for the given type</p>"}, "type": "desc"}, {"attributes": {}, "type": "return", "children": [{"attributes": {"text": "<p>The comparison function</p>"}, "type": "desc"}, {"attributes": {}, "type": "types", "children": [{"attributes": {"type": "Function"}, "type": "entry"}]}]}]}, {"attributes": {"line": 306, "name": "getSortingData"}, "type": "method", "children": [{"attributes": {"text": "<p>Get the current column sorting information for the first widget in the collection</p>"}, "type": "desc"}, {"attributes": {}, "type": "return", "children": [{"attributes": {"text": "<p>The map containing the current sorting information</p>"}, "type": "desc"}, {"attributes": {}, "type": "types", "children": [{"attributes": {"type": "Map"}, "type": "entry"}]}]}]}, {"attributes": {"docFrom": "qx.ui.website.Widget", "line": 138, "overriddenFrom": "qx.ui.website.Widget", "name": "init"}, "type": "method"}, {"attributes": {"docFrom": "qx.ui.website.Widget", "line": 345, "overriddenFrom": "qx.ui.website.Widget", "name": "render"}, "type": "method"}, {"attributes": {"line": 186, "name": "setColumnType"}, "type": "method", "children": [{"attributes": {}, "type": "params", "children": [{"attributes": {"name": "columnName"}, "type": "param", "children": [{"attributes": {"text": "<p>The column name</p>"}, "type": "desc"}, {"attributes": {}, "type": "types", "children": [{"attributes": {"type": "String"}, "type": "entry"}]}]}, {"attributes": {"name": "type"}, "type": "param", "children": [{"attributes": {"text": "<p>The type of the column</p>"}, "type": "desc"}, {"attributes": {}, "type": "types", "children": [{"attributes": {"type": "String"}, "type": "entry"}]}]}]}, {"attributes": {"text": "<p>Set the column types for the table widgets in the collection</p>"}, "type": "desc"}, {"attributes": {}, "type": "return", "children": [{"attributes": {"text": "<code>this</code> reference for chaining."}, "type": "desc"}, {"attributes": {}, "type": "types", "children": [{"attributes": {"type": "qx.ui.website.Table"}, "type": "entry"}]}]}]}, {"attributes": {"line": 224, "name": "setCompareFunction"}, "type": "method", "children": [{"attributes": {}, "type": "params", "children": [{"attributes": {"name": "type"}, "type": "param", "children": [{"attributes": {"text": "<p>The type to define the function for</p>"}, "type": "desc"}, {"attributes": {}, "type": "types", "children": [{"attributes": {"type": "String"}, "type": "entry"}]}]}, {"attributes": {"name": "compareFunc"}, "type": "param", "children": [{"attributes": {"text": "<p>The comparison function</p>"}, "type": "desc"}, {"attributes": {}, "type": "types", "children": [{"attributes": {"type": "Function"}, "type": "entry"}]}]}]}, {"attributes": {"text": "<p>Defines the comparison function to use to sort columns of the given type</p>"}, "type": "desc"}, {"attributes": {}, "type": "return", "children": [{"attributes": {"text": "<code>this</code> reference for chaining."}, "type": "desc"}, {"attributes": {}, "type": "types", "children": [{"attributes": {"type": "qx.ui.website.Table"}, "type": "entry"}]}]}]}, {"attributes": {"line": 318, "name": "setItemTemplate"}, "type": "method", "children": [{"attributes": {}, "type": "params", "children": [{"attributes": {"name": "columnName"}, "type": "param", "children": [{"attributes": {"text": "<p>The column name</p>"}, "type": "desc"}, {"attributes": {}, "type": "types", "children": [{"attributes": {"type": "String"}, "type": "entry"}]}]}, {"attributes": {"name": "template"}, "type": "param", "children": [{"attributes": {"text": "<p>The mustache template</p>"}, "type": "desc"}, {"attributes": {}, "type": "types", "children": [{"attributes": {"type": "String"}, "type": "entry"}]}]}]}, {"attributes": {"text": "<p>Set the mustache template of the specified column for the widgets\nin the collection</p>"}, "type": "desc"}, {"attributes": {}, "type": "return", "children": [{"attributes": {"text": "<code>this</code> reference for chaining."}, "type": "desc"}, {"attributes": {}, "type": "types", "children": [{"attributes": {"type": "qx.ui.website.Table"}, "type": "entry"}]}]}]}, {"attributes": {"line": 333, "name": "setItemTemplates"}, "type": "method", "children": [{"attributes": {}, "type": "params", "children": [{"attributes": {"name": "template"}, "type": "param", "children": [{"attributes": {"text": "<p>The mustache template</p>"}, "type": "desc"}, {"attributes": {}, "type": "types", "children": [{"attributes": {"type": "String"}, "type": "entry"}]}]}]}, {"attributes": {"text": "<p>Sets the mustache template for all the collumns of the widgets\nin the collection</p>"}, "type": "desc"}, {"attributes": {}, "type": "return", "children": [{"attributes": {"text": "<code>this</code> reference for chaining."}, "type": "desc"}, {"attributes": {}, "type": "types", "children": [{"attributes": {"type": "qx.ui.website.Table"}, "type": "entry"}]}]}]}, {"attributes": {"line": 162, "name": "setModel"}, "type": "method", "children": [{"attributes": {}, "type": "params", "children": [{"attributes": {"name": "model"}, "type": "param", "children": [{"attributes": {"text": "<p>The model to be set</p>"}, "type": "desc"}, {"attributes": {}, "type": "types", "children": [{"attributes": {"type": "Array"}, "type": "entry"}]}]}]}, {"attributes": {"text": "<p>Sets the given model to the widgets in the collection</p>"}, "type": "desc"}, {"attributes": {}, "type": "return", "children": [{"attributes": {"text": "<code>this</code> reference for chaining."}, "type": "desc"}, {"attributes": {}, "type": "types", "children": [{"attributes": {"type": "qx.ui.website.Table"}, "type": "entry"}]}]}]}, {"attributes": {"line": 264, "name": "setSortingFunction"}, "type": "method", "children": [{"attributes": {}, "type": "params", "children": [{"attributes": {"name": "func"}, "type": "param", "children": [{"attributes": {"text": "<p>The sorting function</p>"}, "type": "desc"}, {"attributes": {}, "type": "types", "children": [{"attributes": {"type": "Function"}, "type": "entry"}]}]}]}, {"attributes": {"text": "<p>Set the function that control the sorting process</p>"}, "type": "desc"}, {"attributes": {}, "type": "return", "children": [{"attributes": {"text": "<code>this</code> reference for chaining."}, "type": "desc"}, {"attributes": {}, "type": "types", "children": [{"attributes": {"type": "qx.ui.website.Table"}, "type": "entry"}]}]}]}, {"attributes": {"line": 290, "overriddenFrom": "qx.type.BaseArray", "name": "sort"}, "type": "method", "children": [{"attributes": {}, "type": "params", "children": [{"attributes": {"name": "columnName"}, "type": "param", "children": [{"attributes": {"text": "<p>The name of the column to sort</p>"}, "type": "desc"}, {"attributes": {}, "type": "types", "children": [{"attributes": {"type": "String"}, "type": "entry"}]}]}, {"attributes": {"name": "dir"}, "type": "param", "children": [{"attributes": {"text": "<p>The sorting direction (asc or desc)</p>"}, "type": "desc"}, {"attributes": {}, "type": "types", "children": [{"attributes": {"type": "String"}, "type": "entry"}]}]}]}, {"attributes": {"text": "<p>Sort the column with the given name according to the specified direction</p>"}, "type": "desc"}, {"attributes": {}, "type": "return", "children": [{"attributes": {"text": "<code>this</code> reference for chaining."}, "type": "desc"}, {"attributes": {}, "type": "types", "children": [{"attributes": {"type": "qx.ui.website.Table"}, "type": "entry"}]}]}]}, {"attributes": {"line": 238, "name": "unsetCompareFunction"}, "type": "method", "children": [{"attributes": {}, "type": "params", "children": [{"attributes": {"name": "type"}, "type": "param", "children": [{"attributes": {"text": "<p>The type to unset the function for</p>"}, "type": "desc"}, {"attributes": {}, "type": "types", "children": [{"attributes": {"type": "String"}, "type": "entry"}]}]}]}, {"attributes": {"text": "<p>Unset the compare function for the given type</p>"}, "type": "desc"}, {"attributes": {}, "type": "return", "children": [{"attributes": {"text": "<code>this</code> reference for chaining."}, "type": "desc"}, {"attributes": {}, "type": "types", "children": [{"attributes": {"type": "qx.ui.website.Table"}, "type": "entry"}]}]}]}, {"attributes": {"line": 276, "name": "unsetSortingFunction"}, "type": "method", "children": [{"attributes": {"text": "<p>Unset the function that control the sorting process</p>"}, "type": "desc"}, {"attributes": {}, "type": "return", "children": [{"attributes": {"text": "<code>this</code> reference for chaining."}, "type": "desc"}, {"attributes": {}, "type": "types", "children": [{"attributes": {"type": "qx.ui.website.Table"}, "type": "entry"}]}]}]}]}]}