{"attributes": {"fullName": "qx.util.ColorUtil", "packageName": "qx.util", "isStatic": true, "type": "bootstrap", "name": "ColorUtil"}, "type": "class", "children": [{"attributes": {"text": "<p>Methods to convert colors between different color spaces.</p>"}, "type": "desc"}, {"attributes": {}, "type": "methods-static", "children": [{"attributes": {"access": "private", "line": 410, "isStatic": true, "name": "__hex3StringToRgb"}, "type": "method", "children": [{"attributes": {"text": "<p>Converts a regexp object match of a hex3 string to an <span class=\"caps\">RGB</span> array.</p>"}, "type": "desc"}, {"attributes": {}, "type": "return", "children": [{"attributes": {"text": "<p>an array with red, green, blue</p>"}, "type": "desc"}, {"attributes": {}, "type": "types", "children": [{"attributes": {"type": "Array"}, "type": "entry"}]}]}]}, {"attributes": {"access": "private", "line": 425, "isStatic": true, "name": "__hex6StringToRgb"}, "type": "method", "children": [{"attributes": {"text": "<p>Converts a regexp object match of a hex6 string to an <span class=\"caps\">RGB</span> array.</p>"}, "type": "desc"}, {"attributes": {}, "type": "return", "children": [{"attributes": {"text": "<p>an array with red, green, blue</p>"}, "type": "desc"}, {"attributes": {}, "type": "types", "children": [{"attributes": {"type": "Array"}, "type": "entry"}]}]}]}, {"attributes": {"access": "private", "line": 390, "isStatic": true, "name": "__rgbaStringToRgb"}, "type": "method", "children": [{"attributes": {"text": "<p>Converts a regexp object match of a rgba string to an <span class=\"caps\">RGB</span> array.</p>"}, "type": "desc"}, {"attributes": {}, "type": "return", "children": [{"attributes": {"text": "<p>an array with red, green, blue</p>"}, "type": "desc"}, {"attributes": {}, "type": "types", "children": [{"attributes": {"type": "Array"}, "type": "entry"}]}]}]}, {"attributes": {"access": "private", "line": 376, "isStatic": true, "name": "__rgbStringToRgb"}, "type": "method", "children": [{"attributes": {"text": "<p>Converts a regexp object match of a rgb string to an <span class=\"caps\">RGB</span> array.</p>"}, "type": "desc"}, {"attributes": {}, "type": "return", "children": [{"attributes": {"text": "<p>an array with red, green, blue</p>"}, "type": "desc"}, {"attributes": {}, "type": "types", "children": [{"attributes": {"type": "Array"}, "type": "entry"}]}]}]}, {"attributes": {"line": 218, "isStatic": true, "name": "cssStringToRgb"}, "type": "method", "children": [{"attributes": {}, "type": "params", "children": [{"attributes": {"name": "str"}, "type": "param", "children": [{"attributes": {"text": "<p>any string</p>"}, "type": "desc"}, {"attributes": {}, "type": "types", "children": [{"attributes": {"type": "String"}, "type": "entry"}]}]}]}, {"attributes": {"text": "<p>Try to convert an incoming string to an <span class=\"caps\">RGB</span> array.\nSupport named colors, <span class=\"caps\">RGB</span> strings, hex3 and hex6 values.</p>"}, "type": "desc"}, {"attributes": {}, "type": "return", "children": [{"attributes": {"text": "<p>returns an array of red, green, blue on a successful transformation</p>"}, "type": "desc"}, {"attributes": {}, "type": "types", "children": [{"attributes": {"type": "Array"}, "type": "entry"}]}]}, {"attributes": {}, "type": "throws", "children": [{"attributes": {"text": "<p>if the string could not be parsed</p>", "type": "Error"}, "type": "desc"}]}]}, {"attributes": {"line": 458, "isStatic": true, "name": "hex3StringToHex6String"}, "type": "method", "children": [{"attributes": {}, "type": "params", "children": [{"attributes": {"name": "value"}, "type": "param", "children": [{"attributes": {"text": "<p>a hex3 (#xxx) string</p>"}, "type": "desc"}, {"attributes": {}, "type": "types", "children": [{"attributes": {"type": "String"}, "type": "entry"}]}]}]}, {"attributes": {"text": "<p>Converts a hex3 (#xxx) string to a hex6 (#xxxxxx) string.</p>"}, "type": "desc"}, {"attributes": {}, "type": "return", "children": [{"attributes": {"text": "<p>The hex6 (#xxxxxx) string or the passed value when the passed value is not an hex3 (#xxx) value.</p>"}, "type": "desc"}, {"attributes": {}, "type": "types", "children": [{"attributes": {"type": "String"}, "type": "entry"}]}]}]}, {"attributes": {"line": 441, "isStatic": true, "name": "hex3StringToRgb"}, "type": "method", "children": [{"attributes": {}, "type": "params", "children": [{"attributes": {"name": "value"}, "type": "param", "children": [{"attributes": {"text": "<p>a hex3 (#xxx) string</p>"}, "type": "desc"}, {"attributes": {}, "type": "types", "children": [{"attributes": {"type": "String"}, "type": "entry"}]}]}]}, {"attributes": {"text": "<p>Converts a hex3 string to an <span class=\"caps\">RGB</span> array</p>"}, "type": "desc"}, {"attributes": {}, "type": "return", "children": [{"attributes": {"text": "<p>an array with red, green, blue</p>"}, "type": "desc"}, {"attributes": {}, "type": "types", "children": [{"attributes": {"type": "Array"}, "type": "entry"}]}]}]}, {"attributes": {"line": 473, "isStatic": true, "name": "hex6StringToRgb"}, "type": "method", "children": [{"attributes": {}, "type": "params", "children": [{"attributes": {"name": "value"}, "type": "param", "children": [{"attributes": {"text": "<p>a hex6 (#xxxxxx) string</p>"}, "type": "desc"}, {"attributes": {}, "type": "types", "children": [{"attributes": {"type": "String"}, "type": "entry"}]}]}]}, {"attributes": {"text": "<p>Converts a hex6 string to an <span class=\"caps\">RGB</span> array</p>"}, "type": "desc"}, {"attributes": {}, "type": "return", "children": [{"attributes": {"text": "<p>an array with red, green, blue</p>"}, "type": "desc"}, {"attributes": {}, "type": "types", "children": [{"attributes": {"type": "Array"}, "type": "entry"}]}]}]}, {"attributes": {"line": 489, "isStatic": true, "name": "hexStringToRgb"}, "type": "method", "children": [{"attributes": {}, "type": "params", "children": [{"attributes": {"name": "value"}, "type": "param", "children": [{"attributes": {"text": "<p>a hex3 (#xxx) or hex6 (#xxxxxx) string</p>"}, "type": "desc"}, {"attributes": {}, "type": "types", "children": [{"attributes": {"type": "String"}, "type": "entry"}]}]}]}, {"attributes": {"text": "<p>Converts a hex string to an <span class=\"caps\">RGB</span> array</p>"}, "type": "desc"}, {"attributes": {}, "type": "return", "children": [{"attributes": {"text": "<p>an array with red, green, blue</p>"}, "type": "desc"}, {"attributes": {}, "type": "types", "children": [{"attributes": {"type": "Array"}, "type": "entry"}]}]}]}, {"attributes": {"line": 572, "isStatic": true, "name": "hsbToRgb"}, "type": "method", "children": [{"attributes": {}, "type": "params", "children": [{"attributes": {"name": "hsb"}, "type": "param", "children": [{"attributes": {"text": "<p>an array with hue, saturation and brightness</p>"}, "type": "desc"}, {"attributes": {}, "type": "types", "children": [{"attributes": {"type": "Number", "dimensions": 1}, "type": "entry"}]}]}]}, {"attributes": {"text": "<p>Convert <span class=\"caps\">HSB</span> colors to <span class=\"caps\">RGB</span></p>"}, "type": "desc"}, {"attributes": {}, "type": "return", "children": [{"attributes": {"text": "<p>an array with red, green, blue</p>"}, "type": "desc"}, {"attributes": {}, "type": "types", "children": [{"attributes": {"type": "Integer", "dimensions": 1}, "type": "entry"}]}]}]}, {"attributes": {"line": 316, "isStatic": true, "name": "isCssString"}, "type": "method", "children": [{"attributes": {}, "type": "params", "children": [{"attributes": {"name": "str"}, "type": "param", "children": [{"attributes": {"text": "<p>any string</p>"}, "type": "desc"}, {"attributes": {}, "type": "types", "children": [{"attributes": {"type": "String"}, "type": "entry"}]}]}]}, {"attributes": {"text": "<p>Detects if a string is a valid <span class=\"caps\">CSS</span> color string</p>"}, "type": "desc"}, {"attributes": {}, "type": "return", "children": [{"attributes": {"text": "<p>true when the incoming value is a valid <span class=\"caps\">CSS</span> color string</p>"}, "type": "desc"}, {"attributes": {}, "type": "types", "children": [{"attributes": {"type": "Boolean"}, "type": "entry"}]}]}]}, {"attributes": {"line": 333, "isStatic": true, "name": "isHex3String"}, "type": "method", "children": [{"attributes": {}, "type": "params", "children": [{"attributes": {"name": "str"}, "type": "param", "children": [{"attributes": {"text": "<p>any string</p>"}, "type": "desc"}, {"attributes": {}, "type": "types", "children": [{"attributes": {"type": "String"}, "type": "entry"}]}]}]}, {"attributes": {"text": "<p>Detects if a string is a valid hex3 string</p>"}, "type": "desc"}, {"attributes": {}, "type": "return", "children": [{"attributes": {"text": "<p>true when the incoming value is a valid hex3 string</p>"}, "type": "desc"}, {"attributes": {}, "type": "types", "children": [{"attributes": {"type": "Boolean"}, "type": "entry"}]}]}]}, {"attributes": {"line": 344, "isStatic": true, "name": "isHex6String"}, "type": "method", "children": [{"attributes": {}, "type": "params", "children": [{"attributes": {"name": "str"}, "type": "param", "children": [{"attributes": {"text": "<p>any string</p>"}, "type": "desc"}, {"attributes": {}, "type": "types", "children": [{"attributes": {"type": "String"}, "type": "entry"}]}]}]}, {"attributes": {"text": "<p>Detects if a string is a valid hex6 string</p>"}, "type": "desc"}, {"attributes": {}, "type": "return", "children": [{"attributes": {"text": "<p>true when the incoming value is a valid hex6 string</p>"}, "type": "desc"}, {"attributes": {}, "type": "types", "children": [{"attributes": {"type": "Boolean"}, "type": "entry"}]}]}]}, {"attributes": {"line": 118, "isStatic": true, "name": "isNamedColor"}, "type": "method", "children": [{"attributes": {}, "type": "params", "children": [{"attributes": {"name": "value"}, "type": "param", "children": [{"attributes": {"text": "<p>the color value to test</p>"}, "type": "desc"}, {"attributes": {}, "type": "types", "children": [{"attributes": {"type": "String"}, "type": "entry"}]}]}]}, {"attributes": {"text": "<p>Whether the incoming value is a named color.</p>"}, "type": "desc"}, {"attributes": {}, "type": "return", "children": [{"attributes": {"text": "<p>true if the color is a named color</p>"}, "type": "desc"}, {"attributes": {}, "type": "types", "children": [{"attributes": {"type": "Boolean"}, "type": "entry"}]}]}]}, {"attributes": {"line": 366, "isStatic": true, "name": "isRgbaString"}, "type": "method", "children": [{"attributes": {}, "type": "params", "children": [{"attributes": {"name": "str"}, "type": "param", "children": [{"attributes": {"text": "<p>any string</p>"}, "type": "desc"}, {"attributes": {}, "type": "types", "children": [{"attributes": {"type": "String"}, "type": "entry"}]}]}]}, {"attributes": {"text": "<p>Detects if a string is a valid <span class=\"caps\">RGBA</span> string</p>"}, "type": "desc"}, {"attributes": {}, "type": "return", "children": [{"attributes": {"text": "<p>true when the incoming value is a valid <span class=\"caps\">RGBA</span> string</p>"}, "type": "desc"}, {"attributes": {}, "type": "types", "children": [{"attributes": {"type": "Boolean"}, "type": "entry"}]}]}]}, {"attributes": {"line": 355, "isStatic": true, "name": "isRgbString"}, "type": "method", "children": [{"attributes": {}, "type": "params", "children": [{"attributes": {"name": "str"}, "type": "param", "children": [{"attributes": {"text": "<p>any string</p>"}, "type": "desc"}, {"attributes": {}, "type": "types", "children": [{"attributes": {"type": "String"}, "type": "entry"}]}]}]}, {"attributes": {"text": "<p>Detects if a string is a valid <span class=\"caps\">RGB</span> string</p>"}, "type": "desc"}, {"attributes": {}, "type": "return", "children": [{"attributes": {"text": "<p>true when the incoming value is a valid <span class=\"caps\">RGB</span> string</p>"}, "type": "desc"}, {"attributes": {}, "type": "types", "children": [{"attributes": {"type": "Boolean"}, "type": "entry"}]}]}]}, {"attributes": {"line": 129, "isStatic": true, "name": "isSystemColor"}, "type": "method", "children": [{"attributes": {}, "type": "params", "children": [{"attributes": {"name": "value"}, "type": "param", "children": [{"attributes": {"text": "<p>the color value to test</p>"}, "type": "desc"}, {"attributes": {}, "type": "types", "children": [{"attributes": {"type": "String"}, "type": "entry"}]}]}]}, {"attributes": {"text": "<p>Whether the incoming value is a system color.</p>"}, "type": "desc"}, {"attributes": {}, "type": "return", "children": [{"attributes": {"text": "<p>true if the color is a system color</p>"}, "type": "desc"}, {"attributes": {}, "type": "types", "children": [{"attributes": {"type": "Boolean"}, "type": "entry"}]}]}]}, {"attributes": {"line": 154, "isStatic": true, "name": "isThemedColor"}, "type": "method", "children": [{"attributes": {}, "type": "params", "children": [{"attributes": {"name": "value"}, "type": "param", "children": [{"attributes": {"text": "<p>the color value to test</p>"}, "type": "desc"}, {"attributes": {}, "type": "types", "children": [{"attributes": {"type": "String"}, "type": "entry"}]}]}]}, {"attributes": {"text": "<p>Whether the incoming value is a themed color.</p>"}, "type": "desc"}, {"attributes": {}, "type": "return", "children": [{"attributes": {"text": "<p>true if the color is a themed color</p>"}, "type": "desc"}, {"attributes": {}, "type": "types", "children": [{"attributes": {"type": "Boolean"}, "type": "entry"}]}]}]}, {"attributes": {"line": 299, "isStatic": true, "name": "isValidPropertyValue"}, "type": "method", "children": [{"attributes": {}, "type": "params", "children": [{"attributes": {"name": "str"}, "type": "param", "children": [{"attributes": {"text": "<p>any string</p>"}, "type": "desc"}, {"attributes": {}, "type": "types", "children": [{"attributes": {"type": "String"}, "type": "entry"}]}]}]}, {"attributes": {"text": "<p>Detects if a string is a valid qooxdoo color</p>"}, "type": "desc"}, {"attributes": {}, "type": "return", "children": [{"attributes": {"text": "<p>true when the incoming value is a valid qooxdoo color</p>"}, "type": "desc"}, {"attributes": {}, "type": "types", "children": [{"attributes": {"type": "Boolean"}, "type": "entry"}]}]}]}, {"attributes": {"line": 660, "isStatic": true, "name": "randomColor"}, "type": "method", "children": [{"attributes": {"text": "<p>Creates a random color.</p>"}, "type": "desc"}, {"attributes": {}, "type": "return", "children": [{"attributes": {"text": "<p>a valid qooxdoo/CSS rgb color string.</p>"}, "type": "desc"}, {"attributes": {}, "type": "types", "children": [{"attributes": {"type": "String"}, "type": "entry"}]}]}]}, {"attributes": {"line": 282, "isStatic": true, "name": "rgbToHexString"}, "type": "method", "children": [{"attributes": {}, "type": "params", "children": [{"attributes": {"name": "rgb"}, "type": "param", "children": [{"attributes": {"text": "<p>an array with red, green and blue</p>"}, "type": "desc"}, {"attributes": {}, "type": "types", "children": [{"attributes": {"type": "Array"}, "type": "entry"}]}]}]}, {"attributes": {"text": "<p>Converts a <span class=\"caps\">RGB</span> array to an hex6 string</p>"}, "type": "desc"}, {"attributes": {}, "type": "return", "children": [{"attributes": {"text": "<p>a hex6 string (#xxxxxx)</p>"}, "type": "desc"}, {"attributes": {}, "type": "types", "children": [{"attributes": {"type": "String"}, "type": "entry"}]}]}]}, {"attributes": {"line": 509, "isStatic": true, "name": "rgbToHsb"}, "type": "method", "children": [{"attributes": {}, "type": "params", "children": [{"attributes": {"name": "rgb"}, "type": "param", "children": [{"attributes": {"text": "<p>red, blue and green as array</p>"}, "type": "desc"}, {"attributes": {}, "type": "types", "children": [{"attributes": {"type": "Number", "dimensions": 1}, "type": "entry"}]}]}]}, {"attributes": {"text": "<p>Convert <span class=\"caps\">RGB</span> colors to <span class=\"caps\">HSB</span></p>"}, "type": "desc"}, {"attributes": {}, "type": "return", "children": [{"attributes": {"text": "<p>an array with hue, saturation and brightness</p>"}, "type": "desc"}, {"attributes": {}, "type": "types", "children": [{"attributes": {"type": "Array"}, "type": "entry"}]}]}]}, {"attributes": {"line": 271, "isStatic": true, "name": "rgbToRgbString"}, "type": "method", "children": [{"attributes": {}, "type": "params", "children": [{"attributes": {"name": "rgb"}, "type": "param", "children": [{"attributes": {"text": "<p>an array with red, green and blue values and optionally an alpha value</p>"}, "type": "desc"}, {"attributes": {}, "type": "types", "children": [{"attributes": {"type": "Array"}, "type": "entry"}]}]}]}, {"attributes": {"text": "<p>Converts a <span class=\"caps\">RGB</span> array to an <span class=\"caps\">RGB</span> string</p>"}, "type": "desc"}, {"attributes": {}, "type": "return", "children": [{"attributes": {"text": "<p>an <span class=\"caps\">RGB</span> string</p>"}, "type": "desc"}, {"attributes": {}, "type": "types", "children": [{"attributes": {"type": "String"}, "type": "entry"}]}]}]}, {"attributes": {"line": 176, "isStatic": true, "name": "stringToRgb"}, "type": "method", "children": [{"attributes": {}, "type": "params", "children": [{"attributes": {"name": "str"}, "type": "param", "children": [{"attributes": {"text": "<p>any string</p>"}, "type": "desc"}, {"attributes": {}, "type": "types", "children": [{"attributes": {"type": "String"}, "type": "entry"}]}]}]}, {"attributes": {"text": "<p>Try to convert an incoming string to an <span class=\"caps\">RGB</span> array.\nSupports themed, named and system colors, but also <span class=\"caps\">RGB</span> strings,\nhex3 and hex6 values.</p>"}, "type": "desc"}, {"attributes": {}, "type": "return", "children": [{"attributes": {"text": "<p>returns an array of red, green, blue on a successful transformation</p>"}, "type": "desc"}, {"attributes": {}, "type": "types", "children": [{"attributes": {"type": "Array"}, "type": "entry"}]}]}, {"attributes": {}, "type": "throws", "children": [{"attributes": {"text": "<p>if the string could not be parsed</p>", "type": "Error"}, "type": "desc"}]}]}, {"attributes": {"line": 259, "isStatic": true, "name": "stringToRgbString"}, "type": "method", "children": [{"attributes": {}, "type": "params", "children": [{"attributes": {"name": "str"}, "type": "param", "children": [{"attributes": {"text": "<p>any string</p>"}, "type": "desc"}, {"attributes": {}, "type": "types", "children": [{"attributes": {"type": "String"}, "type": "entry"}]}]}]}, {"attributes": {"text": "<p>Try to convert an incoming string to an <span class=\"caps\">RGB</span> string, which can be used\nfor all color properties.\nSupports themed, named and system colors, but also <span class=\"caps\">RGB</span> strings,\nhex3 and hex6 values.</p>"}, "type": "desc"}, {"attributes": {}, "type": "return", "children": [{"attributes": {"text": "<p>a <span class=\"caps\">RGB</span> string</p>"}, "type": "desc"}, {"attributes": {}, "type": "types", "children": [{"attributes": {"type": "String"}, "type": "entry"}]}]}, {"attributes": {}, "type": "throws", "children": [{"attributes": {"text": "<p>if the string could not be parsed</p>", "type": "Error"}, "type": "desc"}]}]}, {"attributes": {"line": 140, "isStatic": true, "name": "supportsThemes"}, "type": "method", "children": [{"attributes": {"text": "<p>Whether the color theme manager is loaded. Generally\npart of the <span class=\"caps\">GUI</span> of qooxdoo.</p>"}, "type": "desc"}, {"attributes": {}, "type": "return", "children": [{"attributes": {"text": "<code>true</code> when color theme support is ready."}, "type": "desc"}, {"attributes": {}, "type": "types", "children": [{"attributes": {"type": "Boolean"}, "type": "entry"}]}]}]}]}, {"attributes": {}, "type": "constants", "children": [{"attributes": {"name": "REGEXP"}, "type": "constant", "children": [{"attributes": {"text": "<p>Regular expressions for color strings</p>"}, "type": "desc"}]}, {"attributes": {"name": "NAMED"}, "type": "constant", "children": [{"attributes": {"text": "<p>Named colors, only the 16 basic colors plus the following ones:\ntransparent, grey, magenta, orange and brown</p>"}, "type": "desc"}]}, {"attributes": {"name": "SYSTEM"}, "type": "constant", "children": [{"attributes": {"text": "<p>CSS3 system color names.</p>"}, "type": "desc"}]}]}]}