{"attributes": {"fullName": "qx.util.Wheel", "packageName": "qx.util", "isStatic": true, "type": "bootstrap", "name": "Wheel"}, "type": "class", "children": [{"attributes": {"text": "<p>Util for mouse wheel normalization.</p>"}, "type": "desc"}, {"attributes": {}, "type": "methods-static", "children": [{"attributes": {"access": "private", "line": 119, "isStatic": true, "name": "__normalize"}, "type": "method", "children": [{"attributes": {}, "type": "params", "children": [{"attributes": {"name": "delta"}, "type": "param", "children": [{"attributes": {"text": "<p>The mouse delta.</p>"}, "type": "desc"}, {"attributes": {}, "type": "types", "children": [{"attributes": {"type": "Number"}, "type": "entry"}]}]}]}, {"attributes": {"text": "<p>Normalizer for the mouse wheel data.</p>"}, "type": "desc"}, {"attributes": {}, "type": "return", "children": [{"attributes": {"text": "<p>The normalized delta value</p>"}, "type": "desc"}, {"attributes": {}, "type": "types", "children": [{"attributes": {"type": "Number"}, "type": "entry"}]}]}]}, {"attributes": {"access": "private", "line": 160, "isStatic": true, "name": "__recalculateMultiplicator"}, "type": "method", "children": [{"attributes": {"text": "<p>Recalculates the factor with which the calculated delta is normalized.</p>"}, "type": "desc"}]}, {"attributes": {"line": 53, "isStatic": true, "name": "getDelta"}, "type": "method", "children": [{"attributes": {}, "type": "params", "children": [{"attributes": {"name": "domEvent"}, "type": "param", "children": [{"attributes": {"text": "<p>The native wheel event.</p>"}, "type": "desc"}, {"attributes": {}, "type": "types", "children": [{"attributes": {"type": "Event"}, "type": "entry"}]}]}, {"attributes": {"optional": true, "name": "axis"}, "type": "param", "children": [{"attributes": {"text": "<p>Optional parameter which defines the scroll axis. The value can either be <code>&#8220;x&#8221;</code> or <code>&#8220;y&#8221;</code>.</p>"}, "type": "desc"}, {"attributes": {}, "type": "types", "children": [{"attributes": {"type": "String"}, "type": "entry"}]}]}]}, {"attributes": {"text": "<p>Get the amount the wheel has been scrolled</p>"}, "type": "desc"}, {"attributes": {}, "type": "return", "children": [{"attributes": {"text": "<p>Scroll wheel movement for the given axis. If no axis is given, the y axis is used.</p>"}, "type": "desc"}, {"attributes": {}, "type": "types", "children": [{"attributes": {"type": "Integer"}, "type": "entry"}]}]}]}]}, {"attributes": {}, "type": "constants", "children": [{"attributes": {"access": "internal", "isInternal": true, "type": "Number", "name": "FACTOR", "value": "1"}, "type": "constant", "children": [{"attributes": {"text": "<p>The normalization factor for the speed calculation.</p>"}, "type": "desc"}]}, {"attributes": {"access": "internal", "isInternal": true, "type": "Null", "name": "MAXSCROLL", "value": "null"}, "type": "constant", "children": [{"attributes": {"text": "<p>The maximal measured scroll wheel delta.</p>"}, "type": "desc"}]}, {"attributes": {"access": "internal", "isInternal": true, "type": "Null", "name": "MINSCROLL", "value": "null"}, "type": "constant", "children": [{"attributes": {"text": "<p>The minimal measured scroll wheel delta.</p>"}, "type": "desc"}]}]}]}