{"attributes": {"fullName": "qx.util.StringEscape", "packageName": "qx.util", "isStatic": true, "type": "bootstrap", "name": "StringEscape"}, "type": "class", "children": [{"attributes": {"text": "<p>Generic escaping and unescaping of <span class=\"caps\">DOM</span> strings.</p>\n\n<p>{@link qx.bom.String} for (un)escaping of <span class=\"caps\">HTML</span> strings.\n{@link qx.xml.String} for (un)escaping of <span class=\"caps\">XML</span> strings.</p>"}, "type": "desc"}, {"attributes": {}, "type": "methods-static", "children": [{"attributes": {"line": 38, "isStatic": true, "name": "escape"}, "type": "method", "children": [{"attributes": {}, "type": "params", "children": [{"attributes": {"name": "str"}, "type": "param", "children": [{"attributes": {"text": "<p>string to escape</p>"}, "type": "desc"}, {"attributes": {}, "type": "types", "children": [{"attributes": {"type": "String"}, "type": "entry"}]}]}, {"attributes": {"name": "charCodeToEntities"}, "type": "param", "children": [{"attributes": {"text": "<p>entity to charcode map</p>"}, "type": "desc"}, {"attributes": {}, "type": "types", "children": [{"attributes": {"type": "Map"}, "type": "entry"}]}]}]}, {"attributes": {"text": "<p>generic escaping method</p>"}, "type": "desc"}, {"attributes": {}, "type": "return", "children": [{"attributes": {"text": "<p>escaped string</p>"}, "type": "desc"}, {"attributes": {}, "type": "types", "children": [{"attributes": {"type": "String"}, "type": "entry"}]}]}]}, {"attributes": {"line": 73, "isStatic": true, "name": "unescape"}, "type": "method", "children": [{"attributes": {}, "type": "params", "children": [{"attributes": {"name": "str"}, "type": "param", "children": [{"attributes": {"text": "<p>string to unescape</p>"}, "type": "desc"}, {"attributes": {}, "type": "types", "children": [{"attributes": {"type": "String"}, "type": "entry"}]}]}, {"attributes": {"name": "entitiesToCharCode"}, "type": "param", "children": [{"attributes": {"text": "<p>charcode to entity map</p>"}, "type": "desc"}, {"attributes": {}, "type": "types", "children": [{"attributes": {"type": "Map"}, "type": "entry"}]}]}]}, {"attributes": {"text": "<p>generic unescaping method</p>"}, "type": "desc"}, {"attributes": {}, "type": "return", "children": [{"attributes": {"text": "<p>unescaped string</p>"}, "type": "desc"}, {"attributes": {}, "type": "types", "children": [{"attributes": {"type": "String"}, "type": "entry"}]}]}]}]}]}