{"attributes": {"fullName": "qx.util.StringSplit", "packageName": "qx.util", "isStatic": true, "type": "bootstrap", "name": "StringSplit"}, "type": "class", "children": [{"attributes": {"text": "<p>Implements an <span class=\"caps\">ECMA</span>-compliant, uniform cross-browser split method</p>"}, "type": "desc"}, {"attributes": {}, "type": "methods-static", "children": [{"attributes": {"line": 55, "isStatic": true, "name": "split"}, "type": "method", "children": [{"attributes": {}, "type": "params", "children": [{"attributes": {"name": "str"}, "type": "param", "children": [{"attributes": {"text": "<p>Incoming string to split</p>"}, "type": "desc"}, {"attributes": {}, "type": "types", "children": [{"attributes": {"type": "String"}, "type": "entry"}]}]}, {"attributes": {"name": "separator"}, "type": "param", "children": [{"attributes": {"text": "<p>Specifies the character to use for separating the string. The separator is treated as a string or a  regular expression. If separator is omitted, the array returned contains one element consisting of the entire string.</p>"}, "type": "desc"}, {"attributes": {}, "type": "types", "children": [{"attributes": {"type": "RegExp"}, "type": "entry"}]}]}, {"attributes": {"optional": true, "name": "limit"}, "type": "param", "children": [{"attributes": {"text": "<p>Integer specifying a limit on the number of splits to be found.</p>"}, "type": "desc"}, {"attributes": {}, "type": "types", "children": [{"attributes": {"type": "Integer"}, "type": "entry"}]}]}]}, {"attributes": {"text": "<p><span class=\"caps\">ECMA</span>-compliant, uniform cross-browser split method</p>"}, "type": "desc"}, {"attributes": {}, "type": "return", "children": [{"attributes": {"text": "<p>split string</p>"}, "type": "desc"}, {"attributes": {}, "type": "types", "children": [{"attributes": {"type": "String", "dimensions": 1}, "type": "entry"}]}]}]}]}]}