{"attributes": {"name": "RingBuffer", "packageName": "qx.util", "superClass": "Object", "childClasses": "qx.log.appender.RingBuffer", "fullName": "qx.util.RingBuffer", "type": "bootstrap"}, "type": "class", "children": [{"attributes": {"text": "<p>An memory container which stores arbitrary data up to a maximum number of\nentries. When new entries come in an the maximum is reached, the oldest\nentries are deleted.</p>\n\n<p>A mark feature also exists which can be used to remember a point in time.\nWhen retrieving entriues, it is possible to get only those entries\nafter the marked time. This is useful if data from the buffer is extracted\nand processed. Whenever this happens, a mark() call can be used so that the\nnext extraction will only get new data.</p>"}, "type": "desc"}, {"attributes": {}, "type": "constructor", "children": [{"attributes": {"line": 42, "isCtor": true, "name": "ctor"}, "type": "method", "children": [{"attributes": {}, "type": "params", "children": [{"attributes": {"defaultValue": "50", "optional": true, "name": "maxEntries"}, "type": "param", "children": [{"attributes": {"text": "<p>Maximum number of entries in the buffer</p>"}, "type": "desc"}, {"attributes": {}, "type": "types", "children": [{"attributes": {"type": "Integer"}, "type": "entry"}]}]}]}, {"attributes": {"text": "<p>Constructor.</p>"}, "type": "desc"}]}]}, {"attributes": {}, "type": "methods", "children": [{"attributes": {"access": "private", "line": 216, "name": "__addToIndex"}, "type": "method", "children": [{"attributes": {}, "type": "params", "children": [{"attributes": {"name": "idx"}, "type": "param", "children": [{"attributes": {"text": "<p>The current index.</p>"}, "type": "desc"}, {"attributes": {}, "type": "types", "children": [{"attributes": {"type": "Number"}, "type": "entry"}]}]}, {"attributes": {"name": "addMe"}, "type": "param", "children": [{"attributes": {"text": "<p>The number to add.</p>"}, "type": "desc"}, {"attributes": {}, "type": "types", "children": [{"attributes": {"type": "Number"}, "type": "entry"}]}]}]}, {"attributes": {"text": "<p>Adds a number to an ringbuffer index. Does a modulus calculation,\ni. e. if the index leaves the ringbuffer space it will wrap around to\nthe other end of the ringbuffer.</p>"}, "type": "desc"}, {"attributes": {}, "type": "return", "children": [{"attributes": {"text": "<p>The new index</p>"}, "type": "desc"}, {"attributes": {}, "type": "types", "children": [{"attributes": {"type": "Number"}, "type": "entry"}]}]}]}, {"attributes": {"line": 99, "name": "addEntry"}, "type": "method", "children": [{"attributes": {}, "type": "params", "children": [{"attributes": {"name": "entry"}, "type": "param", "children": [{"attributes": {"text": "<p>The data to store</p>"}, "type": "desc"}, {"attributes": {}, "type": "types", "children": [{"attributes": {"type": "var"}, "type": "entry"}]}]}]}, {"attributes": {"text": "<p>Adds a single entry</p>"}, "type": "desc"}]}, {"attributes": {"line": 198, "name": "clear"}, "type": "method", "children": [{"attributes": {"text": "<p>Clears all entries</p>"}, "type": "desc"}]}, {"attributes": {"line": 131, "name": "clearMark"}, "type": "method", "children": [{"attributes": {"text": "<p>Removes the current mark position</p>"}, "type": "desc"}]}, {"attributes": {"line": 141, "name": "getAllEntries"}, "type": "method", "children": [{"attributes": {"text": "<p>Returns all stored entries. Mark is ignored.</p>"}, "type": "desc"}, {"attributes": {}, "type": "return", "children": [{"attributes": {"text": "<p>array of stored entries</p>"}, "type": "desc"}, {"attributes": {}, "type": "types", "children": [{"attributes": {"type": "Array"}, "type": "entry"}]}]}]}, {"attributes": {"line": 156, "name": "getEntries"}, "type": "method", "children": [{"attributes": {}, "type": "params", "children": [{"attributes": {"name": "count"}, "type": "param", "children": [{"attributes": {"text": "<p>The number of entries to retrieve. If there are more entries than the given count, the oldest ones will not be returned.</p>"}, "type": "desc"}, {"attributes": {}, "type": "types", "children": [{"attributes": {"type": "Integer"}, "type": "entry"}]}]}, {"attributes": {"defaultValue": "false", "optional": true, "name": "startingFromMark"}, "type": "param", "children": [{"attributes": {"text": "<p>If true, only entries since the last call to mark() will be returned</p>"}, "type": "desc"}, {"attributes": {}, "type": "types", "children": [{"attributes": {"type": "Boolean"}, "type": "entry"}]}]}]}, {"attributes": {"text": "<p>Returns entries which have been added previously.</p>"}, "type": "desc"}, {"attributes": {}, "type": "return", "children": [{"attributes": {"text": "<p>array of stored entries</p>"}, "type": "desc"}, {"attributes": {}, "type": "types", "children": [{"attributes": {"type": "Array"}, "type": "entry"}]}]}]}, {"attributes": {"line": 89, "name": "getMaxEntries"}, "type": "method", "children": [{"attributes": {"text": "<p>Get the maximum number of entries to hold</p>"}, "type": "desc"}, {"attributes": {}, "type": "return", "children": [{"attributes": {"text": ""}, "type": "desc"}, {"attributes": {}, "type": "types", "children": [{"attributes": {"type": "Integer"}, "type": "entry"}]}]}]}, {"attributes": {"line": 122, "name": "mark"}, "type": "method", "children": [{"attributes": {"text": "<p>Remembers the current position in the ring buffer</p>"}, "type": "desc"}]}, {"attributes": {"line": 77, "name": "setMaxEntries"}, "type": "method", "children": [{"attributes": {}, "type": "params", "children": [{"attributes": {"name": "maxEntries"}, "type": "param", "children": [{"attributes": {"text": "<p>the maximum number of messages to hold</p>"}, "type": "desc"}, {"attributes": {}, "type": "types", "children": [{"attributes": {"type": "Integer"}, "type": "entry"}]}]}]}, {"attributes": {"text": "<p>Set the maximum number of messages to hold. If null the number of\nmessages is not limited.</p>\n\n<p>Warning: Changing this property will clear the events logged so far.</p>"}, "type": "desc"}]}]}]}