{"attributes": {"group": "Widget", "name": "Widget", "packageName": "qx.ui.website", "superClass": "qxWeb", "childClasses": "qx.ui.website.Button,qx.ui.website.Calendar,qx.ui.website.DatePicker,qx.ui.website.Rating,qx.ui.website.Slider,qx.ui.website.Table,qx.ui.website.Tabs", "fullName": "qx.ui.website.Widget", "type": "bootstrap"}, "type": "class", "children": [{"attributes": {"text": "<p>This is the base collection for all widgets and offers a good foundation\nfor all widgets including enabled state handling, config and template storage\nand event handling to name a few key features.</p>"}, "type": "desc"}, {"attributes": {}, "type": "methods-static", "children": [{"attributes": {"line": 114, "isStatic": true, "name": "$offFirstCollection"}, "type": "method", "children": [{"attributes": {}, "type": "params", "children": [{"attributes": {"name": "type"}, "type": "param", "children": [{"attributes": {"text": "<p>Type of the event to listen for</p>"}, "type": "desc"}, {"attributes": {}, "type": "types", "children": [{"attributes": {"type": "String"}, "type": "entry"}]}]}, {"attributes": {"name": "listener"}, "type": "param", "children": [{"attributes": {"text": "<p>Listener callback</p>"}, "type": "desc"}, {"attributes": {}, "type": "types", "children": [{"attributes": {"type": "Function"}, "type": "entry"}]}]}, {"attributes": {"optional": true, "name": "ctx"}, "type": "param", "children": [{"attributes": {"text": "<p>Context the callback function will be executed in. Default: The element on which the listener was registered</p>"}, "type": "desc"}, {"attributes": {}, "type": "types", "children": [{"attributes": {"type": "Object"}, "type": "entry"}]}]}, {"attributes": {"optional": true, "name": "useCapture"}, "type": "param", "children": [{"attributes": {"text": "<p>Attach the listener to the capturing phase if true. Default: false</p>"}, "type": "desc"}, {"attributes": {}, "type": "types", "children": [{"attributes": {"type": "Boolean"}, "type": "entry"}]}]}]}, {"attributes": {"text": "<p>Removes a listener added with {@link #$onFirstCollection}.</p>"}, "type": "desc"}, {"attributes": {"targetMethod": "", "targetClass": "qxWeb", "sourceMethod": "$offFirstCollection", "sourceClass": "qx.ui.website.Widget"}, "type": "attach"}, {"attributes": {}, "type": "return", "children": [{"attributes": {"text": "<p>The collection for chaining</p>"}, "type": "desc"}, {"attributes": {}, "type": "types", "children": [{"attributes": {"type": "qxWeb"}, "type": "entry"}]}]}]}, {"attributes": {"line": 88, "isStatic": true, "name": "$onFirstCollection"}, "type": "method", "children": [{"attributes": {}, "type": "params", "children": [{"attributes": {"name": "type"}, "type": "param", "children": [{"attributes": {"text": "<p>Type of the event to listen for</p>"}, "type": "desc"}, {"attributes": {}, "type": "types", "children": [{"attributes": {"type": "String"}, "type": "entry"}]}]}, {"attributes": {"name": "listener"}, "type": "param", "children": [{"attributes": {"text": "<p>Listener callback</p>"}, "type": "desc"}, {"attributes": {}, "type": "types", "children": [{"attributes": {"type": "Function"}, "type": "entry"}]}]}, {"attributes": {"optional": true, "name": "ctx"}, "type": "param", "children": [{"attributes": {"text": "<p>Context the callback function will be executed in. Default: The element on which the listener was registered</p>"}, "type": "desc"}, {"attributes": {}, "type": "types", "children": [{"attributes": {"type": "Object"}, "type": "entry"}]}]}, {"attributes": {"optional": true, "name": "useCapture"}, "type": "param", "children": [{"attributes": {"text": "<p>Attach the listener to the capturing phase if true.</p>"}, "type": "desc"}, {"attributes": {}, "type": "types", "children": [{"attributes": {"type": "Boolean"}, "type": "entry"}]}]}]}, {"attributes": {"text": "<p>Special &#8216;on&#8217; method for qx.Website widgets that prevents memory\nleaks and duplicate listeners.</p>\n\n<p>During the lifetime of a widget, multiple collection instances can\nbe created for the same <span class=\"caps\">DOM</span> element. In the initialization of each\nof these widget collections, listeners can be attached using this method\nto prevent memory leaks and duplicate listeners.</p>\n\n<p>This is done by storing a reference to the collection the first time a\nlistener is attached. For subsequent listeners, this stored collection\nis used as the context. If the context object already has the new listener,\nit is not attached again. This means that new collections don&#8217;t create\nreferences to <span class=\"caps\">DOM</span> elements and don&#8217;t need to be disposed manually.</p>"}, "type": "desc"}, {"attributes": {"targetMethod": "", "targetClass": "qxWeb", "sourceMethod": "$onFirstCollection", "sourceClass": "qx.ui.website.Widget"}, "type": "attach"}, {"attributes": {}, "type": "return", "children": [{"attributes": {"text": "<p>The collection for chaining</p>"}, "type": "desc"}, {"attributes": {}, "type": "types", "children": [{"attributes": {"type": "qxWeb"}, "type": "entry"}]}]}]}, {"attributes": {"line": 59, "isStatic": true, "name": "create"}, "type": "method", "children": [{"attributes": {}, "type": "params", "children": [{"attributes": {"name": "html"}, "type": "param", "children": [{"attributes": {"text": "<p><span class=\"caps\">HTML</span> string or <span class=\"caps\">DOM</span> element(s)</p>"}, "type": "desc"}, {"attributes": {}, "type": "types", "children": [{"attributes": {"type": "String"}, "type": "entry"}, {"attributes": {"type": "Element", "dimensions": 1}, "type": "entry"}]}]}]}, {"attributes": {"text": "<p>Creates a new collection from the given argument. This can either be an\n<span class=\"caps\">HTML</span> string, a single <span class=\"caps\">DOM</span> element or an array of elements</p>"}, "type": "desc"}, {"attributes": {}, "type": "return", "children": [{"attributes": {"text": "<p>Collection of elements</p>"}, "type": "desc"}, {"attributes": {}, "type": "types", "children": [{"attributes": {"type": "qxWeb"}, "type": "entry"}]}]}]}, {"attributes": {"line": 133, "isStatic": true, "name": "initWidgets"}, "type": "method", "children": [{"attributes": {}, "type": "params", "children": [{"attributes": {"optional": true, "name": "selector"}, "type": "param", "children": [{"attributes": {"text": "<p>Optional selector expression or filter function to restrict the list of elements</p>"}, "type": "desc"}, {"attributes": {}, "type": "types", "children": [{"attributes": {"type": "String"}, "type": "entry"}]}]}]}, {"attributes": {"text": "<p>Fetches elements with a data attribute named <code>data-qx-class</code>\ncontaining the class name of the desired widget and initializes them as\nwidgets.</p>"}, "type": "desc"}, {"attributes": {"targetMethod": "", "targetClass": "qxWeb", "sourceMethod": "initWidgets", "sourceClass": "qx.ui.website.Widget"}, "type": "attachStatic"}]}, {"attributes": {"line": 45, "isStatic": true, "name": "widget"}, "type": "method", "children": [{"attributes": {"text": "<p>Factory method for the widget which converts a standard\ncollection into a collection of widgets.</p>"}, "type": "desc"}, {"attributes": {}, "type": "return", "children": [{"attributes": {"text": "<p>A collection of widgets.</p>"}, "type": "desc"}, {"attributes": {}, "type": "types", "children": [{"attributes": {"type": "qx.ui.website.Widget"}, "type": "entry"}]}]}, {"attributes": {"targetMethod": "", "targetClass": "qxWeb", "sourceMethod": "widget", "sourceClass": "qx.ui.website.Widget"}, "type": "attach"}]}]}, {"attributes": {}, "type": "constructor", "children": [{"attributes": {"docFrom": "qxWeb", "line": 145, "isCtor": true, "overriddenFrom": "qxWeb", "name": "ctor"}, "type": "method", "children": [{"attributes": {}, "type": "params", "children": [{"attributes": {"name": "selector"}, "type": "param"}, {"attributes": {"name": "context"}, "type": "param"}]}]}]}, {"attributes": {}, "type": "methods", "children": [{"attributes": {"access": "protected", "line": 304, "name": "_getData"}, "type": "method", "children": [{"attributes": {}, "type": "params", "children": [{"attributes": {"name": "type"}, "type": "param", "children": [{"attributes": {"text": "<p>Either <code>templates</code> or <code>config</code>.</p>"}, "type": "desc"}, {"attributes": {}, "type": "types", "children": [{"attributes": {"type": "String"}, "type": "entry"}]}]}, {"attributes": {"name": "name"}, "type": "param", "children": [{"attributes": {"text": "<p>The name for the value to fetch.</p>"}, "type": "desc"}, {"attributes": {}, "type": "types", "children": [{"attributes": {"type": "String"}, "type": "entry"}]}]}]}, {"attributes": {"text": "<p>Internal helper for querying the values for templates and configs. In the\ncase of a config value, the method also reads the corresponding data-attribute\nfor possible values.</p>"}, "type": "desc"}, {"attributes": {}, "type": "return", "children": [{"attributes": {"text": "<p>The value store for the given arguments.</p>"}, "type": "desc"}, {"attributes": {}, "type": "types", "children": [{"attributes": {"type": "var"}, "type": "entry"}]}]}]}, {"attributes": {"access": "protected", "line": 257, "name": "_setData"}, "type": "method", "children": [{"attributes": {}, "type": "params", "children": [{"attributes": {"name": "type"}, "type": "param", "children": [{"attributes": {"text": "<p>Either <code>templates</code> or <code>config</code>.</p>"}, "type": "desc"}, {"attributes": {}, "type": "types", "children": [{"attributes": {"type": "String"}, "type": "entry"}]}]}, {"attributes": {"name": "name"}, "type": "param", "children": [{"attributes": {"text": "<p>The name for the value to store.</p>"}, "type": "desc"}, {"attributes": {}, "type": "types", "children": [{"attributes": {"type": "String"}, "type": "entry"}]}]}, {"attributes": {"name": "data"}, "type": "param", "children": [{"attributes": {"text": "<p>The data to store.</p>"}, "type": "desc"}, {"attributes": {}, "type": "types", "children": [{"attributes": {"type": "var"}, "type": "entry"}]}]}]}, {"attributes": {"text": "<p>Helper to set either config or template values.</p>"}, "type": "desc"}, {"attributes": {}, "type": "return", "children": [{"attributes": {"text": "<p>The widget instance for chaining.</p>"}, "type": "desc"}, {"attributes": {}, "type": "types", "children": [{"attributes": {"type": "qx.ui.website.Widget"}, "type": "entry"}]}]}]}, {"attributes": {"line": 354, "name": "dispose"}, "type": "method", "children": [{"attributes": {"text": "<p>Dispose the widget, making sure all objects are ready for\ngarbage collection. This mainly means deleting connections to the\n<span class=\"caps\">DOM</span> including event listeners.</p>"}, "type": "desc"}, {"attributes": {}, "type": "return", "children": [{"attributes": {"text": "<p>Plain qxWeb collection</p>"}, "type": "desc"}, {"attributes": {}, "type": "types", "children": [{"attributes": {"type": "qxWeb"}, "type": "entry"}]}]}]}, {"attributes": {"line": 290, "name": "getConfig"}, "type": "method", "children": [{"attributes": {}, "type": "params", "children": [{"attributes": {"name": "name"}, "type": "param", "children": [{"attributes": {"text": "<p>The name of the config.</p>"}, "type": "desc"}, {"attributes": {}, "type": "types", "children": [{"attributes": {"type": "String"}, "type": "entry"}]}]}]}, {"attributes": {"text": "<p>Returns the config setting currently in use for the given widget.\nThis can either be the user set config value, the value set in\nthe markup via data-attribute, the widgets default config value or\n<code>undefined</code>, if non is set.</p>"}, "type": "desc"}, {"attributes": {}, "type": "return", "children": [{"attributes": {"text": "<p>The value of the config or <code>undefined</code>.</p>"}, "type": "desc"}, {"attributes": {}, "type": "types", "children": [{"attributes": {"type": "var"}, "type": "entry"}]}]}]}, {"attributes": {"line": 178, "name": "getCssPrefix"}, "type": "method", "children": [{"attributes": {"text": "<p>Return the proper <span class=\"caps\">CSS</span> prefix for the current widget. This prefix is\nbased on the current classname.</p>"}, "type": "desc"}, {"attributes": {}, "type": "return", "children": [{"attributes": {"text": "<p>The <span class=\"caps\">CSS</span> prefix for the current object.</p>"}, "type": "desc"}, {"attributes": {}, "type": "types", "children": [{"attributes": {"type": "String"}, "type": "entry"}]}]}]}, {"attributes": {"line": 207, "name": "getEnabled"}, "type": "method", "children": [{"attributes": {"text": "<p>Returns weather the first widget in the collection is enabled or not.</p>"}, "type": "desc"}, {"attributes": {}, "type": "return", "children": [{"attributes": {"text": "<p>The enabled state of the collection.</p>"}, "type": "desc"}, {"attributes": {}, "type": "types", "children": [{"attributes": {"type": "Boolean"}, "type": "entry"}]}]}]}, {"attributes": {"line": 276, "name": "getTemplate"}, "type": "method", "children": [{"attributes": {}, "type": "params", "children": [{"attributes": {"name": "name"}, "type": "param", "children": [{"attributes": {"text": "<p>The name of the template.</p>"}, "type": "desc"}, {"attributes": {}, "type": "types", "children": [{"attributes": {"type": "String"}, "type": "entry"}]}]}]}, {"attributes": {"text": "<p>Returns the used template. This includes custom templates\nas the default templates defined by the widgets.</p>"}, "type": "desc"}, {"attributes": {}, "type": "return", "children": [{"attributes": {"text": "<p>The template string or <code>undefined</code>.</p>"}, "type": "desc"}, {"attributes": {}, "type": "types", "children": [{"attributes": {"type": "String"}, "type": "entry"}]}]}]}, {"attributes": {"line": 160, "name": "init"}, "type": "method", "children": [{"attributes": {"text": "<p>Responsible for initializing of the widget. This checks for the data attribute\nnamed <code>data-qx-class</code> and initializes the widget if necessary.</p>"}, "type": "desc"}, {"attributes": {}, "type": "return", "children": [{"attributes": {"text": "<code>true</code> if the widget has been initialized"}, "type": "desc"}, {"attributes": {}, "type": "types", "children": [{"attributes": {"type": "Boolean"}, "type": "entry"}]}]}]}, {"attributes": {"line": 342, "name": "render"}, "type": "method", "children": [{"attributes": {"text": "<p>The render method is responsible for applying changed config\nand template settings. This method is usually overridden and specified\nby the subclassing widgets like the slider or tabs.</p>"}, "type": "desc"}, {"attributes": {}, "type": "return", "children": [{"attributes": {"text": "<p>The widget collection for chaining.</p>"}, "type": "desc"}, {"attributes": {}, "type": "types", "children": [{"attributes": {"type": "qx.ui.website.Widget"}, "type": "entry"}]}]}]}, {"attributes": {"line": 244, "name": "setConfig"}, "type": "method", "children": [{"attributes": {}, "type": "params", "children": [{"attributes": {"name": "name"}, "type": "param", "children": [{"attributes": {"text": "<p>The name of the config setting.</p>"}, "type": "desc"}, {"attributes": {}, "type": "types", "children": [{"attributes": {"type": "String"}, "type": "entry"}]}]}, {"attributes": {"name": "config"}, "type": "param", "children": [{"attributes": {"text": "<p>The value of the config setting.</p>"}, "type": "desc"}, {"attributes": {}, "type": "types", "children": [{"attributes": {"type": "var"}, "type": "entry"}]}]}]}, {"attributes": {"text": "<p>Setter for the widget-specific config. The available config settings can\nbe found in the documentation of the corresponding widget. Each config\nsetting can be set in the markup as data-attribute, prefixed with\n<code>data-qx</code> e.g. <code>data-qx-length=&#8220;5&#8221;</code>.</p>\n\n<p>Please keep in mind to call {@link #render} after you change any\ntemplate or config setting.</p>"}, "type": "desc"}, {"attributes": {}, "type": "return", "children": [{"attributes": {"text": "<p>The widget instance for chaining.</p>"}, "type": "desc"}, {"attributes": {}, "type": "types", "children": [{"attributes": {"type": "qx.ui.website.Widget"}, "type": "entry"}]}]}]}, {"attributes": {"line": 195, "name": "setEnabled"}, "type": "method", "children": [{"attributes": {}, "type": "params", "children": [{"attributes": {"name": "value"}, "type": "param", "children": [{"attributes": {"text": "<p>The enabled value.</p>"}, "type": "desc"}, {"attributes": {}, "type": "types", "children": [{"attributes": {"type": "Boolean"}, "type": "entry"}]}]}]}, {"attributes": {"text": "<p>Changes the enabled state of the current collection, which means all\nwidgets in the collection. This sets the disabled attribute on the\nelements and all its children.</p>"}, "type": "desc"}, {"attributes": {}, "type": "return", "children": [{"attributes": {"text": "<p>The collection for chaining</p>"}, "type": "desc"}, {"attributes": {}, "type": "types", "children": [{"attributes": {"type": "qx.ui.website.Widget"}, "type": "entry"}]}]}]}, {"attributes": {"line": 226, "name": "setTemplate"}, "type": "method", "children": [{"attributes": {}, "type": "params", "children": [{"attributes": {"name": "name"}, "type": "param", "children": [{"attributes": {"text": "<p>The name of the template.</p>"}, "type": "desc"}, {"attributes": {}, "type": "types", "children": [{"attributes": {"type": "String"}, "type": "entry"}]}]}, {"attributes": {"name": "template"}, "type": "param", "children": [{"attributes": {"text": "<p>The template string.</p>"}, "type": "desc"}, {"attributes": {}, "type": "types", "children": [{"attributes": {"type": "String"}, "type": "entry"}]}]}]}, {"attributes": {"text": "<p>Setter for the widget-specific templates. The available templates can\nbe found in the documentation of the corresponding widget. The templates\nwill be rendered using\n<a href=\"https://github.com/janl/mustache.js/\">mustache.js</a>.</p>\n\n<p>Please keep in mind to call {@link #render} after you change any\ntemplate or config setting.</p>"}, "type": "desc"}, {"attributes": {}, "type": "return", "children": [{"attributes": {"text": "<p>The widget instance for chaining.</p>"}, "type": "desc"}, {"attributes": {}, "type": "types", "children": [{"attributes": {"type": "qx.ui.website.Widget"}, "type": "entry"}]}]}]}]}]}