{"attributes": {"fullName": "qx.xml.Document", "packageName": "qx.xml", "isStatic": true, "type": "bootstrap", "name": "Document"}, "type": "class", "children": [{"attributes": {"text": "<p>Cross browser <span class=\"caps\">XML</span> document creation <span class=\"caps\">API</span></p>\n\n<p>The main purpose of this class is to allow you to create <span class=\"caps\">XML</span> document objects in a\ncross-browser fashion. Use <code>create</code> to create an empty document,\n<code>fromString</code> to create one from an existing <span class=\"caps\">XML</span> text. Both methods\nreturn a <strong>native <span class=\"caps\">DOM</span> object</strong>. That means you use standard <span class=\"caps\">DOM</span> methods on such\nan object (e.g. <code>createElement</code>).</p>\n\n<p>The following links provide further information on <span class=\"caps\">XML</span> documents:</p>\n\n<ul>\n<li><a href=\"http://www.w3.org/TR/DOM-Level-2-Core/core.html#i-Document\">W3C Interface Specification</a></li>\n<li><a href=\"http://msdn2.microsoft.com/en-us/library/ms535918.aspx\">MS xml Object</a></li>\n<li><a href=\"http://msdn2.microsoft.com/en-us/library/ms764622.aspx\"><span class=\"caps\">MSXML</span> GUIDs and ProgIDs</a></li>\n<li><a href=\"https://developer.mozilla.org/en-US/docs/Parsing_and_serializing_XML\"><span class=\"caps\">MDN</span> Parsing and Serializing <span class=\"caps\">XML</span></a></li>\n</ul>"}, "type": "desc"}, {"attributes": {}, "type": "constants", "children": [{"attributes": {"type": "Null", "name": "DOMDOC", "value": "null"}, "type": "constant", "children": [{"attributes": {"text": "<p>ActiveX class name of DOMDocument (IE specific)</p>"}, "type": "desc"}, {"attributes": {}, "type": "types", "children": [{"attributes": {"type": "String"}, "type": "entry"}]}]}, {"attributes": {"type": "Null", "name": "XMLHTTP", "value": "null"}, "type": "constant", "children": [{"attributes": {"text": "<p>ActiveX class name of XMLHttpRequest (IE specific)</p>"}, "type": "desc"}, {"attributes": {}, "type": "types", "children": [{"attributes": {"type": "String"}, "type": "entry"}]}]}]}, {"attributes": {}, "type": "methods-static", "children": [{"attributes": {"line": 77, "isStatic": true, "name": "create"}, "type": "method", "children": [{"attributes": {}, "type": "params", "children": [{"attributes": {"defaultValue": "null", "optional": true, "name": "namespaceUri"}, "type": "param", "children": [{"attributes": {"text": "<p>The namespace <span class=\"caps\">URI</span> of the document element to create or null.</p>"}, "type": "desc"}, {"attributes": {}, "type": "types", "children": [{"attributes": {"type": "String"}, "type": "entry"}]}]}, {"attributes": {"defaultValue": "null", "optional": true, "name": "qualifiedName"}, "type": "param", "children": [{"attributes": {"text": "<p>The qualified name of the document element to be created or null.</p>"}, "type": "desc"}, {"attributes": {}, "type": "types", "children": [{"attributes": {"type": "String"}, "type": "entry"}]}]}]}, {"attributes": {"text": "<p>Create an <span class=\"caps\">XML</span> document.</p>\n\n<p>Returns a native <span class=\"caps\">DOM</span> document object, set up for <span class=\"caps\">XML</span>.</p>"}, "type": "desc"}, {"attributes": {}, "type": "return", "children": [{"attributes": {"text": "<p>empty <span class=\"caps\">XML</span> object</p>"}, "type": "desc"}, {"attributes": {}, "type": "types", "children": [{"attributes": {"type": "Document"}, "type": "entry"}]}]}]}, {"attributes": {"line": 121, "isStatic": true, "name": "fromString"}, "type": "method", "children": [{"attributes": {}, "type": "params", "children": [{"attributes": {"name": "str"}, "type": "param", "children": [{"attributes": {"text": "<p>the string to be parsed</p>"}, "type": "desc"}, {"attributes": {}, "type": "types", "children": [{"attributes": {"type": "String"}, "type": "entry"}]}]}]}, {"attributes": {"text": "<p>The string passed in is parsed into a <span class=\"caps\">DOM</span> document.</p>"}, "type": "desc"}, {"attributes": {}, "type": "return", "children": [{"attributes": {"text": "<p><span class=\"caps\">XML</span> document with given content</p>"}, "type": "desc"}, {"attributes": {}, "type": "types", "children": [{"attributes": {"type": "Document"}, "type": "entry"}]}]}]}, {"attributes": {"line": 56, "isStatic": true, "name": "isXmlDocument"}, "type": "method", "children": [{"attributes": {}, "type": "params", "children": [{"attributes": {"name": "elem"}, "type": "param", "children": [{"attributes": {"text": "<p>Any <span class=\"caps\">DOM</span> Document or Element</p>"}, "type": "desc"}, {"attributes": {}, "type": "types", "children": [{"attributes": {"type": "Document"}, "type": "entry"}, {"attributes": {"type": "Element"}, "type": "entry"}]}]}]}, {"attributes": {"text": "<p>Whether the given element is a <span class=\"caps\">XML</span> document or element\nwhich is part of a <span class=\"caps\">XML</span> document.</p>"}, "type": "desc"}, {"attributes": {}, "type": "return", "children": [{"attributes": {"text": "<p>Whether the document is a <span class=\"caps\">XML</span> document</p>"}, "type": "desc"}, {"attributes": {}, "type": "types", "children": [{"attributes": {"type": "Boolean"}, "type": "entry"}]}]}]}]}]}