{
  "info" :
  {
    "name" : "${Name}",
    "category" : [],

    "summary" : "${Name} Contribution",
    "description" : "This is a skeleton for a qooxdoo contribution.",

    "homepage" : "http://contrib.qooxdoo.org/project/${Name}",

    "license" : "LGPL/EPL",
    "authors" :
    [
      {
        "name" : "First Author (uid)",
        "email" : "first.author@some.domain"
      }
    ],

    "version" : "trunk",
    "qooxdoo-versions": ["${QOOXDOO_VERSION}"],

    "download" : "",
    "checksum" : ""
  },

  "provides" :
  {
    "namespace"   : "${Namespace}",
    "encoding"    : "utf-8",
    "class"       : "source/class",
    "resource"    : "source/resource",
    "translation" : "source/translation",
    "type"        : "contribution"
  }
}

