{
  "name"    : "${Name}",

  "include" :
  [
    {
      "path" : "$${WEBSITE}/website.json"
    }
  ],

  "export" :
  [
    "api",
    "api-data",
    "build",
    "build-min",
    "build-module-all",
    "build-module-all-min",
    "clean",
    "distclean",
    "info",
    "test",
    "test-source",
    "validate-config"
  ],

  "default-job" : "build-min",

  "config-warnings" :
  {
    "job-shadowing" : ["api", "test"]
  },

  "let" :
  {
    "APPLICATION"  : "${Namespace}",
    "QOOXDOO_PATH" : "${REL_QOOXDOO_PATH}",
    "QFILES_VERSION_PART" : "-$${QOOXDOO_VERSION}", // let the build* outputs contain version in fname
    "WEBSITE"      : "$${QOOXDOO_PATH}/component/standalone/website",
    "CACHE"        : "${Cache}",
    "ROOT"         : "."
  },

  // You only need to edit the remainder of this file, if you want to customize
  // specific jobs, or add own job definitions.

  "jobs" :
  {
    "api" :
    {
      "let" :
      {
        "QFILES_VERSION_PART": ""
      },
      "run" : ["api-files"]
    },

    "api-files" :
    {
      "extend" : ["cache"],
      "copy-files" :
      {
        "files" :
        [
          "api.css",
          "batch-icons-webfont.*",
          "default.highlight.css",
          "fiddleframe.html",
          "highlight.LICENSE",
          "highlight.pack.js",
          "index.html",
          "jsfiddle-logo_small.png",
          "samples",
          "viewer.js"
        ],
        "source" : "$${WEBSITE}/api",
        "target" : "api"
      }
    },

    "test" :
    {
      "let" :
      {
        "QFILES_VERSION_PART": ""
      }
    }
  }
}

